CCSDS_OEM_VERS = 2.0
COMMENT 
CREATION_DATE = 2026-04-08T01:49:15
ORIGINATOR = NASA/JSC/FOD/FDO
 
META_START
OBJECT_NAME = EM2
OBJECT_ID = 24
CENTER_NAME = EARTH
REF_FRAME = EME2000
TIME_SYSTEM = UTC
START_TIME = 2026-04-02T01:57:37.084
USEABLE_START_TIME = 2026-04-02T01:57:37.084
USEABLE_STOP_TIME = 2026-04-10T23:54:08.571
STOP_TIME = 2026-04-10T23:54:08.571
META_STOP
 
 
COMMENT 
 
2026-04-02T01:57:37.084 -24468.231698271986 -12677.926410379976 -6901.348388602915 -1.83796863689585 -3.41722647280823 -1.84782351579474
2026-04-02T01:58:42.787 -24588.078986612403 -12901.972754690179 -7022.496964210427 -1.81029126296756 -3.40279453591778 -1.83996653511421
2026-04-02T02:03:39.337 -25107.400003889667 -13901.530356086909 -7563.003976432445 -1.69292924541603 -3.33884282865911 -1.80538036530162
2026-04-02T02:07:39.337 -25502.919460761637 -14696.800884966640 -7993.002753099913 -1.60404842317362 -3.28863172598082 -1.77806409241313
2026-04-02T02:11:39.337 -25877.790558699799 -15480.178080092521 -8416.532276890870 -1.52076178600230 -3.23972655085335 -1.75146688419332
2026-04-02T02:15:39.337 -26233.288662562507 -16251.971364545645 -8833.762790310579 -1.44252179463790 -3.19209289695149 -1.72556875119944
2026-04-02T02:19:39.337 -26570.566429055059 -17012.481235519252 -9244.859400497797 -1.36885138854854 -3.14569120579919 -1.70034710817144
2026-04-02T02:23:39.337 -26890.669352806915 -17761.998297702718 -9649.981598283575 -1.29933295361152 -3.10047889574182 -1.67577789394250
2026-04-02T02:27:39.337 -27194.548914706360 -18500.802729777537 -10049.283004678044 -1.23359929556338 -3.05641187613502 -1.65183636484991
2026-04-02T02:31:39.337 -27483.073762448676 -19229.164058338698 -10442.911278088342 -1.17132620838966 -3.01344561905894 -1.62849765355852
2026-04-02T02:35:39.337 -27757.039266311665 -19947.341148580796 -10831.008134245007 -1.11222631957868 -2.97153591113989 -1.60573715861410
2026-04-02T02:39:39.337 -28017.175725627811 -20655.582346095518 -11213.709444131988 -1.05604396421428 -2.93063937333682 -1.58353081148742
2026-04-02T02:43:39.337 -28264.155448578560 -21354.125722107972 -11591.145384779997 -1.00255089317483 -2.89071381208324 -1.56185525480558
2026-04-02T02:47:39.337 -28498.598886314561 -22043.199387489760 -11963.440624694367 -0.95154266153771 -2.85171844779029 -1.54068795619239
2026-04-02T02:51:39.337 -28721.079969410770 -22723.021850352445 -12330.714530709931 -0.90283557479030 -2.81361405427057 -1.52000727550556
2026-04-02T02:55:39.337 -28932.130768347295 -23393.802398944419 -12693.081386730039 -0.85626409491287 -2.77636303366797 -1.49979249848013
2026-04-02T02:59:39.337 -29132.245578590078 -24055.741496651928 -13050.650617491425 -0.81167862752077 -2.73992944496689 -1.48002384632346
2026-04-02T03:03:39.337 -29321.884513806257 -24709.031179642661 -13403.527012468687 -0.76894362629042 -2.70427899940127 -1.46068246828207
2026-04-02T03:07:39.337 -29501.476676925322 -25353.855450447376 -13751.810946483525 -0.72793596278872 -2.66937903259686 -1.44175042235008
2026-04-02T03:09:34.583 -29584.090239437690 -25660.573914827251 -13917.498756940540 -0.70684323060842 -2.65305448821574 -1.43295930813577
2026-04-02T03:11:19.583 -29657.408571253331 -25938.361600590775 -14067.534765394761 -0.68974560893578 -2.63816178355037 -1.42488155803236
2026-04-02T03:13:04.583 -29728.947001036147 -26214.592520908958 -14216.726408913339 -0.67293896147394 -2.62340141027544 -1.41687594566352
2026-04-02T03:14:49.583 -29798.735654047097 -26489.280444631360 -14365.081192911035 -0.65641520662985 -2.60877097826024 -1.40894116075055
2026-04-02T03:16:34.583 -29866.803823199047 -26762.438892413342 -14512.606486759405 -0.64016656924286 -2.59426814995564 -1.40107592217400
2026-04-02T03:18:19.583 -29933.180000458586 -27034.081142182851 -14659.309526817224 -0.62418556599327 -2.57989063935729 -1.39327897737656
2026-04-02T03:20:04.583 -29997.891906759905 -27304.220234497538 -14805.197419397911 -0.60846499164231 -2.56563621095436 -1.38554910176032
2026-04-02T03:21:49.583 -30060.966520515100 -27572.868977790964 -14950.277143673484 -0.59299790604892 -2.55150267866932 -1.37788509808116
2026-04-02T03:23:34.583 -30122.430104799783 -27840.039953507225 -15094.555554514880 -0.57777762191231 -2.53748790479334 -1.37028579584270
2026-04-02T03:25:19.583 -30182.308233287680 -28105.745521123757 -15238.039385268721 -0.56279769319333 -2.52358979892145 -1.36275005069190
2026-04-02T03:26:23.739 -30217.259953328045 -28267.397517424390 -15325.346855768574 -0.53853142201022 -2.51550822782002 -1.35863601475565
2026-04-02T03:30:56.675 -30359.520711991048 -28948.953144727180 -15695.356570808777 -0.50135696235919 -2.48001755796993 -1.34007649960255
2026-04-02T03:34:56.675 -30476.012173841893 -29540.480900784227 -16014.981575033309 -0.46958751901247 -2.44947218630845 -1.32351515480012
2026-04-02T03:38:56.675 -30585.007791261149 -30124.742998100221 -16330.667358536939 -0.43888160803122 -2.41946689890042 -1.30724774700717
2026-04-02T03:42:56.675 -30686.755804808850 -30701.866576060194 -16642.483111328787 -0.40918157699932 -2.38998119210333 -1.29126307902730
2026-04-02T03:46:56.675 -30781.491135150205 -31271.973973341304 -16950.495402109500 -0.38043401072759 -2.36099555446250 -1.27555049870238
2026-04-02T03:50:56.675 -30869.436352536057 -31835.182959508667 -17254.768305450583 -0.35258934331928 -2.33249141269560 -1.26009986889352
2026-04-02T03:54:56.675 -30950.802558355550 -32391.606953937160 -17555.363521936946 -0.32560151242437 -2.30445108011064 -1.24490153886871
2026-04-02T03:58:56.675 -31025.790188236700 -32941.355232654249 -17852.340491614843 -0.29942765040361 -2.27685770753784 -1.22994631712923
2026-04-02T04:02:56.675 -31094.589744995239 -33484.533123710578 -18145.756501091080 -0.27402780786641 -2.24969523679461 -1.21522544567494
2026-04-02T04:06:56.675 -31157.382468720923 -34021.242191683938 -18435.666784626519 -0.24936470567392 -2.22294835665815 -1.20073057568637
2026-04-02T04:10:56.675 -31214.340950417914 -34551.580411912109 -18722.124619559585 -0.22540351203024 -2.19660246128882 -1.18645374458518
2026-04-02T04:14:56.675 -31265.629694860974 -35075.642335033728 -19005.181416384890 -0.20211164173588 -2.17064361102534 -1.17238735442419
2026-04-02T04:18:56.675 -31311.405637674354 -35593.519242395327 -19284.886803799451 -0.17945857506226 -2.14505849545848 -1.15852415155084
2026-04-02T04:22:56.675 -31351.818621070866 -36105.299292859367 -19561.288709014956 -0.15741569403461 -2.11983439868078 -1.14485720748391
2026-04-02T04:26:56.675 -31387.011832192162 -36611.067661522582 -19834.433433619830 -0.13595613419190 -2.09495916660502 -1.13137990094132
2026-04-02T04:30:56.675 -31417.122207557513 -37110.906670828095 -20104.365725259820 -0.11505465013449 -2.07042117624225 -1.11808590095636
2026-04-02T04:34:56.675 -31442.280806748520 -37604.895914528533 -20371.128845390904 -0.09468749337805 -2.04620930683054 -1.10496915102028
2026-04-02T04:38:56.675 -31462.613158123720 -38093.112374931392 -20634.764633343475 -0.07483230121223 -2.02231291270781 -1.09202385419086
2026-04-02T04:42:56.675 -31478.239579063822 -38575.630533832809 -20895.313566922650 -0.05546799541799 -1.99872179782489 -1.07924445910824
2026-04-02T04:46:56.675 -31489.275472989786 -39052.522477521241 -21152.814819755615 -0.03657468983238 -1.97542619179920 -1.06662564686212
2026-04-02T04:50:56.675 -31495.831605167667 -39523.857996209321 -21407.306315583879 -0.01813360586676 -1.95241672741357 -1.05416231865676
2026-04-02T04:54:56.675 -31498.014359112138 -39989.704678229755 -21658.824779685769 -0.00012699518667 -1.92968441946957 -1.04184958422309
2026-04-02T04:58:56.675 -31495.925975221497 -40450.127999309909 -21907.405787602664 0.01746193114926 -1.90722064490945 -1.02968275093001
2026-04-02T05:02:56.675 -31489.664773117882 -40905.191407219732 -22153.083811331300 0.03464906771623 -1.88501712412563 -1.01765731354974
2026-04-02T05:06:56.675 -31479.325359024908 -41354.956402068805 -22395.892263133992 0.05144947447205 -1.86306590338149 -1.00576894463484
2026-04-02T05:10:56.675 -31464.998819388784 -41799.482612510525 -22635.863537108715 0.06787743172421 -1.84135933827188 -0.99401348546707
2026-04-02T05:14:56.675 -31446.772901836292 -42238.827868094791 -22873.029048651806 0.08394649075857 -1.81989007815602 -0.98238693754096
2026-04-02T05:18:56.675 -31424.732184462391 -42673.048267995007 -23107.419271937375 0.09966952052658 -1.79865105150030 -0.97088545454719
2026-04-02T05:22:56.675 -31398.958234349921 -43102.198246320571 -23339.063775529419 0.11505875074662 -1.77763545207177 -0.95950533482331
2026-04-02T05:26:56.675 -31369.529756142980 -43526.330634212391 -23567.991256235167 0.13012581173895 -1.75683672592791 -0.94824301424148
2026-04-02T05:30:56.675 -31336.522731422927 -43945.496718906317 -23794.229571301039 0.14488177128124 -1.73624855915103 -0.93709505950492
2026-04-02T05:34:56.675 -31300.010549570430 -44359.746299937426 -24017.805769046176 0.15933716874327 -1.71586486627982 -0.92605816182667
2026-04-02T05:38:56.675 -31260.064130738170 -44769.127742646961 -24238.746118022245 0.17350204673370 -1.69567977939328 -0.91512913096615
2026-04-02T05:42:56.675 -31216.752041505602 -45173.688029143603 -24457.076134782674 0.18738598046953 -1.67568763780558 -0.90430488960054
2026-04-02T05:46:56.675 -31170.140603739139 -45573.472806860867 -24672.820610339022 0.20099810505827 -1.65588297833310 -0.89358246800969
2026-04-02T05:50:56.675 -31120.293997137673 -45968.526434843625 -24886.003635377379 0.21434714086513 -1.63626052609747 -0.88295899905467
2026-04-02T05:54:56.675 -31067.274355904025 -46358.892027888294 -25096.648624302965 0.22744141712128 -1.61681518583108 -0.87243171343149
2026-04-02T05:58:56.675 -31011.141859947202 -46744.611498653503 -25304.778338176919 0.24028889391471 -1.59754203365362 -0.86199793518270
2026-04-02T06:02:56.675 -30951.954820987925 -47125.725597850658 -25510.414906605198 0.25289718269249 -1.57843630929043 -0.85165507745077
2026-04-02T06:06:56.675 -30889.769763910437 -47502.273952617245 -25713.579848635789 0.26527356539138 -1.55949340870534 -0.84140063845837
2026-04-02T06:10:56.675 -30824.641503676823 -47874.295103169134 -25914.294092717009 0.27742501230346 -1.54070887712273 -0.83123219770148
2026-04-02T06:14:56.675 -30756.623218095556 -48241.826537822562 -26112.577995766391 0.28935819877381 -1.52207840241492 -0.82114741234242
2026-04-02T06:18:56.675 -30685.766516713800 -48604.904726470631 -26308.451361396652 0.30107952081915 -1.50359780883284 -0.81114401379054
2026-04-02T06:22:56.675 -30612.121506082567 -48963.565152594339 -26501.933457342417 0.31259510974829 -1.48526305105941 -0.80121980445935
2026-04-02T06:26:56.675 -30535.736851625261 -49317.842343883167 -26693.043032128742 0.32391084585854 -1.46707020856615 -0.79137265468943
2026-04-02T06:30:56.675 -30456.659836323121 -49667.769901535845 -26881.798331020062 0.33503237127604 -1.44901548025521 -0.78160049982731
2026-04-02T06:34:56.675 -30374.936416415454 -50013.380528307782 -27068.217111285845 0.34596510200206 -1.43109517936994 -0.77190133745109
2026-04-02T06:38:56.675 -30290.611274298280 -50354.706055367613 -27252.316656817129 0.35671423922238 -1.41330572865813 -0.76227322473415
2026-04-02T06:42:56.675 -30203.727868791870 -50691.777468021843 -27434.113792126125 0.36728477993216 -1.39564365577352 -0.75271427593889
2026-04-02T06:46:56.675 -30114.328482935609 -51024.624930362988 -27613.624895759152 0.37768152692435 -1.37810558890149 -0.74322266003306
2026-04-02T06:50:56.675 -30022.454269457550 -51353.277808893552 -27790.865913151498 0.38790909818607 -1.36068825259632 -0.73379659842155
2026-04-02T06:54:56.675 -29928.145294055776 -51677.764695175072 -27965.852368951095 0.39797193574353 -1.34338846381786 -0.72443436278703
2026-04-02T06:58:56.675 -29831.440576619341 -51998.113427548778 -28138.599378836403 0.40787431399331 -1.32620312815629 -0.71513427303335
2026-04-02T07:02:56.675 -29732.378130507885 -52314.351111971722 -28309.121660852441 0.41762034755448 -1.30912923623454 -0.70589469532585
2026-04-02T07:06:56.675 -29630.995000000989 -52626.504142009770 -28477.433546287593 0.42721399867358 -1.29216386027831 -0.69671404022320
2026-04-02T07:10:56.675 -29527.327296021023 -52934.598218026593 -28643.548990112507 0.43665908421214 -1.27530415084450 -0.68759076089560
2026-04-02T07:14:56.675 -29421.410230226338 -53238.658365605639 -28807.481581001273 0.44595928224385 -1.25854733369923 -0.67852335142474
2026-04-02T07:16:37.964 -29376.042625964103 -53365.778588944399 -28876.015476713888 0.44984170067766 -1.25150554698673 -0.67471297318386
2026-04-02T07:20:37.964 -29266.985825745694 -53664.144148685424 -29036.866671398722 0.45894193811429 -1.23489041028451 -0.66572249623855
2026-04-02T07:24:37.964 -29155.761416704412 -53958.533703046327 -29195.566465393633 0.46790565865137 -1.21837174033393 -0.65678440154692
2026-04-02T07:28:37.964 -29042.401770781769 -54248.970098128753 -29352.127264409421 0.47673611054096 -1.20194699852095 -0.64789731134939
2026-04-02T07:32:37.964 -28926.938494080969 -54535.475578376703 -29506.561147633376 0.48543642835198 -1.18561370923017 -0.63905988214992
2026-04-02T07:36:37.964 -28809.402453560338 -54818.071801401173 -29658.879875791925 0.49400963784711 -1.16936945740399 -0.63027080338747
2026-04-02T07:40:37.964 -28689.823802587413 -55096.779852231659 -29809.094898901356 0.50245866060307 -1.15321188620666 -0.62152879616463
2026-04-02T07:44:37.964 -28568.232005413400 -55371.620257019094 -29957.217363719978 0.51078631838976 -1.13713869478788 -0.61283261203050
2026-04-02T07:48:37.964 -28444.655860624109 -55642.612996213480 -30103.258120914401 0.51899533732287 -1.12114763614065 -0.60418103181502
2026-04-02T07:52:37.964 -28319.123523620077 -55909.777517238181 -30247.227731951945 0.52708835180353 -1.10523651504852 -0.59557286451194
2026-04-02T07:56:37.964 -28191.662528175468 -56173.132746681869 -30389.136475730575 0.53506790825757 -1.08940318611763 -0.58700694620813
2026-04-02T08:00:37.964 -28062.299807122399 -56432.697102027865 -30528.994354957162 0.54293646868613 -1.07364555188918 -0.57848213905663
2026-04-02T08:04:37.964 -27931.061712204668 -56688.488502939741 -30666.811102284311 0.55069641403869 -1.05796156102831 -0.56999733029141
2026-04-02T08:08:37.964 -27797.974033142229 -56940.524382120995 -30802.596186215535 0.55835004741859 -1.04234920658533 -0.56155143128150
2026-04-02T08:12:37.964 -27663.062015945477 -57188.821695765779 -30936.358816787928 0.56589959713077 -1.02680652432594 -0.55314337662281
2026-04-02T08:16:37.964 -27526.350380516116 -57433.396933616765 -31068.107951041216 0.57334721958053 -1.01133159112670 -0.54477212326537
2026-04-02T08:20:37.964 -27387.863337569372 -57674.266128645468 -31197.852298281421 0.58069500203170 -0.99592252343263 -0.53643664967458
2026-04-02T08:24:37.964 -27247.624604910292 -57911.444866369515 -31325.600325147127 0.58794496523208 -0.98057747577387 -0.52813595502451
2026-04-02T08:28:37.964 -27105.657423095181 -58144.948293820715 -31451.360260485828 0.59509906591334 -0.96529463933840 -0.51986905842185
2026-04-02T08:32:37.964 -26961.984570507389 -58374.791128177021 -31575.140100047549 0.60215919917240 -0.95007224059813 -0.51163499815881
2026-04-02T08:36:37.964 -26816.628377875197 -58600.987665070897 -31696.947611002506 0.60912720074048 -0.93490853998566 -0.50343283099375
2026-04-02T08:40:37.964 -26669.610742257948 -58823.551786585958 -31816.790336289290 0.61600484914606 -0.91980183061935 -0.49526163145805
2026-04-02T08:44:37.964 -26520.953140525278 -59042.496968953164 -31934.675598799735 0.62279386777717 -0.90475043707417 -0.48712049118799
2026-04-02T08:48:37.964 -26370.676642352922 -59257.836289957289 -32050.610505406290 0.62949592684852 -0.88975271419633 -0.47900851828035
2026-04-02T08:52:37.964 -26218.801922757331 -59469.582436063960 -32164.601950837514 0.63611264527823 -0.87480704595935 -0.47092483667071
2026-04-02T08:56:37.964 -26065.349274190259 -59677.747709276890 -32276.656621406921 0.64264559247896 -0.85991184435967 -0.46286858553324
2026-04-02T09:00:37.964 -25910.338618213304 -59882.344033734669 -32386.780998600298 0.64909629006780 -0.84506554834994 -0.45483891870100
2026-04-02T09:04:37.964 -25753.789516771409 -60083.382962055817 -32494.981362526214 0.65546621349897 -0.83026662280803 -0.44683500410571
2026-04-02T09:08:37.964 -25595.721183083399 -60280.875681440557 -32601.263795234347 0.66175679362329 -0.81551355754018 -0.43885602323610
2026-04-02T09:12:37.964 -25436.152492166646 -60474.833019537240 -32705.634183905939 0.66796941817801 -0.80080486631656 -0.43090117061392
2026-04-02T09:16:37.964 -25275.101991012205 -60665.265450081090 -32808.098223920540 0.67410543321050 -0.78613908593767 -0.42296965328678
2026-04-02T09:20:37.964 -25112.587908425878 -60852.183098312380 -32908.661421802964 0.68016614443888 -0.77151477533021 -0.41506069033698
2026-04-02T09:24:37.964 -24948.628164549955 -61035.595746181039 -33007.329098054179 0.68615281855286 -0.75693051467080 -0.40717351240554
2026-04-02T09:28:37.964 -24783.240380079682 -61215.512837344169 -33104.106389869768 0.69206668445746 -0.74238490453642 -0.39930736123077
2026-04-02T09:32:37.964 -24616.441885187807 -61391.943481962706 -33198.998253749283 0.69790893446237 -0.72787656508008 -0.39146148920060
2026-04-02T09:36:37.964 -24448.249728169922 -61564.896461303171 -33292.009467999756 0.70368072541956 -0.71340413523062 -0.38363515891805
2026-04-02T09:40:37.964 -24278.680683822775 -61734.380232150172 -33383.144635136421 0.70938317981149 -0.69896627191543 -0.37582764277916
2026-04-02T09:44:37.964 -24107.751261567104 -61900.402931034936 -33472.408184183594 0.71501738679214 -0.68456164930487 -0.36803822256276
2026-04-02T09:48:37.964 -23935.477713326054 -62062.972378285063 -33559.804372878440 0.72058440318317 -0.67018895807754 -0.36026618903158
2026-04-02T09:52:37.964 -23761.876041169729 -62222.096081900287 -33645.337289780327 0.72608525442695 -0.65584690470502 -0.35251084154400
2026-04-02T09:56:37.964 -23586.962004735971 -62377.781241258868 -33729.010856288201 0.73152093549870 -0.64153421075549 -0.34477148767604
2026-04-02T10:01:29.758 -23362.578544570173 -62557.265035302044 -33821.413040201274 0.73843900673858 -0.62375671703697 -0.33508578823792
2026-04-02T10:05:29.758 -23184.716573494094 -62705.255291629153 -33900.908380839923 0.74373364744307 -0.60949973964843 -0.32737773928258
2026-04-02T10:09:29.758 -23005.591368321049 -62849.826934986479 -33978.555459046991 0.74896610570196 -0.59526807083574 -0.31968349042711
2026-04-02T10:13:29.758 -22825.217747238850 -62990.985892471901 -34054.357507276807 0.75413725706255 -0.58106048793357 -0.31200237968283
2026-04-02T10:17:29.758 -22643.610321476095 -63128.737799162111 -34128.317599879199 0.75924795075579 -0.56687577999601 -0.30433375144612
2026-04-02T10:21:29.758 -22460.783501534268 -63263.088000852920 -34200.438654592712 0.76429901038971 -0.55271274719607 -0.29667695617281
2026-04-02T10:25:29.758 -22276.751503257052 -63394.041556657008 -34270.723433960455 0.76929123461271 -0.53857020023769 -0.28903135005921
2026-04-02T10:29:29.758 -22091.528353743943 -63521.603241462006 -34339.174546670212 0.77422539774802 -0.52444695977974 -0.28139629472977
2026-04-02T10:33:29.758 -21905.127897114951 -63645.777548251666 -34405.794448820321 0.77910225040031 -0.51034185587108 -0.27377115693075
2026-04-02T10:37:29.758 -21717.563800132939 -63766.568690292726 -34470.585445112738 0.78392252003562 -0.49625372739626 -0.26615530822970
2026-04-02T10:41:29.758 -21528.849557689879 -63883.980603189950 -34533.549689974607 0.78868691153556 -0.48218142153093 -0.25854812472022
2026-04-02T10:45:29.758 -21338.998498163106 -63998.016946811578 -34594.689188609598 0.79339610772680 -0.46812379320659 -0.25094898673184
2026-04-02T10:49:29.758 -21148.023788647359 -64108.681107087352 -34654.005797980193 0.79805076988660 -0.45407970458389 -0.24335727854456
2026-04-02T10:53:29.758 -20955.938440068268 -64215.976197681135 -34711.501227721979 0.80265153822547 -0.44004802453397 -0.23577238810778
2026-04-02T10:57:29.758 -20762.755312182711 -64319.905061539925 -34767.177040990988 0.80719903234745 -0.42602762812720 -0.22819370676325
2026-04-02T11:01:29.758 -20568.487118471261 -64420.470272321007 -34821.034655244992 0.81169385168909 -0.41201739612882 -0.22062062897187
2026-04-02T11:05:29.758 -20373.146430927809 -64517.674135698850 -34873.075342959666 0.81613657593753 -0.39801621450086 -0.21305255204382
2026-04-02T11:09:29.758 -20176.745684751248 -64611.518690553130 -34923.300232280337 0.82052776542862 -0.38402297390986 -0.20548887587196
2026-04-02T11:13:29.758 -19979.297182943981 -64702.005710039295 -34971.710307610148 0.82486796152546 -0.37003656923981 -0.19792900266801
2026-04-02T11:17:29.758 -19780.813100821841 -64789.136702542761 -35018.306410135177 0.82915768697816 -0.35605589910986 -0.19037233670143
2026-04-02T11:21:29.758 -19581.305490439863 -64872.912912517902 -35063.089238287175 0.83339744626523 -0.34207986539614 -0.18281828404050
2026-04-02T11:25:29.758 -19380.786284938298 -64953.335321212740 -35106.059348144459 0.83758772591722 -0.32810737275741 -0.17526625229551
2026-04-02T11:29:29.758 -19179.267302813030 -65030.404647280156 -35147.217153771322 0.84172899482294 -0.31413732816387 -0.16771565036372
2026-04-02T11:33:29.758 -18976.760252114527 -65104.121347276392 -35186.562927496474 0.84582170451892 -0.30016864042871 -0.16016588817583
2026-04-02T11:37:29.758 -18773.276734579296 -65174.485616047365 -35224.096800130770 0.84986628946239 -0.28620021974186 -0.15261637644368
2026-04-02T11:41:29.758 -18568.828249697788 -65241.497387003335 -35259.818761124494 0.85386316728814 -0.27223097720562 -0.14506652640896
2026-04-02T11:45:29.758 -18363.426198722511 -65305.156332282269 -35293.728658664470 0.85781273904978 -0.25825982437148 -0.13751574959265
2026-04-02T11:49:29.758 -18157.081888620112 -65365.461862802149 -35325.826199711046 0.86171538944558 -0.24428567277779 -0.12996345754493
2026-04-02T11:53:29.758 -17949.806535971078 -65422.413128202410 -35356.110949975140 0.86557148702922 -0.23030743348785 -0.12240906159531
2026-04-02T11:57:29.758 -17741.611270820606 -65476.009016674441 -35384.582333835286 0.86938138440586 -0.21632401662775 -0.11485197260278
2026-04-02T12:01:29.758 -17532.507140484187 -65526.248154681190 -35411.239634194695 0.87314541841356 -0.20233433092376 -0.10729160070560
2026-04-02T12:05:29.758 -17322.505113311374 -65573.128906565558 -35436.081992278210 0.87686391029049 -0.18833728323859 -0.09972735507060
2026-04-02T12:07:50.084 -17199.307053107441 -65598.983078308418 -35449.765895653458 0.87901710552655 -0.18014947831728 -0.09530257280843
2026-04-02T12:12:15.296 -16964.318297640002 -65644.962479150636 -35473.144587494622 0.88849731438016 -0.16571140023905 -0.08370136336871
2026-04-02T12:15:56.995 -16766.970028049731 -65680.264882303731 -35490.925299428156 0.89182173624281 -0.15275834998451 -0.07670183403259
2026-04-02T12:19:38.694 -16568.888971841097 -65712.694522628793 -35507.153664941965 0.89510798944411 -0.13979538230747 -0.06969720082458
2026-04-02T12:23:20.393 -16370.083569018207 -65742.249105010633 -35521.828500419302 0.89835627021236 -0.12682162674797 -0.06268699352886
2026-04-02T12:27:02.093 -16170.562217290340 -65768.926140991069 -35534.948517809127 0.90156676387998 -0.11383620952002 -0.05567074020601
2026-04-02T12:30:43.792 -15970.333274481782 -65792.722947995935 -35546.512324224743 0.90473964493436 -0.10083825318923 -0.04864796701903
2026-04-02T12:34:25.491 -15769.405060931276 -65813.636648490210 -35556.518421503672 0.90787507706039 -0.08782687634738 -0.04161819805775
2026-04-02T12:38:07.190 -15567.785861883001 -65831.664169060619 -35564.965205728404 0.91097321317461 -0.07480119328383 -0.03458095516154
2026-04-02T12:41:48.889 -15365.483929870858 -65846.802239425102 -35571.850966707665 0.91403419545124 -0.06176031365336 -0.02753575774019
2026-04-02T12:45:30.588 -15162.516812000000 -65859.141377000007 -35577.171827999999 0.91705539100000 -0.04872014700000 -0.02048875900000
2026-04-02T12:47:28.738 -15054.072670276990 -65864.486217764192 -35579.370312456274 0.91865185846199 -0.04175485382938 -0.01672607951341
2026-04-02T12:49:26.887 -14945.440524846597 -65869.007820115556 -35581.124084495277 0.92023786255856 -0.03478459810921 -0.01296079198073
2026-04-02T12:51:25.037 -14836.621610987608 -65872.705589616729 -35582.432831599668 0.92181341945808 -0.02780924240651 -0.00919282225484
2026-04-02T12:53:23.186 -14727.617162119604 -65875.578915564154 -35583.296232476583 0.92337854446402 -0.02082864880218 -0.00542209593217
2026-04-02T12:55:21.336 -14618.428409905193 -65877.627170929685 -35583.713957026848 0.92493325201442 -0.01384267887581 -0.00164853834448
2026-04-02T12:57:19.486 -14509.056584352298 -65878.849712300507 -35583.685666313220 0.92647755568100 -0.00685119369032 0.00212792544942
2026-04-02T12:59:17.635 -14399.502913916574 -65879.245879817172 -35583.211012527667 0.92801146816816 0.00014594622344 0.00590737067191
2026-04-02T13:01:15.785 -14289.768625603954 -65878.814997109803 -35582.289638957627 0.92953500131180 0.00714888088228 0.00968987283500
2026-04-02T13:03:13.934 -14179.854945073339 -65877.556371232451 -35580.921179951307 0.93104816607786 0.01415775086639 0.01347550774877
2026-04-02T13:05:12.084 -14069.763096739480 -65875.469292595648 -35579.105260881945 0.93255097256074 0.02117269733515 0.01726435152990
2026-04-02T13:09:12.084 -13845.587510178038 -65868.676100232507 -35574.037306685881 0.93557180408763 0.03544161483547 0.02497091306321
2026-04-02T13:13:12.084 -13620.692041765042 -65858.455169116540 -35567.118086531264 0.93854999776973 0.04973738717769 0.03269167579481
2026-04-02T13:17:12.084 -13395.086918142591 -65844.799909470064 -35558.344114174623 0.94148560477389 0.06406122136927 0.04042729035262
2026-04-02T13:21:12.084 -13168.782355480476 -65827.703440458819 -35547.711746492445 0.94437866118547 0.07841433597147 0.04817841349478
2026-04-02T13:25:12.084 -12941.788563108605 -65807.158587348531 -35535.217181972002 0.94722918789858 0.09279796168892 0.05594570842666
2026-04-02T13:29:12.084 -12714.115747177591 -65783.157878518527 -35520.856459125309 0.95003719049112 0.10721334197183 0.06372984512451
2026-04-02T13:33:12.084 -12485.774114351178 -65755.693542329202 -35504.625454824563 0.95280265908442 0.12166173363171 0.07153150066628
2026-04-02T13:37:12.084 -12256.773875534234 -65724.757503839966 -35486.519882557295 0.95552556818706 0.13614440747120 0.07935135957006
2026-04-02T13:41:12.084 -12027.125249640168 -65690.341381374354 -35466.535290599320 0.95820587652254 0.15066264892893 0.08719011414039
2026-04-02T13:45:12.084 -11796.838467401691 -65652.436482928388 -35444.667060103602 0.96084352684029 0.16521775874021 0.09504846482304
2026-04-02T13:49:12.084 -11565.923775228963 -65611.033802418475 -35420.910403102898 0.96343844570966 0.17981105361427 0.10292712056861
2026-04-02T13:53:12.084 -11334.391439119283 -65566.124015764624 -35395.260360424050 0.96599054329639 0.19444386692908 0.11082679920553
2026-04-02T13:57:12.084 -11102.251748622595 -65517.697476804751 -35367.711799511555 0.96849971312091 0.20911754944468 0.11874822782280
2026-04-02T14:01:12.084 -10869.515020867213 -65465.744213035454 -35338.259412158077 0.97096583179806 0.22383347003573 0.12669214316311
2026-04-02T14:05:12.084 -10636.191604650317 -65410.253921174546 -35306.897712139311 0.97338875875756 0.23859301644467 0.13465929202681
2026-04-02T14:09:12.084 -10402.291884597917 -65351.215962540307 -35273.621032750525 0.97576833594449 0.25339759605612 0.14265043168734
2026-04-02T14:13:12.084 -10167.826285399156 -65288.619358242177 -35238.423524241967 0.97810438749921 0.26824863669396 0.15066633031860
2026-04-02T14:17:12.084 -9932.805276119985 -65222.452784177331 -35201.299151150226 0.98039671941591 0.28314758744193 0.15870776743503
2026-04-02T14:21:12.084 -9697.239374601431 -65152.704565827371 -35162.241689522380 0.98264511917892 0.29809591948919 0.16677553434479
2026-04-02T14:25:12.084 -9461.139151947895 -65079.362672848947 -35121.244724029712 0.98484935537606 0.31309512700190 0.17487043461701
2026-04-02T14:29:12.084 -9224.515237111098 -65002.414713451988 -35078.301644967578 0.98700917728801 0.32814672802219 0.18299328456354
2026-04-02T14:33:12.084 -8987.378321575563 -64921.847928558709 -35033.405645137806 0.98912431445270 0.34325226539591 0.19114491373609
2026-04-02T14:37:12.084 -8749.739164151713 -64837.649185736402 -34986.549716609879 0.99119447620385 0.35841330773052 0.19932616543938
2026-04-02T14:41:12.084 -8511.608595882981 -64749.804972896542 -34937.726647356947 0.99321935118230 0.37363145038473 0.20753789726135
2026-04-02T14:45:12.084 -8272.997525073532 -64658.301391752422 -34886.929017762472 0.99519860681915 0.38890831649127 0.21578098162093
2026-04-02T14:49:12.084 -8033.916942443576 -64563.124151027172 -34834.149196993196 0.99713188878935 0.40424555801470 0.22405630633452
2026-04-02T14:53:12.084 -7794.377926419482 -64464.258559403570 -34779.379339233819 0.99901882043444 0.41964485684574 0.23236477520205
2026-04-02T14:57:12.084 -7554.391648566285 -64361.689518206571 -34722.611379778602 1.00085900215295 0.43510792593418 0.24070730861350
2026-04-02T15:01:12.084 -7313.969379170528 -64255.401513809193 -34663.837030974813 1.00265201075699 0.45063651046208 0.24908484417698
2026-04-02T15:05:12.084 -7073.122492981731 -64145.378609751751 -34603.047778012769 1.00439739879344 0.46623238905947 0.25749833736946
2026-04-02T15:09:12.084 -6831.862475121223 -64031.604438564056 -34540.234874556838 1.00609469382784 0.48189737506449 0.26594876221123
2026-04-02T15:13:12.084 -6590.200927167455 -63914.062193279562 -34475.389338211629 1.00774339768940 0.49763331783040 0.27443711196541
2026-04-02T15:17:12.084 -6348.149573427418 -63792.734618630020 -34408.501945817174 1.00934298567491 0.51344210408171 0.28296439986355
2026-04-02T15:21:12.084 -6105.720267404230 -63667.604001908519 -34339.563228566680 1.01089290570960 0.52932565932193 0.29153165985889
2026-04-02T15:25:12.084 -5862.924998471515 -63538.652163488157 -34268.563466940061 1.01239257746273 0.54528594929564 0.30013994740852
2026-04-02T15:29:12.084 -5619.775898765716 -63405.860446983104 -34195.492685446108 1.01384139141542 0.56132498150760 0.30879034028607
2026-04-02T15:33:12.084 -5376.285250308100 -63269.209709037859 -34120.340647165831 1.01523870787829 0.57744480680184 0.31748393942627
2026-04-02T15:37:12.084 -5132.465492368834 -63128.680308730080 -34043.096848089081 1.01658385595612 0.59364752100389 0.32622186980332
2026-04-02T15:41:12.084 -4888.329229086166 -62984.252096571348 -33963.750511236169 1.01787613245675 0.60993526662933 0.33500528134457
2026-04-02T15:45:12.084 -4643.889237354499 -62835.904403089567 -33882.290580555738 1.01911480074101 0.62631023466228 0.34383534988156
2026-04-02T15:49:12.084 -4399.158474995860 -62683.616026975789 -33798.705714589749 1.02029908951041 0.64277466640736 0.35271327814018
2026-04-02T15:53:12.084 -4154.150089230147 -62527.365222777371 -33712.984279895900 1.02142819152921 0.65933085541910 0.36164029677226
2026-04-02T15:57:12.084 -3908.877425460340 -62367.129688118323 -33625.114344217276 1.02250126227688 0.67598114951290 0.37061766543057
2026-04-02T16:01:12.084 -3663.354036389856 -62202.886550426854 -33535.083669388587 1.02351741852710 0.69272795286195 0.37964667388968
2026-04-02T16:05:12.084 -3417.593691490197 -62034.612353148870 -33442.879703967592 1.02447573684897 0.70957372818468 0.38872864321520
2026-04-02T16:09:12.084 -3171.610386838109 -61862.283041425115 -33348.489575579915 1.02537525202571 0.72652099902772 0.39786492698383
2026-04-02T16:13:12.084 -2925.418355342624 -61685.873947208427 -33251.900082964588 1.02621495538605 0.74357235214960 0.40705691255727
2026-04-02T16:17:12.084 -2679.032077383577 -61505.359773796270 -33153.097687707195 1.02699379304299 0.76073044001076 0.41630602241269
2026-04-02T16:21:12.084 -2432.466291884508 -61320.714579752326 -33052.068505646501 1.02771066403424 0.77799798337565 0.42561371553314
2026-04-02T16:25:12.084 -2185.736007844256 -61131.911762189469 -32948.798297939946 1.02836441835823 0.79537777403348 0.43498148886109
2026-04-02T16:29:12.084 -1938.856516353082 -60938.924039384932 -32843.272461772307 1.02895385489926 0.81287267764391 0.44441087881867
2026-04-02T16:33:12.084 -1691.843403120759 -60741.723432696715 -32735.476020691138 1.02947771923479 0.83048563671526 0.45390346289855
2026-04-02T16:37:12.084 -1444.712561545810 -60540.281247748651 -32625.393614551522 1.02993470131717 0.84821967372237 0.46346086132928
2026-04-02T16:41:12.084 -1197.480206356979 -60334.568054849558 -32513.009489051779 1.03032343302204 0.86607789437257 0.47308473881957
2026-04-02T16:45:12.084 -950.162887859975 -60124.553668609988 -32398.307484840599 1.03064248555440 0.88406349102811 0.48277680638607
2026-04-02T16:49:12.084 -702.777506824747 -59910.207126717833 -32281.271026175040 1.03089036670320 0.90217974629446 0.49253882326943
2026-04-02T16:53:12.084 -455.341330050844 -59691.496667831940 -32161.883109107523 1.03106551793427 0.92043003678415 0.50237259894401
2026-04-02T16:57:12.084 -207.872006650947 -59468.389708550225 -32040.126289178708 1.03116631131079 0.93881783706672 0.51227999522683
2026-04-02T17:01:12.084 39.612414904655 -59240.852819406398 -31915.982668591740 1.03119104622957 0.95734672381606 0.52226292849159
2026-04-02T17:05:12.084 287.093468936936 -59008.851699846426 -31789.433882841869 1.03113794596044 0.97602038016696 0.53232337199434
2026-04-02T17:09:12.084 534.552253851491 -58772.351152133037 -31660.461086773841 1.03100515397528 0.99484260029401 0.54246335831746
2026-04-02T17:13:12.084 781.969412524140 -58531.315054123246 -31529.044940037798 1.03079073005178 1.01381729422636 0.55268498193944
2026-04-02T17:17:12.084 1029.325111722818 -58285.706330860601 -31395.165591912573 1.03049264613601 1.03294849291320 0.56299040193819
2026-04-02T17:21:12.084 1276.599020505845 -58035.486924919991 -31258.802665463303 1.03010878194664 1.05224035355586 0.57338184483641
2026-04-02T17:25:12.084 1523.770287532343 -57780.617765439121 -31119.935240998246 1.02963692030206 1.07169716522336 0.58386160759787
2026-04-02T17:29:12.084 1770.817517215896 -57521.058735766412 -30978.541838787383 1.02907474215010 1.09132335476984 0.59443206078458
2026-04-02T17:33:12.084 2017.718744647482 -57256.768639650538 -30834.600401002983 1.02841982127847 1.11112349307328 0.60509565188504
2026-04-02T17:37:12.084 2264.451409208233 -56987.705165892046 -30688.088272839730 1.02766961868200 1.13110230161676 0.61585490882484
2026-04-02T17:41:12.084 2510.992326786574 -56713.824851372090 -30538.982182769229 1.02682147656077 1.15126465943490 0.62671244367180
2026-04-02T17:45:12.084 2757.317660507828 -56435.083042367783 -30387.258221880653 1.02587261192098 1.17161561044988 0.63767095654846
2026-04-02T17:49:12.084 3003.402889877309 -56151.433854057548 -30232.891822256108 1.02482010974779 1.19216037122342 0.64873323976605
2026-04-02T17:53:12.084 3249.222778230227 -55862.830128113244 -30075.857734325778 1.02366091571677 1.21290433915315 0.65990218219499
2026-04-02T17:57:12.084 3494.751338373373 -55569.223388268802 -29916.130003144150 1.02239182840756 1.23385310114405 0.67118077388823
2026-04-02T18:01:12.084 3739.961796294371 -55270.563793747431 -29753.681943524538 1.02100949097977 1.25501244278803 0.68257211097504
2026-04-02T18:05:12.084 3984.826552804344 -54966.800090421159 -29588.486113964769 1.01951038226789 1.27638835808751 0.69407940084429
2026-04-02T18:09:12.084 4229.317142968901 -54657.879559567620 -29420.514289292107 1.01789080724745 1.29798705976182 0.70570596763770
2026-04-02T18:13:12.084 4473.404193170422 -54343.747964079215 -29249.737431950354 1.01614688682062 1.31981499017828 0.71745525807559
2026-04-02T18:17:12.084 4717.057375631550 -54024.349491969282 -29076.125661846523 1.01427454686403 1.34187883295357 0.72933084763899
2026-04-02T18:18:56.675 4822.184516000000 -53884.688460999998 -28997.683945000001 1.01344808200000 1.35157094800000 0.73449779600000
2026-04-02T18:22:56.675 5065.167128110669 -53557.626604862598 -28819.959631590486 1.01138420439314 1.37398611499715 0.74656041441298
2026-04-02T18:26:56.675 5307.637796372097 -53225.154863797172 -28639.324100258349 1.00918109711003 1.39665456660766 0.75875861071963
2026-04-02T18:30:56.675 5549.562529896478 -52887.211542013814 -28455.744327029668 1.00683392101881 1.41958391425037 0.77109645508984
2026-04-02T18:34:56.675 5790.906146206491 -52543.733081036087 -28269.186291913556 1.00433758273353 1.44278207151339 0.78357817888988
2026-04-02T18:38:56.675 6031.632208290930 -52194.653985253841 -28079.614939189152 1.00168671838380 1.46625727038105 0.79620818332292
2026-04-02T18:42:56.675 6271.702957615186 -51839.906743454347 -27886.994135551289 0.99887567611716 1.49001807853437 0.80899104863995
2026-04-02T18:46:56.675 6511.079242768704 -51479.421746064094 -27691.286625972643 0.99589849721769 1.51407341781016 0.82193154396628
2026-04-02T18:50:56.675 6749.720443402089 -51113.127197812086 -27492.453987128742 0.99274889571196 1.53843258391180 0.83503463779287
2026-04-02T18:54:56.675 6987.584389073989 -50740.949025502370 -27290.456578219946 0.98942023631941 1.56310526747319 0.84830550918639
2026-04-02T18:58:56.675 7224.627272591737 -50362.810780557724 -27085.253489010942 0.98590551058887 1.58810157658725 0.86174955977689
2026-04-02T19:02:56.675 7460.803557389658 -49978.633535968766 -26876.802484893466 0.98219731104504 1.61343206092074 0.87537242658767
2026-04-02T19:04:19.597 7542.194446550432 -49844.478643734998 -26804.018089191082 0.98086971523457 1.62226361847145 0.88012186703118
2026-04-02T19:08:19.597 7777.129627619481 -49452.046761337355 -26591.127902338343 0.97688875036106 1.64806121186114 0.89399466811914
2026-04-02T19:12:19.597 8011.084041852025 -49053.380399272428 -26374.885205937095 0.97269520784665 1.67421960771096 0.90806051067593
2026-04-02T19:16:19.597 8244.005605784159 -48648.391508900699 -26155.242892285536 0.96828012733141 1.70075103168864 0.92232592492591
2026-04-02T19:20:19.597 8475.840021465910 -48236.989039898370 -25932.152250450948 0.96363400867581 1.72766827781861 0.93679774390942
2026-04-02T19:24:19.597 8706.530642133499 -47819.078799677583 -25705.562891374964 0.95874677153774 1.75498474369702 0.95148312220180
2026-04-02T19:28:19.597 8936.018327744679 -47394.563304036114 -25475.422668317155 0.95360771125847 1.78271446840340 0.96638955606211
2026-04-02T19:32:19.597 9164.241289444377 -46963.341618360289 -25241.677592278487 0.94820545065892 1.81087217335523 0.98152490514184
2026-04-02T19:36:19.597 9391.134921926401 -46525.309188642655 -25004.271742013203 0.94252788729806 1.83947330637848 0.99689741589788
2026-04-02T19:40:19.597 9616.631622542724 -46080.357661506896 -24763.147168201307 0.93656213568815 1.86853408929606 1.01251574686916
2026-04-02T19:44:19.597 9840.660595882880 -45628.374692356243 -24518.243791313478 0.93029446389627 1.89807156936919 1.02838899599409
2026-04-02T19:48:19.597 10063.147642400374 -45169.243740676779 -24269.499292655510 0.92371022388669 1.92810367496373 1.04452673016504
2026-04-02T19:52:19.597 10284.014929497946 -44702.843851432975 -24016.848998029607 0.91679377487266 1.95864927585491 1.06093901723813
2026-04-02T19:56:19.597 10503.180743296407 -44229.049421387870 -23760.225753394690 0.90952839884685 1.98972824863113 1.07763646074133
2026-04-02T20:00:19.597 10720.559219098954 -43747.729949063745 -23499.559791846208 0.90189620734515 2.02136154770992 1.09463023755128
2026-04-02T20:04:19.597 10936.060048320434 -43258.749766928835 -23234.778591167364 0.89387803836582 2.05357128253921 1.11193213884113
2026-04-02T20:08:19.597 11149.588159374376 -42761.967754250138 -22965.806721127003 0.88545334221218 2.08638080162456 1.12955461463665
2026-04-02T20:12:19.597 11361.043369693944 -42257.237028889729 -22692.565679613723 0.87660005484781 2.11981478409951 1.14751082235829
2026-04-02T20:16:19.597 11570.320005699981 -41744.404616139531 -22414.973716599736 0.86729445714453 2.15389933964302 1.16581467977225
2026-04-02T20:20:19.597 11777.306487111991 -41223.311092485041 -22132.945644820502 0.85751101815920 2.18866211764669 1.18448092282520
2026-04-02T20:24:19.597 11981.884871517141 -40693.790201958676 -21846.392635935281 0.84722222028901 2.22413242664674 1.20352516889614
2026-04-02T20:28:19.597 12183.930354557020 -40155.668442484857 -21555.222000797901 0.83639836381856 2.26034136516316 1.22296398606534
2026-04-02T20:32:19.597 12383.310720448708 -39608.764619327500 -21259.336952314130 0.82500734797473 2.29732196523457 1.24281496907667
2026-04-02T20:36:19.597 12579.885736809860 -39052.889362422044 -20958.636349189568 0.81301442513625 2.33510935010333 1.26309682275594
2026-04-02T20:40:19.597 12773.506486887793 -38487.844604002610 -20653.014418677281 0.80038192428742 2.37374090769567 1.28382945374721
2026-04-02T20:44:19.597 12964.014631276867 -37913.423012514701 -20342.360456214356 0.78706893914287 2.41325648175888 1.30503407154162
2026-04-02T20:48:19.597 13151.241590018624 -37329.407378327684 -20026.558499587416 0.77303097557787 2.45369858276670 1.32673329990273
2026-04-02T20:52:19.597 13335.007634581101 -36735.569946221367 -19705.486974984935 0.75821955205008 2.49511262098860 1.34895129994000
2026-04-02T20:56:19.597 13515.120877565558 -36131.671689007526 -19379.018311973956 0.74258174555671 2.53754716444582 1.37171390625050
2026-04-02T21:00:19.597 13691.376146039256 -35517.461515950024 -19047.018524075345 0.72605967429289 2.58105422485050 1.39504877774254
2026-04-02T21:04:19.597 13863.553722078792 -34892.675408853713 -18709.346751198595 0.70858990650644 2.62568957505303 1.41898556497465
2026-04-02T21:08:19.597 14031.417931351301 -34257.035477788806 -18365.854759727612 0.69010278301074 2.67151310201250 1.44355609609519
2026-04-02T21:12:14.885 14191.668487999999 -33623.038477000002 -18023.433145999999 0.67093241000000 2.71765452600000 1.46826033100000
2026-04-02T21:16:14.885 14350.228409811112 -32965.024002518046 -17667.953641662316 0.65019664365175 2.76602555365293 1.49418942304853
2026-04-02T21:20:14.885 14503.661290212785 -32295.234617061909 -17306.162737038794 0.62819070631471 2.81579170739033 1.52086219381747
2026-04-02T21:24:14.885 14651.650089660921 -31613.325939933249 -16937.876879975189 0.60481114585915 2.86703361823187 1.54832143844701
2026-04-02T21:28:14.885 14793.851586928671 -30918.933461986606 -16562.901837286339 0.57994298130560 2.91983850008626 1.57661342693594
2026-04-02T21:32:14.885 14929.893420378636 -30211.670884997027 -16181.031818482163 0.55345806092717 2.97430083570537 1.60578826351134
2026-04-02T21:36:14.885 15059.370701776223 -29491.128286543517 -15792.048508142458 0.52521313302426 3.03052314647926 1.63590028938684
2026-04-02T21:40:14.885 15181.842126736679 -28756.870089006115 -15395.719995880503 0.49504756930441 3.08861685693402 1.66700853438931
2026-04-02T21:44:14.885 15296.825489790814 -28008.432808529655 -14991.799591456444 0.46278066610618 3.14870326593848 1.69917722345909
2026-04-02T21:48:14.885 15403.792491946469 -27245.322556796364 -14580.024511103942 0.42820842987406 3.21091463767774 1.73247634447888
2026-04-02T21:52:14.885 15502.162703370264 -26467.012265212419 -14160.114419546038 0.39109972899558 3.27539542625056 1.76698228416650
2026-04-02T21:56:14.885 15591.296511900535 -25672.938597740776 -13731.769810556818 0.35119166255038 3.34230364802200 1.80277853871835
2026-04-02T22:00:14.885 15670.486847503453 -24862.498515279316 -13294.670207381390 0.30818395522359 3.41181241516586 1.83995650525907
2026-04-02T22:04:14.885 15738.949420776025 -24035.045451502388 -12848.472163043112 0.26173213318936 3.48411164144039 1.87861635852640
2026-04-02T22:08:14.885 15795.811146486991 -23189.885057991702 -12392.807039856205 0.21143916341408 3.55940992597912 1.91886801393568
2026-04-02T22:12:30.934 15842.724962479637 -22267.842522917766 -11895.743625328700 0.15310286600430 3.64333391695491 1.96365503869405
2026-04-02T22:16:30.934 15872.400065411972 -21383.645141636851 -11419.232448242450 0.09332735371842 3.72558310424076 2.00759229346718
2026-04-02T22:20:30.934 15887.081624865064 -20479.260500140757 -10931.939288972717 0.02804223902348 3.81160987503729 2.05353046656055
2026-04-02T22:24:30.934 15885.360138919243 -19553.745714498062 -10433.364930223643 -0.04350001536305 3.90172122967104 2.10163032287574
2026-04-02T22:28:30.934 15865.630533677258 -18606.080684428292 -9922.969765962609 -0.12218655150749 3.99625395015841 2.15206780840431
2026-04-02T22:32:30.934 15826.054798746016 -17635.160748219994 -9400.170075468872 -0.20907770292388 4.09557611093733 2.20503465610720
2026-04-02T22:36:30.934 15764.515425078895 -16639.789099873648 -8864.334226275709 -0.30545054880627 4.20008742066525 2.26073830003568
2026-04-02T22:40:30.934 15678.556853154640 -15618.669361225506 -8314.779034989402 -0.41285596638197 4.31021736975651 2.31940052314360
2026-04-02T22:44:30.934 15565.311129037642 -14570.399026421301 -7750.766696209953 -0.53319416136771 4.42641944032241 2.38125386816485
2026-04-02T22:48:30.934 15421.402532786291 -13493.465048986760 -7171.502996707863 -0.66881577350941 4.54915840288655 2.44653416339441
2026-04-02T22:52:30.934 15242.823890941605 -12386.243789286395 -6576.138055586324 -0.82265876709359 4.67888557975757 2.51546633954361
2026-04-02T22:56:30.934 15024.774319085434 -11247.009180439858 -5963.771733960695 -0.99843590749232 4.81599316283229 2.58823864030042
2026-04-02T23:00:30.934 14761.443829927894 -10073.955847856982 -5333.467435891883 -1.20089436927074 4.96073184746073 2.66495660552879
2026-04-02T23:04:30.934 14445.723971827712 -8865.249044440076 -4684.280826280561 -1.43617875387698 5.11306351805794 2.74556138821706
2026-04-02T23:08:30.934 14068.814624310455 -7619.122564115484 -4015.315064465563 -1.71234218065988 5.27239727556089 2.82968423206552
2026-04-02T23:12:30.934 13619.684438852804 -6334.062993071424 -3325.823508996454 -2.04006630575371 5.43711236861608 2.91638469413426
2026-04-02T23:16:30.934 13084.326126114740 -5009.151055227054 -2615.398434417632 -2.43366316214576 5.60368493309913 3.00367333215357
2026-04-02T23:20:30.934 12444.731491069992 -3644.692787331383 -1884.317862927800 -2.91241182307581 5.76506655360722 3.08762846361513
2026-04-02T23:24:30.934 11677.511584020869 -2243.392531107349 -1134.187022211790 -3.50213704906951 5.90763909606833 3.16074259619613
2026-04-02T23:28:30.934 10752.163698923006 -812.544967514101 -369.132204261653 -4.23637107832510 6.00549669609125 3.20882723215220
2026-04-02T23:32:30.934 9629.324935129531 631.885045414419 401.985455474213 -5.15460688139010 6.01004679692127 3.20540422548479
2026-04-02T23:36:30.934 8260.469014019322 2057.928308587813 1161.605711727017 -6.29003919996564 5.83324304075115 3.10271239369485
2026-04-02T23:40:30.934 6593.490824737999 3405.907010698323 1877.175612777685 -7.62872052128291 5.33056297121722 2.82273357999392
2026-04-02T23:44:30.934 4593.839481837785 4575.916767785125 2494.504542090077 -9.01971225465738 4.32234685736944 2.26925445915367
2026-04-02T23:48:30.934 2288.904281959149 5433.593538295165 2941.153043732905 -10.09667659958570 2.73856849589711 1.40672170205304
2026-04-02T23:49:50.084 1480.884181279309 5626.201377092348 3039.391802022133 -10.30619972405668 2.12361667885880 1.07316958068539
2026-04-02T23:50:50.084 857.546990497434 5739.958525964798 3095.704658784396 -10.46315465817570 1.66687094819468 0.80313424669376
2026-04-02T23:51:50.084 226.339328247881 5826.141468363713 3135.720694302396 -10.56850224932823 1.20590487824864 0.53073782284996
2026-04-02T23:52:50.084 -409.657164209677 5884.752353329961 3159.440286199333 -10.62311759172769 0.74918008049424 0.26068361604496
2026-04-02T23:53:50.084 -1047.479928652813 5916.285679158388 3167.136902648344 -10.63005082733018 0.30454653747818 -0.00268398434965
2026-04-02T23:54:50.084 -1684.405749544845 5921.674941048846 3159.326382555281 -10.59415063048829 -0.12128740531449 -0.25567136190675
2026-04-02T23:56:22.480 -2657.037670238197 5881.758397344601 3118.971605267182 -10.42070544197133 -0.73570656779037 -0.60413520838526
2026-04-02T23:57:48.330 -3540.314327380687 5796.079910032786 3055.158933084826 -10.14894152446572 -1.24926430931336 -0.87634817293773
2026-04-02T23:59:14.179 -4398.538341195779 5669.167613238855 2969.556935818089 -9.84012341858653 -1.69637332204875 -1.11184726124164
2026-04-03T00:00:40.028 -5229.268569616916 5506.652175320341 2865.262232609249 -9.51090463591718 -2.07938194638361 -1.31224691349518
2026-04-03T00:02:05.877 -6031.337750566308 5313.826922957699 2745.162511358741 -9.17427424744449 -2.40351455110592 -1.48064406289473
2026-04-03T00:06:48.802 -8474.207137099364 4518.443958807225 2267.611223246161 -8.10988907632597 -3.13898451349512 -1.85611797204831
2026-04-03T00:10:48.802 -10324.258887214748 3719.690160257271 1799.556332031153 -7.32825227152928 -3.48554765332002 -2.02760489189435
2026-04-03T00:14:48.802 -12001.661546045476 2857.308553332485 1300.606433767691 -6.66960914386542 -3.68177512119870 -2.12033624638299
2026-04-03T00:18:48.802 -13534.280508857222 1959.655180144757 785.519991078988 -6.11849596506328 -3.78700780173133 -2.16608007267132
2026-04-03T00:22:48.802 -14945.577595920387 1043.957566802619 263.129371068287 -5.65544346940124 -3.83662247103803 -2.18356060701018
2026-04-03T00:26:48.802 -16254.538512615150 120.812410358502 -261.225436556092 -5.26307033419299 -3.85177030454671 -2.18385358668809
2026-04-03T00:30:48.802 -17476.371962959303 -803.176231707274 -784.284946097633 -4.92730749994445 -3.84531176715317 -2.17362125399232
2026-04-03T00:34:48.802 -18623.287202739859 -1723.854980225402 -1304.052698681703 -4.63714029484716 -3.82523060909293 -2.15695284109869
2026-04-03T00:38:48.802 -19705.158086511638 -2638.606478543004 -1819.314569417553 -4.38402079227655 -3.79658582929066 -2.13640759214201
2026-04-03T00:42:48.802 -20730.045489565982 -3545.795223188733 -2329.350005160439 -4.16130280396743 -3.76264260917698 -2.11361437342053
2026-04-03T00:46:48.802 -21704.596460427983 -4444.424144476098 -2833.754625779817 -3.96378377169896 -3.72554112908365 -2.08962369720000
2026-04-03T00:50:48.802 -22634.346709619676 -5333.917110631085 -3332.328888548248 -3.78735483687430 -3.68670114721770 -2.06511916323734
2026-04-03T00:54:48.802 -23523.950174320002 -6213.978400341639 -3825.006847198882 -3.62873937730696 -3.64707229689532 -2.04054734509428
2026-04-03T00:58:48.802 -24377.354295909281 -7084.500267981768 -4311.809784703239 -3.48529878965569 -3.60729226654095 -2.01619928103488
2026-04-03T01:02:48.802 -25197.934953748489 -7945.501184175519 -4792.815594619648 -3.35488794544270 -3.56778875060150 -1.99226260184627
2026-04-03T01:06:48.802 -25988.601296887045 -8797.084015495182 -5268.138320076896 -3.23574698565171 -3.52884634775827 -1.96885546430415
2026-04-03T01:10:48.802 -26751.877959990976 -9639.407388593623 -5737.914354223889 -3.12641968365895 -3.49065117362408 -1.94604898809688
2026-04-03T01:14:48.802 -27489.970146235293 -10472.665907488696 -6202.293074259120 -3.02569131409779 -3.45332104512316 -1.92388229657253
2026-04-03T01:18:48.802 -28204.815614646232 -11297.076397649895 -6661.430464616915 -2.93254093920639 -3.41692616669424 -1.90237272062605
2026-04-03T01:22:48.802 -28898.126567448951 -12112.868302890627 -7115.484778049690 -2.84610443336107 -3.38150346727035 -1.88152279175340
2026-04-03T01:26:48.802 -29571.423675249611 -12920.276973608956 -7564.613598886232 -2.76564557033306 -3.34706663297753 -1.86132507451496
2026-04-03T01:30:48.802 -30226.063932982266 -13719.538987230007 -8008.971878723776 -2.69053324020511 -3.31361318964356 -1.84176552953666
2026-04-03T01:34:48.802 -30863.263631672071 -14510.888907339493 -8448.710650153125 -2.62022332922629 -3.28112953279784 -1.82282586316957
2026-04-03T01:38:48.802 -31484.117432709449 -15294.557067554862 -8883.976214999066 -2.55424420654370 -3.24959452066204 -1.80448517412279
2026-04-03T01:42:48.802 -32089.614308923345 -16070.768088685842 -9314.909665168303 -2.49218501184156 -3.21898204967925 -1.78672110741336
2026-04-03T01:46:48.802 -32680.650948513765 -16839.739922076555 -9741.646636341240 -2.43368613708786 -3.18926290414476 -1.76951066077078
2026-04-03T01:50:48.802 -33258.043090470572 -17601.683270865589 -10164.317223935392 -2.37843144000617 -3.16040608429278 -1.75283074447106
2026-04-03T01:54:48.802 -33822.535162634900 -18356.801282326633 -10583.046011162160 -2.32614183416579 -3.13237975740014 -1.73665856546435
2026-04-03T01:58:48.802 -34374.808518430291 -19105.289433875965 -10997.952173364529 -2.27656998090436 -3.10515193503450 -1.72097188591543
2026-04-03T02:02:48.802 -34915.488509950788 -19847.335556400561 -11409.149633017358 -2.22949586890219 -3.07869095058018 -1.70574919184908
2026-04-03T02:06:48.802 -35445.150589467739 -20583.119953755147 -11816.747247052692 -2.18472311330207 -3.05296579069942 -1.69096979747037
2026-04-03T02:10:48.802 -35964.325595490809 -21312.815588307054 -12220.849013401297 -2.14207584155098 -3.02794631980578 -1.67661390357124
2026-04-03T02:14:48.802 -36473.504351045573 -22036.588310461786 -12621.554287414339 -2.10139606034782 -3.00360342616106 -1.66266262333571
2026-04-03T02:18:48.802 -36973.141679122295 -22754.597116012774 -13018.958001561155 -2.06254141920503 -2.97990911064310 -1.64909798519899
2026-04-03T02:22:48.802 -37463.659922033366 -23466.994419515064 -13413.150883782833 -2.02538330263627 -2.95683653372769 -1.63590291977842
2026-04-03T02:26:48.802 -37945.452036718561 -24173.926335104759 -13804.219671323894 -1.98980519595994 -2.93436003219922 -1.62306123598153
2026-04-03T02:30:48.802 -38418.884326113905 -24875.532958575779 -14192.247317913725 -1.95570127997124 -2.91245511413997 -1.61055759000332
2026-04-03T02:34:48.802 -38884.298856977221 -25571.948646301254 -14577.313192931711 -1.92297521789973 -2.89109843855523 -1.59837744990614
2026-04-03T02:38:48.802 -39342.015606595676 -26263.302287907522 -14959.493271742187 -1.89153910459831 -2.87026778436276 -1.58650705772838
2026-04-03T02:42:48.802 -39792.334374240323 -26949.717570590812 -15338.860316783070 -1.86131255315900 -2.84994201226100 -1.57493339051846
2026-04-03T02:46:48.802 -40235.536487806283 -27631.313233695895 -15715.484049276223 -1.83222189839204 -2.83010102208225 -1.56364412128629
2026-04-03T02:50:48.802 -40671.886331569360 -28308.203312715814 -16089.431311628097 -1.80419950004874 -2.81072570755569 -1.55262758056602
2026-04-03T02:54:48.802 -41101.632717229622 -28980.497372269536 -16460.766220727994 -1.77718313147691 -2.79179790989370 -1.54187271906439
2026-04-03T02:58:48.802 -41525.010117262966 -29648.300727905123 -16829.550312444837 -1.75111544169913 -2.77330037122963 -1.53136907170757
2026-04-03T03:02:48.802 -41942.239776953771 -30311.714656786386 -17195.842677683417 -1.72594348079710 -2.75521668864536 -1.52110672328119
2026-04-03T03:06:48.802 -42353.530719247457 -30970.836597470763 -17559.700090396957 -1.70161828004957 -2.73753126930898 -1.51107627577185
2026-04-03T03:10:48.802 -42759.080654669524 -31625.760339090466 -17921.177127970957 -1.67809447956861 -2.72022928707885 -1.50126881745643
2026-04-03T03:14:48.802 -43159.076806949910 -32276.576200318883 -18280.326284398710 -1.65532999725857 -2.70329664080745 -1.49167589374061
2026-04-03T03:18:48.802 -43553.696663620933 -32923.371198548855 -18637.198076665234 -1.63328573382508 -2.68671991448685 -1.48228947971700
2026-04-03T03:22:48.802 -43943.108659684935 -33566.229209734760 -18991.841144746555 -1.61192530931734 -2.67048633930930 -1.47310195439147
2026-04-03T03:26:48.802 -44327.472801442404 -34205.231119361706 -19344.302345617059 -1.59121482732406 -2.65458375766663 -1.46410607651253
2026-04-03T03:30:48.802 -44706.941236706509 -34840.454965006276 -19694.626841640889 -1.57112266348050 -2.63900058907550 -1.45529496192913
2026-04-03T03:34:48.802 -45081.658776883763 -35471.976070946715 -20042.858183704753 -1.55161927539895 -2.62372579798964 -1.44666206239813
2026-04-03T03:38:48.802 -45451.763375755210 -36099.867175268933 -20389.038389430341 -1.53267703152138 -2.60874886344189 -1.43820114575989
2026-04-03T03:42:48.802 -45817.386569232767 -36724.198549899374 -20733.208016784978 -1.51427005672231 -2.59405975044698 -1.42990627740116
2026-04-03T03:46:48.802 -46178.653879878599 -37345.038113978124 -21075.406233389822 -1.49637409277070 -2.57964888308762 -1.42177180292537
2026-04-03T03:50:48.802 -46535.685189551223 -37962.451540966620 -21415.670881806102 -1.47896637200076 -2.56550711920291 -1.41379233195333
2026-04-03T03:54:48.802 -46888.595083171487 -38576.502359864506 -21754.038541061720 -1.46202550274814 -2.55162572659541 -1.40596272298028
2026-04-03T03:58:48.802 -47237.493166276887 -39187.252050890071 -22090.544584663210 -1.44553136528623 -2.53799636067366 -1.39827806921865
2026-04-03T04:02:48.802 -47582.484358748050 -39794.760135958939 -22425.223235321584 -1.42946501715064 -2.52461104344803 -1.39073368536019
2026-04-03T04:06:48.802 -47923.669166840591 -40399.084264276127 -22758.107616605041 -1.41380860687319 -2.51146214379999 -1.38332509519432
2026-04-03T04:10:48.802 -48261.143935434840 -41000.280293337804 -23089.229801716927 -1.39854529526193 -2.49854235894773 -1.37604802002396
2026-04-03T04:14:48.802 -48595.001082221082 -41598.402365620968 -23418.620859583614 -1.38365918346374 -2.48584469703445 -1.36889836782349
2026-04-03T04:19:39.017 -48994.005197617058 -42317.637936169558 -23814.660763786607 -1.36614089421375 -2.47077746200457 -1.36041742057480
2026-04-03T04:23:39.017 -49320.179658969471 -42909.152800781907 -24140.332786406241 -1.35203600171500 -2.45854717677407 -1.35353563257035
2026-04-03T04:27:39.017 -49643.009019840603 -43497.756708274079 -24464.367101951822 -1.33826289996719 -2.44651849048307 -1.34676928114253
2026-04-03T04:31:39.017 -49962.571384375820 -44083.497335396700 -24786.791003081056 -1.32480898771133 -2.43468555183560 -1.34011495597067
2026-04-03T04:35:39.017 -50278.941911528222 -44666.420983130040 -25107.630980964590 -1.31166231558807 -2.42304274533558 -1.33356938706859
2026-04-03T04:39:39.017 -50592.192966363611 -45246.572631837065 -25426.912758086317 -1.29881154378836 -2.41158467941596 -1.32712943752787
2026-04-03T04:43:39.017 -50902.394261602967 -45823.995993652112 -25744.661319355760 -1.28624590299638 -2.40030617526523 -1.32079209670338
2026-04-03T04:47:39.017 -51209.612990156282 -46398.733562267022 -26060.900941635053 -1.27395515832800 -2.38920225630610 -1.31455447381113
2026-04-03T04:51:39.017 -51513.913949334223 -46970.826660266241 -26375.655221776029 -1.26192957599859 -2.37826813828435 -1.30841379191023
2026-04-03T04:55:39.017 -51815.359657363326 -47540.315484152474 -26688.947103256469 -1.25015989248041 -2.36749921992860 -1.30236738224296
2026-04-03T04:59:39.017 -52114.010462775972 -48107.239147195505 -27000.798901498481 -1.23863728593411 -2.35689107414426 -1.29641267890881
2026-04-03T05:03:39.017 -52409.924647197156 -48671.635720228245 -27311.232327946513 -1.22735334971968 -2.34643943970753 -1.29054721385023
2026-04-03T05:07:39.017 -52703.158522005680 -49233.542270506106 -27620.268512977229 -1.21630006781134 -2.33614021342763 -1.28476861212922
2026-04-03T05:11:39.017 -52993.766519307326 -49792.994898738551 -27927.928027708760 -1.20546979195738 -2.32598944274745 -1.27907458747570
2026-04-03T05:15:39.017 -53281.801277621307 -50350.028774394581 -28234.230904772347 -1.19485522044133 -2.31598331875510 -1.27346293808968
2026-04-03T05:19:39.017 -53567.313722648389 -50904.678169377716 -28539.196658105317 -1.18444937831402 -2.30611816958034 -1.26793154268075
2026-04-03T05:23:39.017 -53850.353143459237 -51456.976490159905 -28842.844301820485 -1.17424559897822 -2.29639045415206 -1.26247835672962
2026-04-03T05:27:39.017 -54130.967264414598 -52006.956308458277 -29145.192368203487 -1.16423750701846 -2.28679675629424 -1.25710140895726
2026-04-03T05:31:39.017 -54409.202313104106 -52554.649390533436 -29446.258924886319 -1.15441900217803 -2.27733377913963 -1.25179879798854
2026-04-03T05:35:39.017 -54685.103084568327 -53100.086725183195 -29746.061591242258 -1.14478424439434 -2.26799833984142 -1.24656868919809
2026-04-03T05:39:39.017 -54958.713002048033 -53643.298550501095 -30044.617554044464 -1.13532763981115 -2.25878736456507 -1.24140931172675
2026-04-03T05:43:39.017 -55230.074174486195 -54184.314379464791 -30341.943582427979 -1.12604382769375 -2.24969788374303 -1.23631895565820
2026-04-03T05:47:39.017 -55499.227450991100 -54723.163024415597 -30638.056042192296 -1.11692766817915 -2.24072702757669 -1.23129596934573
2026-04-03T05:51:39.017 -55766.212472453502 -55259.872620486618 -30932.970909479467 -1.10797423079946 -2.23187202177078 -1.22633875687991
2026-04-03T05:55:39.017 -56031.067720496416 -55794.470648033704 -31226.703783860496 -1.09917878372163 -2.22313018348632 -1.22144577568872
2026-04-03T05:59:39.017 -56293.830563923191 -56326.983954119998 -31519.269900860832 -1.09053678365151 -2.21449891749939 -1.21661553426196
2026-04-03T06:03:39.017 -56554.537302817429 -56857.438773102083 -31810.684143953920 -1.08204386635465 -2.20597571255358 -1.21184658999266
2026-04-03T06:07:39.017 -56813.223210437529 -57385.860746362836 -32100.961056049986 -1.07369583774979 -2.19755813789481 -1.20713754712839
2026-04-03T06:11:39.017 -57069.922573038282 -57912.274941233474 -32390.114850505699 -1.06548866553499 -2.18924383997821 -1.20248705482602
2026-04-03T06:15:39.017 -57324.668727742959 -58436.705869144847 -32678.159421678785 -1.05741847130919 -2.18103053933690 -1.19789380530400
2026-04-03T06:19:39.017 -57577.494098580573 -58959.177503045838 -32965.108355050288 -1.04948152315516 -2.17291602760378 -1.19335653208622
2026-04-03T06:23:39.017 -57828.430230795217 -59479.713294124391 -33250.974936935861 -1.04167422865223 -2.16489816467742 -1.18887400833251
2026-04-03T06:27:39.017 -58077.507823527158 -59998.336187864894 -33535.772163806221 -1.03399312829009 -2.15697487602418 -1.18444504525052
2026-04-03T06:31:39.017 -58324.756760958626 -60515.068639473604 -33819.512751235816 -1.02643488925653 -2.14914415010883 -1.18006849058456
2026-04-03T06:35:39.017 -58570.206142011062 -61029.932628702176 -34102.209142497559 -1.01899629957460 -2.14140403594665 -1.17574322717699
2026-04-03T06:39:39.017 -58813.884308674897 -61542.949674097588 -34383.873516820619 -1.01167426256622 -2.13375264077038 -1.17146817159808
2026-04-03T06:43:39.017 -59055.818873047661 -62054.140846705261 -34664.517797327229 -1.00446579162106 -2.12618812780565 -1.16724227284065
2026-04-03T06:47:39.017 -59296.036743151257 -62563.526783250738 -34944.153658663578 -0.99736800525116 -2.11870871414917 -1.16306451107579
2026-04-03T06:51:39.017 -59534.564147594785 -63071.127698823897 -35222.792534339111 -0.99037812241295 -2.11131266874402 -1.15893389646645
2026-04-03T06:55:39.017 -59771.426659145094 -63576.963399088367 -35500.445623787695 -0.98349345807995 -2.10399831044705 -1.15484946803565
2026-04-03T06:59:39.017 -60006.649217263235 -64081.053292037686 -35777.123899163438 -0.97671141905044 -2.09676400618334 -1.15081029258650
2026-04-03T07:03:39.017 -60240.256149661509 -64583.416399318499 -36052.838111883226 -0.97002949997559 -2.08960816918325 -1.14681546367117
2026-04-03T07:07:39.017 -60472.271192932363 -65084.071367140146 -36327.598798927444 -0.96344527959448 -2.08252925729777 -1.14286410060623
2026-04-03T07:11:39.017 -60702.717512297248 -65583.036476788926 -36601.416288909684 -0.95695641716352 -2.07552577138804 -1.13895534753200
2026-04-03T07:15:39.017 -60931.617720520670 -66080.329654764340 -36874.300707925766 -0.95056064906845 -2.06859625378536 -1.13508837251349
2026-04-03T07:19:39.017 -61158.993896031978 -66575.968482553842 -37146.261985191733 -0.94425578560822 -2.06173928681791 -1.13126236668091
2026-04-03T07:23:39.017 -61384.867600294834 -67069.970206061698 -37417.309858480148 -0.93803970794037 -2.05495349140104 -1.12747654340766
2026-04-03T07:27:39.017 -61609.259894462026 -67562.351744706786 -37687.453879363369 -0.93191036517857 -2.04823752568767 -1.12373013752381
2026-04-03T07:31:39.017 -61832.191355351068 -68053.129700203383 -37956.703418272176 -0.92586577163347 -2.04159008377607 -1.12002240456342
2026-04-03T07:35:39.017 -62053.682090773946 -68542.320365038511 -38225.067669377640 -0.91990400418859 -2.03500989447196 -1.11635262004393
2026-04-03T07:39:39.017 -62273.751754252538 -69029.939730658341 -38492.555655303710 -0.91402319980350 -2.02849572010242 -1.11272007877599
2026-04-03T07:43:39.017 -62492.419559149326 -69516.003495375917 -38759.176231677673 -0.90822155313715 -2.02204635537888 -1.10912409420229
2026-04-03T07:47:39.017 -62709.704292241426 -70000.527072011697 -39024.938091525270 -0.90249731428458 -2.01566062630714 -1.10556399776388
2026-04-03T07:51:39.017 -62925.624326764446 -70483.525595277868 -39289.849769516906 -0.89684878662063 -2.00933738914171 -1.10203913829275
2026-04-03T07:55:39.017 -63140.197634951044 -70965.013928916829 -39553.919646071081 -0.89127432474492 -2.00307552938282 -1.09854888142932
2026-04-03T07:59:39.017 -63353.441800087887 -71445.006672603849 -39817.155951320899 -0.88577233252225 -1.99687396081367 -1.09509260906360
2026-04-03T08:03:39.017 -63565.374028113241 -71923.518168623355 -40079.566768949182 -0.88034126121365 -1.99073162457634 -1.09166971879910
2026-04-03T08:07:39.017 -63776.011158776382 -72400.562508327814 -40341.160039897535 -0.87497960769276 -1.98464748828426 -1.08827962343807
2026-04-03T08:11:39.017 -63985.369676378745 -72876.153538387895 -40601.943565954345 -0.86968591274332 -1.97862054516985 -1.08492175048741
2026-04-03T08:15:39.017 -64193.465720115739 -73350.304866842111 -40861.925013226552 -0.86445875943331 -1.97264981326541 -1.08159554168408
2026-04-03T08:19:39.017 -64400.315094037171 -73823.029868953687 -41121.111915499816 -0.85929677156169 -1.96673433461595 -1.07830045253914
2026-04-03T08:23:39.017 -64605.933276643213 -74294.341692882183 -41379.511677491340 -0.85419861217403 -1.96087317452237 -1.07503595189960
2026-04-03T08:27:39.017 -64810.335430132036 -74764.253265177031 -41637.131577999644 -0.84916298214347 -1.95506542081374 -1.07180152152726
2026-04-03T08:31:39.017 -65013.536409314351 -75232.777296099739 -41893.978772955204 -0.84418861881352 -1.94931018314719 -1.06859665569369
2026-04-03T08:35:39.017 -65215.550770209360 -75699.926284781293 -42150.060298375749 -0.83927429469974 -1.94360659233438 -1.06542086079078
2026-04-03T08:39:39.017 -65416.392778335830 -76165.712524220959 -42405.383073229874 -0.83441881624711 -1.93795379969327 -1.06227365495597
2026-04-03T08:43:39.017 -65616.076416711410 -76630.148106132401 -42659.953902212430 -0.82962102264053 -1.93235097642402 -1.05915456771166
2026-04-03T08:47:39.017 -65814.615393572472 -77093.244925642895 -42913.779478434990 -0.82487978466557 -1.92679731300812 -1.05606313961807
2026-04-03T08:51:39.017 -66012.023149826447 -77555.014685850911 -43166.866386034591 -0.82019400361714 -1.92129201862951 -1.05299892193907
2026-04-03T08:55:39.017 -66208.312866247608 -78015.468902247405 -43419.221102703705 -0.81556261025364 -1.91583432061706 -1.04996147632025
2026-04-03T08:59:39.017 -66403.497470427217 -78474.618907005730 -43670.850002144449 -0.81098456379449 -1.91042346390713 -1.04695037447890
2026-04-03T09:03:39.017 -66597.589643487969 -78932.475853144861 -43921.759356449693 -0.80645885095874 -1.90505871052563 -1.04396519790518
2026-04-03T09:07:39.017 -66790.601826572500 -79389.050718570637 -44171.955338413798 -0.80198448504299 -1.89973933908864 -1.04100553757418
2026-04-03T09:11:39.017 -66982.546227115105 -79844.354309999224 -44421.444023775475 -0.79756050503664 -1.89446464432081 -1.03807099366831
2026-04-03T09:15:39.017 -67173.434824905416 -80298.397266767133 -44670.231393395210 -0.79318597477273 -1.88923393659082 -1.03516117530957
2026-04-03T09:19:39.017 -67363.279377952349 -80751.190064531635 -44918.323335369627 -0.78885998211265 -1.88404654146316 -1.03227570030136
2026-04-03T09:23:39.017 -67552.091428156375 -81202.743018865600 -45165.725647084917 -0.78458163816323 -1.87890179926560 -1.02941419487935
2026-04-03T09:27:39.017 -67739.882306797532 -81653.066288750240 -45412.444037211601 -0.78035007652463 -1.87379906467167 -1.02657629347116
2026-04-03T09:31:39.017 -67926.663139846540 -82102.169879969442 -45658.484127642558 -0.77616445256763 -1.86873770629753 -1.02376163846427
2026-04-03T09:35:39.017 -68112.444853105859 -82550.063648409050 -45903.851455376374 -0.77202394273900 -1.86371710631269 -1.02096987998206
2026-04-03T09:39:39.017 -68297.238177187231 -82996.757303264254 -46148.551474347863 -0.76792774389364 -1.85873666006399 -1.01820067566752
2026-04-03T09:43:39.017 -68481.053652332077 -83442.260410158298 -46392.589557207531 -0.76387507265232 -1.85379577571231 -1.01545369047430
2026-04-03T09:47:39.017 -68663.901633080706 -83886.582394175508 -46635.970997051802 -0.75986516478385 -1.84889387388150 -1.01272859646493
2026-04-03T09:51:39.017 -68845.792292796003 -84329.732542811442 -46878.701009105585 -0.75589727461058 -1.84403038731904 -1.01002507261576
2026-04-03T09:55:39.017 -69026.735628047230 -84771.720008842967 -47120.784732358872 -0.75197067443623 -1.83920476056804 -1.00734280462849
2026-04-03T09:59:39.017 -69206.741462858990 -85212.553813120961 -47362.227231158824 -0.74808465399505 -1.83441644965002 -1.00468148474797
2026-04-03T10:03:39.017 -69385.819452830561 -85652.242847288071 -47603.033496758864 -0.74423851992138 -1.82966492175813 -1.00204081158601
2026-04-03T10:07:39.017 -69563.979089130153 -86090.795876424148 -47843.208448826183 -0.74043159523871 -1.82494965496036 -0.99942048995098
2026-04-03T10:11:39.017 -69741.229702368932 -86528.221541621533 -48082.756936909042 -0.73666321886750 -1.82027013791244 -0.99682023068304
2026-04-03T10:15:39.017 -69917.580466358995 -86964.528362492580 -48321.683741865156 -0.73293274515074 -1.81562586957997 -0.99423975049465
2026-04-03T10:19:39.017 -70093.040401759587 -87399.724739611585 -48559.993577252426 -0.72923954339678 -1.81101635896941 -0.99167877181629
2026-04-03T10:23:39.017 -70267.618379615509 -87833.818956893199 -48797.691090683249 -0.72558299743845 -1.80644112486773 -0.98913702264711
2026-04-03T10:27:39.017 -70441.323124791757 -88266.819183909291 -49034.780865143541 -0.72196250520791 -1.80189969559029 -0.98661423641034
2026-04-03T10:31:39.017 -70614.163219307797 -88698.733478146314 -49271.267420277662 -0.71837747832660 -1.79739160873661 -0.98411015181332
2026-04-03T10:35:39.017 -70786.147105575234 -89129.569787205008 -49507.155213640202 -0.71482734170956 -1.79291641095383 -0.98162451271190
2026-04-03T10:39:39.017 -70957.283089542223 -89559.335950944151 -49742.448641915827 -0.71131153318363 -1.78847365770757 -0.97915706797917
2026-04-03T10:43:39.017 -71127.579343747770 -89988.039703570175 -49977.152042108035 -0.70782950311887 -1.78406291305984 -0.97670757137818
2026-04-03T10:47:39.017 -71297.043910289198 -90415.688675674406 -50211.269692697882 -0.70438071407277 -1.77968374945380 -0.97427578143870
2026-04-03T10:51:39.017 -71465.684703705614 -90842.290396219323 -50444.805814773608 -0.70096464044662 -1.77533574750508 -0.97186146133773
2026-04-03T10:55:39.017 -71633.509513780387 -91267.852294475568 -50677.764573131964 -0.69758076815360 -1.77101849579954 -0.96946437878370
2026-04-03T10:59:39.017 -71800.526008265340 -91692.381701911130 -50910.150077352249 -0.69422859429822 -1.76673159069708 -0.96708430590415
2026-04-03T11:03:39.017 -71966.741735529213 -92115.885854034175 -51141.966382843733 -0.69090762686641 -1.76247463614135 -0.96472101913691
2026-04-03T11:07:39.017 -72132.164127133103 -92538.371892190888 -51373.217491867414 -0.68761738442613 -1.75824724347521 -0.96237429912445
2026-04-03T11:11:39.017 -72296.800500335230 -92959.846865319691 -51603.907354532756 -0.68435739583789 -1.75404903126164 -0.96004393061148
2026-04-03T11:15:39.017 -72460.658060527334 -93380.317731663090 -51834.039869770269 -0.68112719997485 -1.74987962510997 -0.95772970234553
2026-04-03T11:19:39.017 -72623.743903605107 -93799.791360438481 -52063.618886280528 -0.67792634545216 -1.74573865750724 -0.95543140698059
2026-04-03T11:23:39.017 -72786.065018274632 -94218.274533469070 -52292.648203460456 -0.67475439036515 -1.74162576765446 -0.95314884098345
2026-04-03T11:27:39.017 -72947.628288297070 -94635.773946776040 -52521.131572307422 -0.67161090203600 -1.73754060130771 -0.95088180454288
2026-04-03T11:31:39.017 -73108.440494673545 -95052.296212133137 -52749.072696301904 -0.66849545676870 -1.73348281062374 -0.94863010148144
2026-04-03T11:35:39.017 -73268.508317772168 -95467.847858584792 -52976.475232269258 -0.66540763961176 -1.72945205401013 -0.94639353916986
2026-04-03T11:39:39.017 -73427.838339398979 -95882.435333928748 -53203.342791221250 -0.66234704412862 -1.72544799597965 -0.94417192844382
2026-04-03T11:43:39.017 -73586.437044814753 -96296.065006164266 -53429.678939177909 -0.65931327217531 -1.72147030700886 -0.94196508352321
2026-04-03T11:47:39.017 -73744.310824699191 -96708.743164906831 -53655.487197970266 -0.65630593368511 -1.71751866340064 -0.93977282193365
2026-04-03T11:51:39.017 -73901.465977064378 -97120.476022770396 -53880.771046024543 -0.65332464646009 -1.71359274715066 -0.93759496443025
2026-04-03T11:55:39.017 -74057.908709118841 -97531.269716718001 -54105.533919128298 -0.65036903596903 -1.70969224581755 -0.93543133492348
2026-04-03T11:59:39.017 -74213.645139084008 -97941.130309381639 -54329.779211179026 -0.64743873515171 -1.70581685239675 -0.93328176040721
2026-04-03T12:03:39.017 -74368.681297964329 -98350.063790352331 -54553.510274915730 -0.64453338422925 -1.70196626519781 -0.93114607088866
2026-04-03T12:07:39.017 -74523.023131272668 -98758.076077441132 -54776.730422633933 -0.64165263052021 -1.69814018772509 -0.92902409932040
2026-04-03T12:11:39.017 -74676.676500712143 -99165.173017911875 -54999.442926884578 -0.63879612826242 -1.69433832856178 -0.92691568153412
2026-04-03T12:15:39.017 -74829.647185815935 -99571.360389686510 -55221.651021157253 -0.63596353844016 -1.69056040125705 -0.92482065617633
2026-04-03T12:19:39.017 -74981.940885546210 -99976.643902523705 -55443.357900548217 -0.63315452861656 -1.68680612421629 -0.92273886464576
2026-04-03T12:23:39.017 -75133.563219853444 -100381.029199171448 -55664.566722413583 -0.63036877277111 -1.68307522059431 -0.92067015103245
2026-04-03T12:27:39.017 -75284.519731197361 -100784.521856494393 -55885.280607008084 -0.62760595114193 -1.67936741819145 -0.91861436205856
2026-04-03T12:31:39.017 -75434.815886030497 -101187.127386576598 -56105.502638109858 -0.62486575007287 -1.67568244935240 -0.91657134702070
2026-04-03T12:35:39.017 -75584.457076245730 -101588.851237800307 -56325.235863631533 -0.62214786186499 -1.67202005086782 -0.91454095773384
2026-04-03T12:39:39.017 -75733.448620588606 -101989.698795901422 -56544.483296218059 -0.61945198463257 -1.66837996387849 -0.91252304847676
2026-04-03T12:43:39.017 -75881.795766035648 -102389.675385002309 -56763.247913831619 -0.61677782216317 -1.66476193378202 -0.91051747593884
2026-04-03T12:47:39.017 -76029.503689139572 -102788.786268622440 -56981.532660323945 -0.61412508378193 -1.66116571014203 -0.90852409916838
2026-04-03T12:51:39.017 -76176.577497342427 -103187.036650667651 -57199.340445996364 -0.61149348421971 -1.65759104659967 -0.90654277952221
2026-04-03T12:55:39.017 -76323.022230257498 -103584.431676398279 -57416.674148147955 -0.60888274348503 -1.65403770078746 -0.90457338061662
2026-04-03T12:59:39.017 -76468.842860920980 -103980.976433377044 -57633.536611612049 -0.60629258673976 -1.65050543424537 -0.90261576827956
2026-04-03T13:03:39.017 -76614.044297014188 -104376.675952396938 -57849.930649281421 -0.60372274417829 -1.64699401233906 -0.90066981050415
2026-04-03T13:07:39.017 -76758.631382057225 -104771.535208389803 -58065.859042622469 -0.60117295091017 -1.64350320418019 -0.89873537740331
2026-04-03T13:11:39.017 -76902.608896574879 -105165.559121316037 -58281.324542178634 -0.59864294684601 -1.64003278254879 -0.89681234116555
2026-04-03T13:15:39.017 -77045.981559235486 -105558.752557035856 -58496.329868063360 -0.59613247658670 -1.63658252381763 -0.89490057601200
2026-04-03T13:19:39.017 -77188.754027963616 -105951.120328162666 -58710.877710442866 -0.59364128931563 -1.63315220787840 -0.89299995815437
2026-04-03T13:23:39.017 -77330.930901027270 -106342.667194898939 -58924.970730008958 -0.59116913869393 -1.62974161806989 -0.89111036575412
2026-04-03T13:27:39.017 -77472.516718100218 -106733.397865855106 -59138.611558442150 -0.58871578275867 -1.62635054110788 -0.88923167888255
2026-04-03T13:31:39.017 -77613.515961300320 -107123.316998851747 -59351.802798865370 -0.58628098382378 -1.62297876701675 -0.88736377948199
2026-04-03T13:35:39.017 -77753.933056204332 -107512.429201705658 -59564.547026288426 -0.58386450838377 -1.61962608906287 -0.88550655132786
2026-04-03T13:39:39.017 -77893.772372839972 -107900.739033000078 -59776.846788043484 -0.58146612702002 -1.61629230368962 -0.88365987999171
2026-04-03T13:43:39.017 -78033.038226655786 -108288.251002839548 -59988.704604211824 -0.57908561430964 -1.61297721045393 -0.88182365280526
2026-04-03T13:47:39.017 -78171.734879469412 -108674.969573589697 -60200.122968042007 -0.57672274873682 -1.60968061196446 -0.87999775882513
2026-04-03T13:51:39.017 -78309.866540394898 -109060.899160602377 -60411.104346359760 -0.57437731260650 -1.60640231382124 -0.87818208879864
2026-04-03T13:55:39.017 -78447.437366749538 -109446.044132926530 -60621.651179969682 -0.57204909196043 -1.60314212455682 -0.87637653513034
2026-04-03T13:59:39.017 -78584.451464940852 -109830.408814005044 -60831.765884049055 -0.56973787649537 -1.59989985557877 -0.87458099184931
2026-04-03T14:03:39.017 -78720.912891334243 -110213.997482357998 -61041.450848533910 -0.56744345948360 -1.59667532111363 -0.87279535457738
2026-04-03T14:07:39.017 -78856.825653101740 -110596.814372252644 -61250.708438497517 -0.56516563769538 -1.59346833815213 -0.87101952049799
2026-04-03T14:11:39.017 -78992.193709052415 -110978.863674360342 -61459.540994521521 -0.56290421132353 -1.59027872639582 -0.86925338832587
2026-04-03T14:15:39.017 -79127.020970444966 -111360.149536400902 -61667.950833059898 -0.56065898390998 -1.58710630820486 -0.86749685827741
2026-04-03T14:19:39.017 -79261.311301782873 -111740.676063774503 -61875.940246795850 -0.55842976227422 -1.58395090854709 -0.86574983204174
2026-04-03T14:23:39.017 -79395.068521592621 -112120.447320181527 -62083.511504991868 -0.55621635644359 -1.58081235494830 -0.86401221275251
2026-04-03T14:27:39.017 -79528.296403185392 -112499.467328230647 -62290.666853833107 -0.55401857958539 -1.57769047744366 -0.86228390496028
2026-04-03T14:31:39.017 -79660.998675402661 -112877.740070035332 -62497.408516764175 -0.55183624794072 -1.57458510853025 -0.86056481460567
2026-04-03T14:35:39.017 -79793.179023346194 -113255.269487799160 -62703.738694819607 -0.54966918076000 -1.57149608312076 -0.85885484899297
2026-04-03T14:39:39.017 -79924.841089092646 -113632.059484390062 -62909.659566948038 -0.54751720024019 -1.56842323849820 -0.85715391676452
2026-04-03T14:43:39.017 -80055.988472393408 -114008.113923903904 -63115.173290330305 -0.54538013146352 -1.56536641427167 -0.85546192787560
2026-04-03T14:47:39.017 -80186.624731359829 -114383.436632217534 -63320.282000691608 -0.54325780233779 -1.56232545233312 -0.85377879356989
2026-04-03T14:51:39.017 -80316.753383134404 -114758.031397531580 -63524.987812607847 -0.54115004353821 -1.55930019681517 -0.85210442635556
2026-04-03T14:55:39.017 -80446.377904548048 -115131.901970903258 -63729.292819806273 -0.53905668845067 -1.55629049404980 -0.85043873998182
2026-04-03T14:59:39.017 -80575.501732764038 -115505.052066769320 -63933.199095460572 -0.53697757311635 -1.55329619252800 -0.84878164941607
2026-04-03T15:03:39.017 -80704.128265908759 -115877.485363459491 -64136.708692480555 -0.53491253617784 -1.55031714286038 -0.84713307082153
2026-04-03T15:07:39.017 -80832.260863689706 -116249.205503700519 -64339.823643796510 -0.53286141882646 -1.54735319773859 -0.84549292153540
2026-04-03T15:11:39.017 -80959.902848001002 -116620.216095111129 -64542.545962638389 -0.53082406475097 -1.54440421189765 -0.84386112004747
2026-04-03T15:15:39.017 -81087.057503516728 -116990.520710687924 -64744.877642809908 -0.52880032008744 -1.54147004207907 -0.84223758597926
2026-04-03T15:19:39.017 -81213.728078272427 -117360.122889282662 -64946.820658957724 -0.52679003337043 -1.53855054699486 -0.84062224006358
2026-04-03T15:23:39.017 -81339.917784234945 -117729.026136070912 -65148.376966835705 -0.52479305548531 -1.53564558729228 -0.83901500412456
2026-04-03T15:27:39.017 -81465.629797861067 -118097.233923012347 -65349.548503564518 -0.52280923962171 -1.53275502551933 -0.83741580105815
2026-04-03T15:30:48.802 -81563.846623999998 -118388.861768000002 -65508.035973999999 -0.52122666800000 -1.53049606700000 -0.83612508000000
2026-04-03T15:34:48.802 -81688.705498077848 -118755.836726475187 -65708.515636542623 -0.51926608829281 -1.52763093526765 -0.83454008454622
2026-04-03T15:38:48.802 -81813.095367491114 -119122.125738844901 -65908.615840437487 -0.51731827253891 -1.52477982754990 -0.83296291231719
2026-04-03T15:42:48.802 -81937.019278929074 -119487.732155172082 -66108.338454453289 -0.51538308226174 -1.52194261330219 -0.83139349010116
2026-04-03T15:46:48.802 -82060.480246098989 -119852.659294399069 -66307.685329906293 -0.51346038108104 -1.51911916372572 -0.82983174567039
2026-04-03T15:50:48.802 -82183.481250224359 -120216.910444762951 -66506.658300894487 -0.51155003467235 -1.51630935173704 -0.82827760776392
2026-04-03T15:54:48.802 -82306.025240533549 -120580.488864203639 -66705.259184527560 -0.50965191072754 -1.51351305193837 -0.82673100607083
2026-04-03T15:58:48.802 -82428.115134739070 -120943.397780764935 -66903.489781152923 -0.50776587891615 -1.51073014058850 -0.82519187121368
2026-04-03T16:02:48.802 -82549.753819507663 -121305.640392988716 -67101.351874577798 -0.50589181084773 -1.50796049557436 -0.82366013473246
2026-04-03T16:06:48.802 -82670.944150921452 -121667.219870302273 -67298.847232287531 -0.50402958003497 -1.50520399638311 -0.82213572906877
2026-04-03T16:10:48.802 -82791.688954930403 -122028.139353399136 -67495.977605660111 -0.50217906185774 -1.50246052407489 -0.82061858755042
2026-04-03T16:14:48.802 -82911.991027796175 -122388.401954613320 -67692.744730177001 -0.50034013352793 -1.49972996125609 -0.81910864437630
2026-04-03T16:18:48.802 -83031.853136527672 -122748.010758287346 -67889.150325630442 -0.49851267405509 -1.49701219205325 -0.81760583460156
2026-04-03T16:22:48.802 -83151.278019308447 -123106.968821133923 -68085.196096327243 -0.49669656421284 -1.49430710208739 -0.81611009412314
2026-04-03T16:26:48.802 -83270.268385916148 -123465.279172591632 -68280.883731289054 -0.49489168650611 -1.49161457844898 -0.81462135966558
2026-04-03T16:30:48.802 -83388.826918134102 -123822.944815174662 -68476.214904449327 -0.49309792513901 -1.48893450967333 -0.81313956876711
2026-04-03T16:34:48.802 -83506.956270155424 -124179.968724816630 -68671.191274846977 -0.49131516598352 -1.48626678571661 -0.81166465976607
2026-04-03T16:38:48.802 -83624.659068979570 -124536.353851208769 -68865.814486816787 -0.48954329654886 -1.48361129793221 -0.81019657178755
2026-04-03T16:42:48.802 -83741.937914801645 -124892.103118132480 -69060.086170176670 -0.48778220595145 -1.48096793904769 -0.80873524473033
2026-04-03T16:46:48.802 -83858.795381394666 -125247.219423786431 -69254.007940411830 -0.48603178488571 -1.47833660314217 -0.80728061925413
2026-04-03T16:50:48.802 -83975.234016484756 -125601.705641108230 -69447.581398855822 -0.48429192559534 -1.47571718562416 -0.80583263676704
2026-04-03T16:54:48.802 -84091.256342119668 -125955.564618090895 -69640.808132868740 -0.48256252184535 -1.47310958320985 -0.80439123941325
2026-04-03T16:58:48.802 -84206.864855030552 -126308.799178094094 -69833.689716012406 -0.48084346889463 -1.47051369390183 -0.80295637006104
2026-04-03T17:02:48.802 -84322.062026987274 -126661.412120150417 -70026.227708222737 -0.47913466346916 -1.46792941696827 -0.80152797229096
2026-04-03T17:06:48.802 -84436.850305147353 -127013.406219266617 -70218.423655979306 -0.47743600373579 -1.46535665292241 -0.80010599038431
2026-04-03T17:10:48.802 -84551.232112398691 -127364.784226720047 -70410.279092472134 -0.47574738927660 -1.46279530350263 -0.79869036931179
2026-04-03T17:14:48.802 -84665.209847696198 -127715.548870350307 -70601.795537765836 -0.47406872106378 -1.46024527165272 -0.79728105472242
2026-04-03T17:18:48.802 -84778.785886392463 -128065.702854846240 -70792.974498961106 -0.47239990143513 -1.45770646150271 -0.79587799293266
2026-04-03T17:22:48.802 -84891.962580562613 -128415.248862028326 -70983.817470353606 -0.47074083406995 -1.45517877834995 -0.79448113091574
2026-04-03T17:26:48.802 -85004.742259323451 -128764.189551126663 -71174.325933590342 -0.46909142396563 -1.45266212864062 -0.79309041629119
2026-04-03T17:30:48.802 -85117.127229146980 -129112.527559054477 -71364.501357823538 -0.46745157741455 -1.45015641995160 -0.79170579731463
2026-04-03T17:34:48.802 -85229.119774168546 -129460.265500677328 -71554.345199862088 -0.46582120198158 -1.44766156097269 -0.79032722286770
2026-04-03T17:39:03.815 -85347.587732585278 -129829.085784481023 -71755.787555646661 -0.46409723813948 -1.44501564893775 -0.78886241201885
2026-04-03T17:42:37.179 -85446.456440933689 -130137.165520316208 -71923.972780077282 -0.46266446414767 -1.44281679477334 -0.78764748452818
2026-04-03T17:46:10.543 -85545.020224018008 -130444.776993316715 -72091.899280439364 -0.46123896567393 -1.44062630762820 -0.78643721789208
2026-04-03T17:49:43.907 -85643.280627586966 -130751.921982160929 -72259.568047529639 -0.45982068110969 -1.43844412627709 -0.78523157784209
2026-04-03T17:53:17.271 -85741.239184322418 -131058.602252532830 -72426.980064871910 -0.45840954957721 -1.43627019013910 -0.78403053047203
2026-04-03T17:56:50.636 -85838.897413994055 -131364.819557258568 -72594.136308793823 -0.45700551091851 -1.43410443926880 -0.78283404223308
2026-04-03T18:00:24.000 -85936.256823611868 -131670.575636441150 -72761.037748502597 -0.45560850568448 -1.43194681434761 -0.78164207992884
2026-04-03T18:03:57.364 -86033.318907576191 -131975.872217593191 -72927.685346159706 -0.45421847512426 -1.42979725667520 -0.78045461071054
2026-04-03T18:07:30.728 -86130.085147825594 -132280.711015767971 -73094.080056954554 -0.45283536117474 -1.42765570816113 -0.77927160207227
2026-04-03T18:11:04.092 -86226.557013982514 -132585.093733688729 -73260.222829177073 -0.45145910645030 -1.42552211131661 -0.77809302184636
2026-04-03T18:15:04.092 -86334.722235779889 -132926.931979210145 -73446.806588533014 -0.44991916967830 -1.42313159281908 -0.77677256284044
2026-04-03T18:19:04.092 -86442.518897603688 -133268.197690948960 -73633.074100780257 -0.44838776013578 -1.42075098319073 -0.77545762184910
2026-04-03T18:23:04.092 -86549.949036525199 -133608.893237515498 -73819.026684917146 -0.44686479912894 -1.41838020326534 -0.77414815458189
2026-04-03T18:27:04.092 -86657.014670851684 -133949.020968629629 -74004.665649373797 -0.44535020898186 -1.41601917478611 -0.77284411725944
2026-04-03T18:31:04.092 -86763.717800368671 -134288.583215337305 -74189.992292133858 -0.44384391301979 -1.41366782039200 -0.77154546660584
2026-04-03T18:35:04.092 -86870.060406578195 -134627.582290224003 -74375.007900854398 -0.44234583555259 -1.41132606360443 -0.77025215984105
2026-04-03T18:39:04.092 -86976.044452933231 -134966.020487624919 -74559.713752984055 -0.44085590185863 -1.40899382881414 -0.76896415467355
2026-04-03T18:43:04.092 -87081.671885068194 -135303.900083832094 -74744.111115879394 -0.43937403816902 -1.40667104126834 -0.76768140929301
2026-04-03T18:47:04.092 -87186.944631025719 -135641.223337298346 -74928.201246919518 -0.43790017165203 -1.40435762705804 -0.76640388236326
2026-04-03T18:51:04.092 -87291.864601479785 -135977.992488838412 -75111.985393619063 -0.43643423039795 -1.40205351310569 -0.76513153301518
2026-04-03T18:55:04.092 -87396.433689955185 -136314.209761826904 -75295.464793739418 -0.43497614340419 -1.39975862715295 -0.76386432083993
2026-04-03T18:59:04.092 -87500.653773043479 -136649.877362393599 -75478.640675398434 -0.43352584056066 -1.39747289774879 -0.76260220588213
2026-04-03T19:03:04.092 -87604.526710615464 -136984.997479615675 -75661.514257178394 -0.43208325263547 -1.39519625423766 -0.76134514863327
2026-04-03T19:07:04.092 -87708.054346030272 -137319.572285707342 -75844.086748232512 -0.43064831126087 -1.39292862674804 -0.76009311002519
2026-04-03T19:11:04.092 -87811.238506341106 -137653.603936206520 -76026.359348389873 -0.42922094891953 -1.39066994618103 -0.75884605142369
2026-04-03T19:15:04.092 -87914.081002497682 -137987.094570159039 -76208.333248258772 -0.42780109893100 -1.38842014419926 -0.75760393462226
2026-04-03T19:19:04.092 -88016.583629545508 -138320.046310300066 -76390.009629328662 -0.42638869543849 -1.38617915321598 -0.75636672183591
2026-04-03T19:23:04.092 -88118.748166822028 -138652.461263232894 -76571.389664070564 -0.42498367339589 -1.38394690638425 -0.75513437569512
2026-04-03T19:27:04.092 -88220.576378149592 -138984.341519605310 -76752.474516036091 -0.42358596855503 -1.38172333758647 -0.75390685923988
2026-04-03T19:31:04.092 -88322.070012025506 -139315.689154283347 -76933.265339954989 -0.42219551745318 -1.37950838142394 -0.75268413591386
2026-04-03T19:35:04.092 -88423.230801809055 -139646.506226522586 -77113.763281831358 -0.42081225740083 -1.37730197320672 -0.75146616955866
2026-04-03T19:39:04.092 -88524.060465905612 -139976.794780137076 -77293.969479038482 -0.41943612646965 -1.37510404894363 -0.75025292440816
2026-04-03T19:43:04.092 -88624.560707947894 -140306.556843665865 -77473.885060412285 -0.41806706348067 -1.37291454533237 -0.74904436508302
2026-04-03T19:47:04.092 -88724.733216974477 -140635.794430537120 -77653.511146343517 -0.41670500799275 -1.37073339974990 -0.74784045658516
2026-04-03T19:51:04.092 -88824.579667605416 -140964.509539230086 -77832.848848868598 -0.41534990029122 -1.36856055024292 -0.74664116429249
2026-04-03T19:55:04.092 -88924.101720215345 -141292.704153434606 -78011.899271759234 -0.41400168137673 -1.36639593551854 -0.74544645395358
2026-04-03T19:59:04.092 -89023.301021103762 -141620.380242208572 -78190.663510610771 -0.41266029295430 -1.36423949493513 -0.74425629168253
2026-04-03T20:03:04.092 -89122.179202662839 -141947.539760133106 -78369.142652929295 -0.41132567742262 -1.36209116849326 -0.74307064395391
2026-04-03T20:07:04.092 -89220.737883542621 -142274.184647465707 -78547.337778217508 -0.40999777786352 -1.35995089682687 -0.74188947759769
2026-04-03T20:11:04.092 -89318.978668813725 -142600.316830291093 -78725.249958059503 -0.40867653803158 -1.35781862119455 -0.74071275979441
2026-04-03T20:15:04.092 -89416.903150127589 -142925.938220670156 -78902.880256204255 -0.40736190234406 -1.35569428347097 -0.73954045807032
2026-04-03T20:19:04.092 -89514.512905874304 -143251.050716786820 -79080.229728648075 -0.40605381587090 -1.35357782613845 -0.73837254029264
2026-04-03T20:23:04.092 -89611.809501338095 -143575.656203092862 -79257.299423715842 -0.40475222432492 -1.35146919227872 -0.73720897466489
2026-04-03T20:27:04.092 -89708.794488850457 -143899.756550450722 -79434.090382141163 -0.40345707405227 -1.34936832556471 -0.73604972972232
2026-04-03T20:31:04.092 -89805.469407941011 -144223.353616274544 -79610.603637145497 -0.40216831202297 -1.34727517025262 -0.73489477432739
2026-04-03T20:35:04.092 -89901.835785486110 -144546.449244669144 -79786.840214516094 -0.40088588582167 -1.34518967117401 -0.73374407766534
2026-04-03T20:39:04.092 -89997.895135855273 -144869.045266567176 -79962.801132682958 -0.39960974363854 -1.34311177372806 -0.73259760923985
2026-04-03T20:43:04.092 -90093.648961055442 -145191.143499864469 -80138.487402794752 -0.39833983426038 -1.34104142387395 -0.73145533886871
2026-04-03T20:47:04.092 -90189.098750873090 -145512.745749553491 -80313.900028793694 -0.39707610706184 -1.33897856812341 -0.73031723667966
2026-04-03T20:51:04.092 -90284.245983014291 -145833.853807855106 -80489.040007489428 -0.39581851199679 -1.33692315353332 -0.72918327310618
2026-04-03T20:55:04.092 -90379.092123242706 -146154.469454348495 -80663.908328631922 -0.39456699958992 -1.33487512769848 -0.72805341888348
2026-04-03T20:59:04.092 -90473.638625515596 -146474.594456099439 -80838.505974983404 -0.39332152092836 -1.33283443874447 -0.72692764504444
2026-04-03T21:03:04.092 -90567.886932117806 -146794.230567786872 -81012.833922389298 -0.39208202765360 -1.33080103532069 -0.72580592291569
2026-04-03T21:07:04.092 -90661.838473793861 -147113.379531827726 -81186.893139848311 -0.39084847195344 -1.32877486659340 -0.72468822411372
2026-04-03T21:11:04.092 -90755.494669878113 -147432.043078500195 -81360.684589581477 -0.38962080655409 -1.32675588223898 -0.72357452054104
2026-04-03T21:15:04.092 -90848.856928423047 -147750.222926065326 -81534.209227100393 -0.38839898471250 -1.32474403243725 -0.72246478438250
2026-04-03T21:19:04.092 -90941.926646325752 -148067.920780887100 -81707.468001274538 -0.38718296020871 -1.32273926786489 -0.72135898810148
2026-04-03T21:23:04.092 -91034.705209452542 -148385.138337550889 -81880.461854397654 -0.38597268733841 -1.32074153968900 -0.72025710443636
2026-04-03T21:27:04.092 -91127.193992761851 -148701.877278980362 -82053.191722253338 -0.38476812090559 -1.31875079956072 -0.71915910639689
2026-04-03T21:31:04.092 -91219.394360425315 -149018.139276552916 -82225.658534179718 -0.38356921621532 -1.31676699960899 -0.71806496726066
2026-04-03T21:35:04.092 -91311.307665947243 -149333.925990213611 -82397.863213133372 -0.38237592906671 -1.31479009243439 -0.71697466056968
2026-04-03T21:39:04.092 -91402.935252282288 -149649.239068587660 -82569.806675752334 -0.38118821574590 -1.31282003110308 -0.71588816012694
2026-04-03T21:43:04.092 -91494.278451951541 -149964.080149091402 -82741.489832418330 -0.38000603301922 -1.31085676914083 -0.71480543999306
2026-04-03T21:47:04.092 -91585.338587156977 -150278.450858041935 -82912.913587318239 -0.37882933812649 -1.30890026052717 -0.71372647448298
2026-04-03T21:51:04.092 -91676.116969894283 -150592.352810765326 -83084.078838504691 -0.37765808877441 -1.30695045968960 -0.71265123816273
2026-04-03T21:55:04.092 -91766.614902064102 -150905.787611703447 -83254.986477956001 -0.37649224313001 -1.30500732149789 -0.71157970584622
2026-04-03T21:59:04.092 -91856.833675581787 -151218.756854519364 -83425.637391635231 -0.37533175981433 -1.30307080125851 -0.71051185259211
2026-04-03T22:03:04.092 -91946.774572485592 -151531.262122201588 -83596.032459548587 -0.37417659789608 -1.30114085470912 -0.70944765370068
2026-04-03T22:07:04.092 -92036.438865043354 -151843.304987166892 -83766.172555803045 -0.37302671688549 -1.29921743801310 -0.70838708471078
2026-04-03T22:11:04.092 -92125.827815857745 -152154.887011361745 -83936.058548663219 -0.37188207672826 -1.29730050775428 -0.70733012139686
2026-04-03T22:15:04.092 -92214.942677970059 -152466.009746362746 -84105.691300607577 -0.37074263779954 -1.29539002093161 -0.70627673976600
2026-04-03T22:19:04.092 -92303.784694962582 -152776.674733475462 -84275.071668383884 -0.36960836089810 -1.29348593495404 -0.70522691605498
2026-04-03T22:23:04.092 -92392.355101059555 -153086.883503832330 -84444.200503064043 -0.36847920724054 -1.29158820763538 -0.70418062672743
2026-04-03T22:27:04.092 -92480.655121226766 -153396.637578489201 -84613.078650098149 -0.36735513845562 -1.28969679718932 -0.70313784847099
2026-04-03T22:31:04.092 -92568.685971269821 -153705.938468520675 -84781.706949367945 -0.36623611657868 -1.28781166222445 -0.70209855819457
2026-04-03T22:35:04.092 -92656.448857931027 -154014.787675114319 -84950.086235239563 -0.36512210404614 -1.28593276173940 -0.70106273302557
2026-04-03T22:39:04.092 -92743.944978985048 -154323.186689663678 -85118.217336615693 -0.36401306369009 -1.28406005511809 -0.70003035030722
2026-04-03T22:43:04.092 -92831.175523333164 -154631.136993860244 -85286.101076987019 -0.36290895873300 -1.28219350212492 -0.69900138759588
2026-04-03T22:47:04.092 -92918.141671096397 -154938.640059784113 -85453.738274483068 -0.36180975278251 -1.28033306290021 -0.69797582265849
2026-04-03T22:51:04.092 -93004.844593707297 -155245.697349993745 -85621.129741922443 -0.36071540982622 -1.27847869795556 -0.69695363346993
2026-04-03T22:55:04.092 -93091.285454000536 -155552.310317614494 -85788.276286862427 -0.35962589422673 -1.27663036816938 -0.69593479821053
2026-04-03T22:59:04.092 -93177.465406302304 -155858.480406426039 -85955.178711647968 -0.35854117071657 -1.27478803478241 -0.69491929526356
2026-04-03T23:03:04.092 -93263.385596518492 -156164.209050948935 -86121.837813460108 -0.35746120439340 -1.27295165939334 -0.69390710321276
2026-04-03T23:07:04.092 -93349.047162221774 -156469.497676529922 -86288.254384363812 -0.35638596071510 -1.27112120395456 -0.69289820083993
2026-04-03T23:11:04.092 -93434.451232737469 -156774.347699426347 -86454.429211355193 -0.35531540549512 -1.26929663076782 -0.69189256712252
2026-04-03T23:15:04.092 -93519.598929228319 -157078.760526889469 -86620.363076408205 -0.35424950489775 -1.26747790248011 -0.69089018123130
2026-04-03T23:19:04.092 -93604.491364778136 -157382.737557246874 -86786.056756520746 -0.35318822543357 -1.26566498207951 -0.68989102252806
2026-04-03T23:23:04.092 -93689.129644474378 -157686.280179983733 -86951.511023760249 -0.35213153395495 -1.26385783289114 -0.68889507056327
2026-04-03T23:27:04.092 -93773.514865489647 -157989.389775823365 -87116.726645308663 -0.35107939765155 -1.26205641857313 -0.68790230507388
2026-04-03T23:31:04.092 -93857.648117162084 -158292.067716806574 -87281.704383506963 -0.35003178404601 -1.26026070311269 -0.68691270598108
2026-04-03T23:35:04.092 -93941.530481074791 -158594.315366370196 -87446.444995899088 -0.34898866098959 -1.25847065082226 -0.68592625338812
2026-04-03T23:39:04.092 -94025.163031134216 -158896.134079424693 -87610.949235275417 -0.34794999665801 -1.25668622633559 -0.68494292757819
2026-04-03T23:43:04.092 -94108.546833647459 -159197.525202430843 -87775.217849715656 -0.34691575954719 -1.25490739460405 -0.68396270901223
2026-04-03T23:47:04.092 -94191.682947398658 -159498.490073475434 -87939.251582631274 -0.34588591846922 -1.25313412089287 -0.68298557832691
2026-04-03T23:51:04.092 -94274.572423724414 -159799.030022346269 -88103.051172807391 -0.34486044254829 -1.25136637077746 -0.68201151633251
2026-04-03T23:55:04.092 -94357.216306588176 -160099.146370606031 -88266.617354444257 -0.34383930121673 -1.24960411013984 -0.68104050401095
2026-04-03T23:59:04.092 -94439.615632653717 -160398.840431665594 -88429.950857198157 -0.34282246421105 -1.24784730516503 -0.68007252251375
2026-04-04T00:03:04.092 -94521.771431357716 -160698.113510856230 -88593.052406221905 -0.34180990156815 -1.24609592233756 -0.67910755316005
2026-04-04T00:07:04.092 -94603.684724981358 -160996.966905501060 -88755.922722204821 -0.34080158362149 -1.24434992843800 -0.67814557743471
2026-04-04T00:11:04.092 -94685.356528721066 -161295.401904985774 -88918.562521412299 -0.33979748099736 -1.24260929053957 -0.67718657698634
2026-04-04T00:15:04.092 -94766.787850758366 -161593.419790828368 -89080.972515724847 -0.33879756461119 -1.24087397600475 -0.67623053362546
2026-04-04T00:19:04.092 -94847.979692328809 -161891.021836748259 -89243.153412676751 -0.33780180566396 -1.23914395248197 -0.67527742932261
2026-04-04T00:23:04.092 -94928.933047790080 -162188.209308734426 -89405.105915494234 -0.33681017563858 -1.23741918790234 -0.67432724620651
2026-04-04T00:27:04.092 -95009.648904689253 -162484.983465112949 -89566.830723133215 -0.33582264629645 -1.23569965047644 -0.67337996656227
2026-04-04T00:31:04.092 -95090.128243829211 -162781.345556613640 -89728.328530316634 -0.33483918967394 -1.23398530869113 -0.67243557282959
2026-04-04T00:35:04.092 -95170.372039334223 -163077.296826436010 -89889.600027571345 -0.33385977807900 -1.23227613130639 -0.67149404760102
2026-04-04T00:39:04.092 -95250.381258714726 -163372.838510314439 -90050.645901264550 -0.33288438408783 -1.23057208735230 -0.67055537362019
2026-04-04T00:43:04.092 -95330.156862931282 -163667.971836582612 -90211.466833639905 -0.33191298054153 -1.22887314612592 -0.66961953378014
2026-04-04T00:47:04.092 -95409.699806457793 -163962.698026237282 -90372.063502853154 -0.33094554054290 -1.22717927718831 -0.66868651112161
2026-04-04T00:51:04.092 -95489.011037343909 -164257.018293001194 -90532.436583007366 -0.32998203745318 -1.22549045036160 -0.66775628883139
2026-04-04T00:55:04.092 -95568.091497276691 -164550.933843385457 -90692.586744187807 -0.32902244488894 -1.22380663572601 -0.66682885024065
2026-04-04T00:59:04.092 -95646.942121641478 -164844.445876751124 -90852.514652496378 -0.32806673671891 -1.22212780361702 -0.66590417882338
2026-04-04T01:03:04.092 -95725.563839582086 -165137.555585370108 -91012.220970085735 -0.32711488706098 -1.22045392462249 -0.66498225819472
2026-04-04T01:07:04.092 -95803.957574060201 -165430.264154485398 -91171.706355192946 -0.32616687027916 -1.21878496957988 -0.66406307210946
2026-04-04T01:11:04.092 -95882.124241914105 -165722.572762370692 -91330.971462172820 -0.32522266098056 -1.21712090957347 -0.66314660446044
2026-04-04T01:15:04.092 -95960.064753916682 -166014.482580389187 -91490.016941530848 -0.32428223401254 -1.21546171593166 -0.66223283927704
2026-04-04T01:19:04.092 -96037.780014832708 -166305.994773051993 -91648.843439955846 -0.32334556445974 -1.21380736022423 -0.66132176072367
2026-04-04T01:23:04.092 -96115.270923475488 -166597.110498075635 -91807.451600352098 -0.32241262764131 -1.21215781425973 -0.66041335309826
2026-04-04T01:27:04.092 -96192.538372762749 -166887.830906439049 -91965.842061871299 -0.32148339910804 -1.21051305008285 -0.65950760083084
2026-04-04T01:31:04.092 -96269.583249771938 -167178.157142440032 -92124.015459944043 -0.32055785463964 -1.20887303997184 -0.65860448848203
2026-04-04T01:35:04.092 -96346.406435794837 -167468.090343750926 -92281.972426311011 -0.31963597024202 -1.20723775643596 -0.65770400074165
2026-04-04T01:39:04.092 -96423.008806391532 -167757.631641473708 -92439.713589053790 -0.31871772214457 -1.20560717221294 -0.65680612242731
2026-04-04T01:43:04.092 -96499.391231443689 -168046.782160194649 -92597.239572625389 -0.31780308679754 -1.20398126026656 -0.65591083848300
2026-04-04T01:47:04.092 -96575.554575207294 -168335.543018038181 -92754.550997880418 -0.31689204086945 -1.20235999378415 -0.65501813397774
2026-04-04T01:51:04.092 -96651.499696364714 -168623.915326720249 -92911.648482104909 -0.31598456124450 -1.20074334617420 -0.65412799410420
2026-04-04T01:55:04.092 -96727.227448076141 -168911.900191601191 -93068.532639045850 -0.31508062502004 -1.19913129106396 -0.65324040417738
2026-04-04T01:59:04.092 -96802.738678030466 -169199.498711737862 -93225.204078940355 -0.31418020950407 -1.19752380229713 -0.65235534963331
2026-04-04T02:03:04.092 -96878.034228495526 -169486.711979935353 -93381.663408544598 -0.31328329221281 -1.19592085393149 -0.65147281602770
2026-04-04T02:07:04.092 -96953.114936367798 -169773.541082798096 -93537.911231162347 -0.31238985086823 -1.19432242023665 -0.65059278903470
2026-04-04T02:11:04.092 -97027.981633221498 -170059.987100780389 -93693.948146673254 -0.31149986339572 -1.19272847569177 -0.64971525444563
2026-04-04T02:15:04.092 -97102.635145357082 -170346.051108236512 -93849.774751560835 -0.31061330792167 -1.19113899498333 -0.64884019816771
2026-04-04T02:19:04.092 -97177.076293849255 -170631.734173470089 -94005.391638940098 -0.30973016277118 -1.18955395300296 -0.64796760622283
2026-04-04T02:23:04.092 -97251.305894594349 -170917.037358783185 -94160.799398584961 -0.30885040646580 -1.18797332484523 -0.64709746474635
2026-04-04T02:27:04.092 -97325.324758357194 -171201.961720524705 -94315.998616955330 -0.30797401772119 -1.18639708580554 -0.64622975998589
2026-04-04T02:31:04.092 -97399.133690817485 -171486.508309138299 -94470.989877223867 -0.30710097544500 -1.18482521137797 -0.64536447830013
2026-04-04T02:35:04.092 -97472.733492615560 -171770.678169209830 -94625.773759302567 -0.30623125873457 -1.18325767725324 -0.64450160615768
2026-04-04T02:39:04.092 -97546.124959397654 -172054.472339514381 -94780.350839868916 -0.30536484687486 -1.18169445931659 -0.64364113013585
2026-04-04T02:43:04.092 -97619.308881860692 -172337.891853062552 -94934.721692391933 -0.30450171933624 -1.18013553364582 -0.64278303691962
2026-04-04T02:47:04.092 -97692.286045796543 -172620.937737146596 -95088.886887157816 -0.30364185577245 -1.17858087650922 -0.64192731330039
2026-04-04T02:51:04.092 -97765.057232135761 -172903.611013385758 -95242.846991295359 -0.30278523601846 -1.17703046436359 -0.64107394617498
2026-04-04T02:55:04.092 -97837.623216990847 -173185.912697771390 -95396.602568801129 -0.30193184008850 -1.17548427385235 -0.64022292254447
2026-04-04T02:59:04.092 -97909.984771699004 -173467.843800711416 -95550.154180564365 -0.30108164817397 -1.17394228180354 -0.63937422951311
2026-04-04T03:03:04.092 -97982.142662864455 -173749.405327074463 -95703.502384391599 -0.30023464064149 -1.17240446522792 -0.63852785428731
2026-04-04T03:07:04.092 -98054.097652400218 -174030.598276233504 -95856.647735031045 -0.29939079803093 -1.17087080131712 -0.63768378417454
2026-04-04T03:11:04.092 -98125.850497569496 -174311.423642109032 -96009.590784196742 -0.29855010105348 -1.16934126744179 -0.63684200658227
2026-04-04T03:15:04.092 -98197.401951026535 -174591.882413211744 -96162.332080592430 -0.29771253058973 -1.16781584114969 -0.63600250901701
2026-04-04T03:19:04.092 -98268.752760857067 -174871.975572684925 -96314.872169935174 -0.29687806768779 -1.16629450016397 -0.63516527908322
2026-04-04T03:23:04.092 -98339.903670618281 -175151.704098346236 -96467.211594978755 -0.29604669356144 -1.16477722238133 -0.63433030448237
2026-04-04T03:27:04.092 -98410.855419378378 -175431.068962729216 -96619.350895536889 -0.29521838958827 -1.16326398587024 -0.63349757301191
2026-04-04T03:31:04.092 -98481.608741755656 -175710.071133124293 -96771.290608506053 -0.29439313730792 -1.16175476886925 -0.63266707256429
2026-04-04T03:35:04.092 -98552.164367957186 -175988.711571619351 -96923.031267888247 -0.29357091842027 -1.16024954978522 -0.63183879112603
2026-04-04T03:39:04.092 -98622.523023817062 -176266.991235139983 -97074.573404813418 -0.29275171478365 -1.15874830719165 -0.63101271677675
2026-04-04T03:43:04.092 -98692.685430834230 -176544.911075489217 -97225.917547561694 -0.29193550841318 -1.15725101982696 -0.63018883768820
2026-04-04T03:47:04.092 -98762.652306209886 -176822.472039386950 -97377.064221585402 -0.29112228147899 -1.15575766659288 -0.62936714212338
2026-04-04T03:51:04.092 -98832.424362884514 -177099.675068508892 -97528.013949530839 -0.29031201630456 -1.15426822655278 -0.62854761843559
2026-04-04T03:55:04.092 -98902.002309574469 -177376.521099525242 -97678.767251259836 -0.28950469536505 -1.15278267893005 -0.62773025506753
2026-04-04T03:59:04.092 -98971.386850808150 -177653.011064138846 -97829.324643871107 -0.28870030128565 -1.15130100310654 -0.62691504055040
2026-04-04T04:03:04.092 -99040.578686961890 -177929.145889123000 -97979.686641721390 -0.28789881683998 -1.14982317862092 -0.62610196350304
2026-04-04T04:07:04.092 -99109.578514295295 -178204.926496359025 -98129.853756446362 -0.28710022494844 -1.14834918516717 -0.62529101263103
2026-04-04T04:11:04.092 -99178.387024986339 -178480.353802873200 -98279.826496981390 -0.28630450867669 -1.14687900259303 -0.62448217672583
2026-04-04T04:15:04.092 -99247.004907166047 -178755.428720873635 -98429.605369582001 -0.28551165123405 -1.14541261089846 -0.62367544466394
2026-04-04T04:19:04.092 -99315.432844952753 -179030.152157786477 -98579.190877844187 -0.28472163597197 -1.14394999023416 -0.62287080540605
2026-04-04T04:23:04.092 -99383.671518486037 -179304.525016292027 -98728.583522724541 -0.28393444638253 -1.14249112090006 -0.62206824799623
2026-04-04T04:27:04.092 -99451.721603960308 -179578.548194360337 -98877.783802560138 -0.28315006609692 -1.14103598334388 -0.62126776156105
2026-04-04T04:31:04.092 -99519.583773658014 -179852.222585286450 -99026.792213088265 -0.28236847888396 -1.13958455815968 -0.62046933530886
2026-04-04T04:35:04.092 -99587.258695982469 -180125.549077725474 -99175.609247465953 -0.28158966864867 -1.13813682608640 -0.61967295852889
2026-04-04T04:39:04.092 -99654.747035490407 -180398.528555727040 -99324.235396289252 -0.28081361943078 -1.13669276800648 -0.61887862059054
2026-04-04T04:43:04.092 -99722.049452924126 -180671.161898769642 -99472.671147612433 -0.28004031540336 -1.13525236494444 -0.61808631094254
2026-04-04T04:47:04.092 -99789.166605243314 -180943.449981794634 -99620.916986966884 -0.27926974087138 -1.13381559806550 -0.61729601911222
2026-04-04T04:51:04.092 -99856.099145656524 -181215.393675239728 -99768.973397379916 -0.27850188027036 -1.13238244867424 -0.61650773470472
2026-04-04T04:55:04.092 -99922.847723652390 -181486.993845072313 -99916.840859393342 -0.27773671816495 -1.13095289821324 -0.61572144740224
2026-04-04T04:59:04.092 -99989.412985030416 -181758.251352822466 -100064.519851081874 -0.27697423924764 -1.12952692826172 -0.61493714696330
2026-04-04T05:03:04.092 -100055.795571931492 -182029.167055615515 -100212.010848071339 -0.27621442833737 -1.12810452053428 -0.61415482322200
2026-04-04T05:07:04.092 -100121.996122868120 -182299.741806204402 -100359.314323556770 -0.27545727037828 -1.12668565687954 -0.61337446608730
2026-04-04T05:11:04.092 -100188.015272754274 -182569.976453001698 -100506.430748320228 -0.27470275043834 -1.12527031927892 -0.61259606554229
2026-04-04T05:15:04.092 -100253.853652934980 -182839.871840111300 -100653.360590748576 -0.27395085370813 -1.12385848984530 -0.61181961164348
2026-04-04T05:19:04.092 -100319.511891215589 -183109.428807359916 -100800.104316850950 -0.27320156549953 -1.12245015082183 -0.61104509452011
2026-04-04T05:23:04.092 -100384.990611890724 -183378.648190328036 -100946.662390276178 -0.27245487124450 -1.12104528458065 -0.61027250437344
2026-04-04T05:27:04.092 -100450.290435772986 -183647.530820380867 -101093.035272329958 -0.27171075649381 -1.11964387362168 -0.60950183147608
2026-04-04T05:31:04.092 -100515.411980221266 -183916.077524698805 -101239.223421991919 -0.27096920691589 -1.11824590057140 -0.60873306617131
2026-04-04T05:35:04.092 -100580.355859168907 -184184.289126307645 -101385.227295932476 -0.27023020829553 -1.11685134818166 -0.60796619887238
2026-04-04T05:39:04.092 -100645.122683151436 -184452.166444108589 -101531.047348529566 -0.26949374653280 -1.11546019932850 -0.60720122006191
2026-04-04T05:43:04.092 -100709.713059334099 -184719.710292907839 -101676.684031885190 -0.26875980764178 -1.11407243701098 -0.60643812029116
2026-04-04T05:47:04.092 -100774.127591539087 -184986.921483446058 -101822.137795841860 -0.26802837774946 -1.11268804435003 -0.60567689017945
2026-04-04T05:51:04.092 -100838.366880272530 -185253.800822427409 -101967.409087998807 -0.26729944309459 -1.11130700458727 -0.60491752041349
2026-04-04T05:55:04.092 -100902.431522751140 -185520.349112548400 -102112.498353728093 -0.26657299002653 -1.10992930108395 -0.60416000174675
2026-04-04T05:59:04.092 -100966.322112928625 -185786.567152526521 -102257.406036190572 -0.26584900500414 -1.10855491731977 -0.60340432499883
2026-04-04T06:03:04.092 -101030.039241521881 -186052.455737128475 -102402.132576351665 -0.26512747459472 -1.10718383689180 -0.60265048105485
2026-04-04T06:07:04.092 -101093.583496036823 -186318.015657198237 -102546.678412997047 -0.26440838547284 -1.10581604351341 -0.60189846086485
2026-04-04T06:11:04.092 -101156.955460794037 -186583.247699684842 -102691.043982748102 -0.26369172441934 -1.10445152101316 -0.60114825544317
2026-04-04T06:15:04.092 -101220.155716954177 -186848.152647669922 -102835.229720077317 -0.26297747832025 -1.10309025333376 -0.60039985586788
2026-04-04T06:19:04.092 -101283.184842543051 -187112.731280394888 -102979.236057323520 -0.26226563416571 -1.10173222453099 -0.59965325328014
2026-04-04T06:23:04.092 -101346.043412476472 -187376.984373288054 -103123.063424706925 -0.26155617904899 -1.10037741877270 -0.59890843888367
2026-04-04T06:27:04.092 -101408.731998584946 -187640.912697991356 -103266.712250344077 -0.26084910016539 -1.09902582033771 -0.59816540394415
2026-04-04T06:31:04.092 -101471.251169637966 -187904.517022386834 -103410.182960262668 -0.26014438481133 -1.09767741361488 -0.59742413978865
2026-04-04T06:35:04.092 -101533.601491368201 -188167.798110623000 -103553.475978416216 -0.25944202038326 -1.09633218310203 -0.59668463780508
2026-04-04T06:39:04.092 -101595.783526495390 -188430.756723140803 -103696.591726698549 -0.25874199437674 -1.09499011340500 -0.59594688944161
2026-04-04T06:43:04.092 -101657.797834749988 -188693.393616699410 -103839.530624958265 -0.25804429438542 -1.09365118923662 -0.59521088620615
2026-04-04T06:47:04.092 -101719.644972896611 -188955.709544401878 -103982.293091012951 -0.25734890810010 -1.09231539541575 -0.59447661966578
2026-04-04T06:51:04.092 -101781.325494757228 -189217.705255720415 -104124.879540663344 -0.25665582330781 -1.09098271686636 -0.59374408144623
2026-04-04T06:55:04.092 -101842.839951234128 -189479.381496521441 -104267.290387707355 -0.25596502789079 -1.08965313861651 -0.59301326323132
2026-04-04T06:59:04.092 -101904.188890332705 -189740.739009090525 -104409.526043953912 -0.25527650982566 -1.08832664579745 -0.59228415676249
2026-04-04T07:03:04.092 -101965.372857183946 -190001.778532157070 -104551.586919236754 -0.25459025718243 -1.08700322364271 -0.59155675383820
2026-04-04T07:07:04.092 -102026.392394066774 -190262.500800918671 -104693.473421428062 -0.25390625812362 -1.08568285748712 -0.59083104631350
2026-04-04T07:11:04.092 -102087.248040430131 -190522.906547065359 -104835.185956451940 -0.25322450090339 -1.08436553276595 -0.59010702609945
2026-04-04T07:15:04.092 -102147.940332914848 -190782.996498803579 -104976.724928297830 -0.25254497386661 -1.08305123501399 -0.58938468516267
2026-04-04T07:19:04.092 -102208.469805375324 -191042.771380880004 -105118.090739033782 -0.25186766544804 -1.08173994986466 -0.58866401552481
2026-04-04T07:23:04.092 -102268.836988901021 -191302.231914605072 -105259.283788819594 -0.25119256417140 -1.08043166304916 -0.58794500926206
2026-04-04T07:27:04.092 -102329.042411837669 -191561.378817876306 -105400.304475919853 -0.25051965864860 -1.07912636039553 -0.58722765850469
2026-04-04T07:31:04.092 -102389.086599808361 -191820.212805201561 -105541.153196716841 -0.24984893757881 -1.07782402782788 -0.58651195543655
2026-04-04T07:35:04.092 -102448.970075734367 -192078.734587721876 -105681.830345723356 -0.24918038974772 -1.07652465136546 -0.58579789229458
2026-04-04T07:39:04.092 -102508.693359855839 -192336.944873234257 -105822.336315595370 -0.24851400402662 -1.07522821712187 -0.58508546136837
2026-04-04T07:43:04.092 -102568.256969752212 -192594.844366214209 -105962.671497144634 -0.24784976937169 -1.07393471130420 -0.58437465499966
2026-04-04T07:47:04.092 -102627.661420362536 -192852.433767838083 -106102.836279351148 -0.24718767482310 -1.07264412021220 -0.58366546558192
2026-04-04T07:51:04.092 -102686.907224005467 -193109.713776005199 -106242.831049375483 -0.24652770950427 -1.07135643023752 -0.58295788555986
2026-04-04T07:55:04.092 -102745.994890399219 -193366.685085359844 -106382.656192571041 -0.24586986262111 -1.07007162786281 -0.58225190742900
2026-04-04T07:59:04.092 -102804.924926681240 -193623.348387312959 -106522.312092496228 -0.24521412346116 -1.06878969966102 -0.58154752373520
2026-04-04T08:03:04.092 -102863.697837427695 -193879.704370063730 -106661.799130926433 -0.24456048139291 -1.06751063229456 -0.58084472707427
2026-04-04T08:07:04.092 -102922.314124672848 -194135.753718621010 -106801.117687865990 -0.24390892586499 -1.06623441251450 -0.58014351009148
2026-04-04T08:11:04.092 -102980.774287928158 -194391.497114824480 -106940.268141559995 -0.24325944640545 -1.06496102715985 -0.57944386548113
2026-04-04T08:15:04.092 -103039.078824201264 -194646.935237365629 -107079.250868506031 -0.24261203262101 -1.06369046315678 -0.57874578598618
2026-04-04T08:19:04.092 -103097.228228014807 -194902.068761808623 -107218.066243465757 -0.24196667419632 -1.06242270751783 -0.57804926439776
2026-04-04T08:23:04.092 -103155.222991425020 -195156.898360610940 -107356.714639476471 -0.24132336089324 -1.06115774734121 -0.57735429355481
2026-04-04T08:27:04.092 -103213.063604040159 -195411.424703143828 -107495.196427862480 -0.24068208255015 -1.05989556981004 -0.57666086634361
2026-04-04T08:31:04.092 -103270.750553038815 -195665.648455712566 -107633.511978246475 -0.24004282908121 -1.05863616219160 -0.57596897569743
2026-04-04T08:35:04.092 -103328.284323188011 -195919.570281576656 -107771.661658560712 -0.23940559047569 -1.05737951183666 -0.57527861459608
2026-04-04T08:39:04.092 -103385.665396861121 -196173.190840969706 -107909.645835058138 -0.23877035679725 -1.05612560617869 -0.57458977606553
2026-04-04T08:43:04.092 -103442.894254055660 -196426.510791119217 -108047.464872323442 -0.23813711818329 -1.05487443273321 -0.57390245317750
2026-04-04T08:47:04.092 -103499.971372410902 -196679.530786266172 -108185.119133283981 -0.23750586484424 -1.05362597909708 -0.57321663904911
2026-04-04T08:51:04.092 -103556.897227225330 -196932.251477684535 -108322.608979220633 -0.23687658706294 -1.05238023294778 -0.57253232684244
2026-04-04T08:55:04.092 -103613.672291473908 -197184.673513700429 -108459.934769778512 -0.23624927519394 -1.05113718204275 -0.57184950976416
2026-04-04T08:59:04.092 -103670.297035825264 -197436.797539711319 -108597.096862977662 -0.23562391966287 -1.04989681421869 -0.57116818106518
2026-04-04T09:03:04.092 -103726.771928658622 -197688.624198204896 -108734.095615223603 -0.23500051096578 -1.04865911739090 -0.57048833404024
2026-04-04T09:07:04.092 -103783.097436080643 -197940.154128777911 -108870.931381317831 -0.23437903966852 -1.04742407955264 -0.56980996202756
2026-04-04T09:11:04.092 -103839.274021942110 -198191.387968154770 -109007.604514468199 -0.23375949640609 -1.04619168877440 -0.56913305840846
2026-04-04T09:15:04.092 -103895.302147854454 -198442.326350206014 -109144.115366299186 -0.23314187188204 -1.04496193320334 -0.56845761660700
2026-04-04T09:19:04.092 -103951.182273206097 -198692.969905966602 -109280.464286862174 -0.23252615686786 -1.04373480106258 -0.56778363008964
2026-04-04T09:23:04.092 -104006.914855178737 -198943.319263654150 -109416.651624645514 -0.23191234220233 -1.04251028065057 -0.56711109236484
2026-04-04T09:27:04.092 -104062.500348763366 -199193.375048686838 -109552.677726584603 -0.23130041879094 -1.04128836034049 -0.56643999698275
2026-04-04T09:31:04.092 -104117.939206776267 -199443.137883701333 -109688.542938071856 -0.23069037760533 -1.04006902857959 -0.56577033753482
2026-04-04T09:34:48.802 -104167.292077000006 -199673.106544999988 -109813.777262000003 -0.23005337200000 -1.03882758200000 -0.56512170400000
2026-04-04T09:38:48.802 -104222.432075796416 -199922.279385702306 -109949.326411739006 -0.22944692804739 -1.03761318395101 -0.56445478055505
2026-04-04T09:42:48.802 -104277.426750947139 -200171.161077691097 -110084.715670045785 -0.22884234015174 -1.03640134083708 -0.56378927435345
2026-04-04T09:46:48.802 -104332.276546851761 -200419.752232797415 -110219.945376308140 -0.22823959953965 -1.03519204139195 -0.56312517914673
2026-04-04T09:50:48.802 -104386.981905811874 -200668.053460156923 -110355.015868418996 -0.22763869750096 -1.03398527442045 -0.56246248872610
2026-04-04T09:54:48.802 -104441.543268046138 -200916.065366226947 -110489.927482785890 -0.22703962538826 -1.03278102879792 -0.56180119692207
2026-04-04T09:58:48.802 -104495.961071705329 -201163.788554803265 -110624.680554340375 -0.22644237461627 -1.03157929346960 -0.56114129760414
2026-04-04T10:02:48.802 -104550.235752887151 -201411.223627036874 -110759.275416547316 -0.22584693666136 -1.03038005745010 -0.56048278468049
2026-04-04T10:06:48.802 -104604.367745650976 -201658.371181450522 -110893.712401414174 -0.22525330306097 -1.02918330982278 -0.55982565209767
2026-04-04T10:10:48.802 -104658.357482032457 -201905.231813955150 -111027.991839500130 -0.22466146541308 -1.02798903973921 -0.55916989384025
2026-04-04T10:14:48.802 -104712.205392057949 -202151.806117866217 -111162.114059925210 -0.22407141537570 -1.02679723641864 -0.55851550393054
2026-04-04T10:18:48.802 -104765.911903758883 -202398.094683919859 -111296.079390379280 -0.22348314466635 -1.02560788914738 -0.55786247642826
2026-04-04T10:22:48.802 -104819.477443185999 -202644.098100288946 -111429.888157131019 -0.22289664506152 -1.02442098727833 -0.55721080543026
2026-04-04T10:26:48.802 -104872.902434423420 -202889.816952598951 -111563.540685036744 -0.22231190839618 -1.02323652023038 -0.55656048507019
2026-04-04T10:30:48.802 -104926.187299602621 -203135.251823943778 -111697.037297549265 -0.22172892656329 -1.02205447748788 -0.55591150951822
2026-04-04T10:34:48.802 -104979.332458916280 -203380.403294901334 -111830.378316726565 -0.22114769151327 -1.02087484860016 -0.55526387298074
2026-04-04T10:38:48.802 -105032.338330632061 -203625.271943549160 -111963.564063240468 -0.22056819525351 -1.01969762318092 -0.55461756970005
2026-04-04T10:42:48.802 -105085.205331106146 -203869.858345479704 -112096.594856385273 -0.21999042984790 -1.01852279090781 -0.55397259395410
2026-04-04T10:46:48.802 -105137.933874796829 -204114.163073815696 -112229.471014086186 -0.21941438741636 -1.01735034152182 -0.55332894005619
2026-04-04T10:50:48.802 -105190.524374277811 -204358.186699225276 -112362.192852907858 -0.21884006013431 -1.01618026482684 -0.55268660235465
2026-04-04T10:54:48.802 -105242.977240251552 -204601.929789936985 -112494.760688062684 -0.21826744023225 -1.01501255068909 -0.55204557523262
2026-04-04T10:58:48.802 -105295.292881562360 -204845.392911754694 -112627.174833419194 -0.21769651999527 -1.01384718903670 -0.55140585310774
2026-04-04T11:02:48.802 -105347.471705209478 -205088.576628072420 -112759.435601510238 -0.21712729176260 -1.01268416985915 -0.55076743043186
2026-04-04T11:06:48.802 -105399.514116360035 -205331.481499888934 -112891.543303541184 -0.21655974792712 -1.01152348320680 -0.55013030169078
2026-04-04T11:10:48.802 -105451.420518361818 -205574.108085822401 -113023.498249398064 -0.21599388093496 -1.01036511919041 -0.54949446140401
2026-04-04T11:14:48.802 -105503.191312756055 -205816.456942124700 -113155.300747655594 -0.21542968328501 -1.00920906798065 -0.54885990412443
2026-04-04T11:18:48.802 -105554.826899289968 -206058.528622695885 -113286.951105585162 -0.21486714752848 -1.00805531980765 -0.54822662443809
2026-04-04T11:22:48.802 -105606.327675929322 -206300.323679098277 -113418.449629162773 -0.21430626626850 -1.00690386496047 -0.54759461696394
2026-04-04T11:26:48.802 -105657.694038870803 -206541.842660570634 -113549.796623076865 -0.21374703215965 -1.00575469378671 -0.54696387635351
2026-04-04T11:30:48.802 -105708.926382554346 -206783.086114042089 -113680.992390736181 -0.21318943790754 -1.00460779669199 -0.54633439729075
2026-04-04T11:34:48.802 -105760.025099675317 -207024.054584146041 -113812.037234277435 -0.21263347626838 -1.00346316413952 -0.54570617449166
2026-04-04T11:38:48.802 -105810.990581196587 -207264.748613233911 -113942.931454573016 -0.21207914004859 -1.00232078664962 -0.54507920270416
2026-04-04T11:42:48.802 -105861.823216360557 -207505.168741388858 -114073.675351238620 -0.21152642210435 -1.00118065479932 -0.54445347670773
2026-04-04T11:46:48.802 -105912.523392701041 -207745.315506439249 -114204.269222640796 -0.21097531534120 -1.00004275922186 -0.54382899131324
2026-04-04T11:50:48.802 -105963.091496055058 -207985.189443972136 -114334.713365904405 -0.21042581271365 -0.99890709060629 -0.54320574136265
2026-04-04T11:54:48.802 -106013.527910574558 -208224.791087346617 -114465.008076920116 -0.20987790722474 -0.99777363969700 -0.54258372172881
2026-04-04T11:58:48.802 -106063.833018738005 -208464.120967707015 -114595.153650351771 -0.20933159192570 -0.99664239729333 -0.54196292731520
2026-04-04T12:02:48.802 -106114.007201361877 -208703.179613996035 -114725.150379643659 -0.20878685991551 -0.99551335424912 -0.54134335305569
2026-04-04T12:06:48.802 -106164.050837612129 -208941.967552967835 -114854.998557027866 -0.20824370434050 -0.99438650147226 -0.54072499391429
2026-04-04T12:10:48.802 -106213.964305015470 -209180.485309200885 -114984.698473531404 -0.20770211839402 -0.99326182992432 -0.54010784488496
2026-04-04T12:14:48.802 -106263.747979470616 -209418.733405110863 -115114.250418983414 -0.20716209531602 -0.99213933062010 -0.53949190099132
2026-04-04T12:18:48.802 -106313.402235259404 -209656.712360963313 -115243.654682022257 -0.20662362839266 -0.99101899462725 -0.53887715728649
2026-04-04T12:22:48.802 -106362.927445057896 -209894.422694886307 -115372.911550102537 -0.20608671095597 -0.98990081306581 -0.53826360885278
2026-04-04T12:26:48.802 -106412.323979947279 -210131.864922883018 -115502.021309502117 -0.20555133638348 -0.98878477710787 -0.53765125080155
2026-04-04T12:30:48.802 -106461.592209424794 -210369.039558844117 -115630.984245329018 -0.20501749809781 -0.98767087797710 -0.53704007827292
2026-04-04T12:34:48.802 -106510.732501414459 -210605.947114560055 -115759.800641528345 -0.20448518956636 -0.98655910694845 -0.53643008643558
2026-04-04T12:38:48.802 -106559.745222277823 -210842.588099733461 -115888.470780889082 -0.20395440430093 -0.98544945534763 -0.53582127048658
2026-04-04T12:42:48.802 -106608.630736824547 -211078.963021991134 -116016.994945050901 -0.20342513585735 -0.98434191455086 -0.53521362565108
2026-04-04T12:46:48.802 -106657.389408322953 -211315.072386896180 -116145.373414510846 -0.20289737783516 -0.98323647598436 -0.53460714718216
2026-04-04T12:50:48.802 -106706.021598510459 -211550.916697959998 -116273.606468630052 -0.20237112387724 -0.98213313112407 -0.53400183036063
2026-04-04T12:54:48.802 -106754.527667603936 -211786.496456654131 -116401.694385640323 -0.20184636766948 -0.98103187149518 -0.53339767049476
2026-04-04T12:58:48.802 -106802.907974310001 -212021.812162422022 -116529.637442650754 -0.20132310294042 -0.97993268867185 -0.53279466292011
2026-04-04T13:02:48.802 -106851.162875835202 -212256.864312690770 -116657.435915654220 -0.20080132346094 -0.97883557427677 -0.53219280299933
2026-04-04T13:06:48.802 -106899.292727896143 -212491.653402882686 -116785.090079533838 -0.20028102304392 -0.97774051998080 -0.53159208612194
2026-04-04T13:10:48.802 -106947.297884729531 -212726.179926426848 -116912.600208069445 -0.19976219554388 -0.97664751750264 -0.53099250770412
2026-04-04T13:14:48.802 -106995.178699102122 -212960.444374770537 -117039.966573943922 -0.19924483485671 -0.97555655860845 -0.53039406318852
2026-04-04T13:18:48.802 -107042.935522320622 -213194.447237390559 -117167.189448749559 -0.19872893491929 -0.97446763511149 -0.52979674804407
2026-04-04T13:22:48.802 -107090.568704241465 -213428.189001804509 -117294.269102994294 -0.19821448970920 -0.97338073887176 -0.52920055776576
2026-04-04T13:26:48.802 -107138.078593280559 -213661.670153581974 -117421.205806108017 -0.19770149324441 -0.97229586179567 -0.52860548787448
2026-04-04T13:30:48.802 -107185.465536422940 -213894.891176355595 -117547.999826448664 -0.19718993958294 -0.97121299583567 -0.52801153391678
2026-04-04T13:34:48.802 -107232.729879232356 -214127.852551832126 -117674.651431308448 -0.19667982282259 -0.97013213298993 -0.52741869146472
2026-04-04T13:38:48.802 -107279.871965860744 -214360.554759803286 -117801.160886919897 -0.19617113710057 -0.96905326530196 -0.52682695611564
2026-04-04T13:42:48.802 -107326.892139057702 -214592.998278156680 -117927.528458461922 -0.19566387659327 -0.96797638486033 -0.52623632349201
2026-04-04T13:46:48.802 -107373.790740179800 -214825.183582886501 -118053.754410065827 -0.19515803551591 -0.96690148379829 -0.52564678924124
2026-04-04T13:50:48.802 -107420.568109199929 -215057.111148104304 -118179.839004821260 -0.19465360812225 -0.96582855429343 -0.52505834903547
2026-04-04T13:54:48.802 -107467.224584716445 -215288.781446049543 -118305.782504782124 -0.19415058870433 -0.96475758856740 -0.52447099857138
2026-04-04T13:58:48.802 -107513.760503962360 -215520.194947100070 -118431.585170972481 -0.19364897159212 -0.96368857888554 -0.52388473357006
2026-04-04T14:02:48.802 -107560.176202814429 -215751.352119782707 -118557.247263392332 -0.19314875115326 -0.96262151755659 -0.52329954977679
2026-04-04T14:06:48.802 -107606.472015802108 -215982.253430783487 -118682.769041023465 -0.19264992179281 -0.96155639693233 -0.52271544296085
2026-04-04T14:10:48.802 -107652.648276116524 -216212.899344958045 -118808.150761835132 -0.19215247795289 -0.96049320940730 -0.52213240891541
2026-04-04T14:14:48.802 -107698.705315619358 -216443.290325341775 -118933.392682789781 -0.19165641411249 -0.95943194741848 -0.52155044345726
2026-04-04T14:18:48.802 -107744.643464851615 -216673.426833160018 -119058.495059848748 -0.19116172478709 -0.95837260344495 -0.52096954242671
2026-04-04T14:22:48.802 -107790.463053042404 -216903.309327838128 -119183.458147977828 -0.19066840452850 -0.95731517000762 -0.52038970168739
2026-04-04T14:26:48.802 -107836.164408117562 -217132.938267011457 -119308.282201152877 -0.19017644792447 -0.95625963966890 -0.51981091712609
2026-04-04T14:30:48.802 -107881.747856708302 -217362.314106535283 -119432.967472365315 -0.18968584959854 -0.95520600503240 -0.51923318465259
2026-04-04T14:34:48.802 -107927.213724159737 -217591.437300494639 -119557.514213627685 -0.18919660420967 -0.95415425874263 -0.51865650019947
2026-04-04T14:38:48.802 -107972.562334539354 -217820.308301214187 -119681.922675979047 -0.18870870645203 -0.95310439348473 -0.51808085972197
2026-04-04T14:42:48.802 -108017.794010645448 -218048.927559267788 -119806.193109490443 -0.18822215105475 -0.95205640198413 -0.51750625919783
2026-04-04T14:46:48.802 -108062.909074015479 -218277.295523488283 -119930.325763270230 -0.18773693278161 -0.95101027700627 -0.51693269462710
2026-04-04T14:50:48.802 -108107.907844934321 -218505.412640976923 -120054.320885469453 -0.18725304643085 -0.94996601135635 -0.51636016203202
2026-04-04T14:54:48.802 -108152.790642442575 -218733.279357113002 -120178.178723287128 -0.18677048683484 -0.94892359787897 -0.51578865745679
2026-04-04T14:58:48.802 -108197.557784344652 -218960.896115563228 -120301.899522975524 -0.18628924885992 -0.94788302945793 -0.51521817696751
2026-04-04T15:02:48.802 -108242.209587216930 -219188.263358291035 -120425.483529845369 -0.18580932740605 -0.94684429901588 -0.51464871665194
2026-04-04T15:06:48.802 -108286.746366415828 -219415.381525565957 -120548.930988271037 -0.18533071740667 -0.94580739951406 -0.51408027261937
2026-04-04T15:10:48.802 -108331.168436085733 -219642.251055972854 -120672.242141695708 -0.18485341382836 -0.94477232395205 -0.51351284100050
2026-04-04T15:14:48.802 -108375.476109167008 -219868.872386421019 -120795.417232636464 -0.18437741167067 -0.94373906536745 -0.51294641794721
2026-04-04T15:18:48.802 -108419.669697403806 -220095.245952153346 -120918.456502689398 -0.18390270596584 -0.94270761683565 -0.51238099963251
2026-04-04T15:22:48.802 -108463.749511351940 -220321.372186755296 -121041.360192534616 -0.18342929177859 -0.94167797146954 -0.51181658225030
2026-04-04T15:26:48.802 -108507.715860386612 -220547.251522163890 -121164.128541941260 -0.18295716420585 -0.94065012241924 -0.51125316201526
2026-04-04T15:30:48.802 -108551.569052710140 -220772.884388676641 -121286.761789772485 -0.18248631837659 -0.93962406287182 -0.51069073516272
2026-04-04T15:34:48.802 -108595.309395359625 -220998.271214960376 -121409.260173990377 -0.18201674945152 -0.93859978605109 -0.51012929794848
2026-04-04T15:38:48.802 -108638.937194214508 -221223.412428060023 -121531.623931660855 -0.18154845262291 -0.93757728521728 -0.50956884664867
2026-04-04T15:42:48.802 -108682.452754004145 -221448.308453407255 -121653.853298958551 -0.18108142311435 -0.93655655366681 -0.50900937755964
2026-04-04T15:46:48.802 -108725.856378315293 -221672.959714829252 -121775.948511171606 -0.18061565618053 -0.93553758473205 -0.50845088699777
2026-04-04T15:50:48.802 -108769.148369599541 -221897.366634557256 -121897.909802706505 -0.18015114710702 -0.93452037178103 -0.50789337129937
2026-04-04T15:54:48.802 -108812.329029180706 -222121.529633235041 -122019.737407092820 -0.17968789121004 -0.93350490821720 -0.50733682682050
2026-04-04T15:58:48.802 -108855.398657262136 -222345.449129927496 -122141.431556987925 -0.17922588383626 -0.93249118747920 -0.50678124993687
2026-04-04T16:02:48.802 -108898.357552934031 -222569.125542128924 -122262.992484181712 -0.17876512036259 -0.93147920304059 -0.50622663704368
2026-04-04T16:06:48.802 -108941.206014180658 -222792.559285771509 -122384.420419601243 -0.17830559619595 -0.93046894840961 -0.50567298455551
2026-04-04T16:10:48.802 -108983.944337887515 -223015.750775233493 -122505.715593315399 -0.17784730677306 -0.92946041712896 -0.50512028890612
2026-04-04T16:14:48.802 -109026.572819848458 -223238.700423347502 -122626.878234539457 -0.17739024756024 -0.92845360277552 -0.50456854654840
2026-04-04T16:18:48.802 -109069.091754772817 -223461.408641408692 -122747.908571639666 -0.17693441405324 -0.92744849896013 -0.50401775395418
2026-04-04T16:22:48.802 -109111.501436292398 -223683.875839182874 -122868.806832137750 -0.17647980177695 -0.92644509932735 -0.50346790761412
2026-04-04T16:26:48.802 -109153.802156968450 -223906.102424914570 -122989.573242715473 -0.17602640628528 -0.92544339755526 -0.50291900403759
2026-04-04T16:30:48.802 -109195.994208298638 -224128.088805335050 -123110.208029219066 -0.17557422316094 -0.92444338735516 -0.50237103975250
2026-04-04T16:34:48.802 -109238.077880723911 -224349.835385670245 -123230.711416663660 -0.17512324801519 -0.92344506247138 -0.50182401130522
2026-04-04T16:38:48.802 -109280.053463635326 -224571.342569648696 -123351.083629237721 -0.17467347648773 -0.92244841668106 -0.50127791526041
2026-04-04T16:42:48.802 -109321.921245380843 -224792.610759509320 -123471.324890307427 -0.17422490424645 -0.92145344379390 -0.50073274820094
2026-04-04T16:46:48.802 -109363.681513272109 -225013.640356009302 -123591.435422421026 -0.17377752698723 -0.92046013765195 -0.50018850672773
2026-04-04T16:50:48.802 -109405.334553591107 -225234.431758431718 -123711.415447313106 -0.17333134043379 -0.91946849212936 -0.49964518745962
2026-04-04T16:54:48.802 -109446.880651596832 -225454.985364593333 -123831.265185908938 -0.17288634033748 -0.91847850113220 -0.49910278703328
2026-04-04T16:58:48.802 -109488.320091531903 -225675.301570852142 -123950.984858328724 -0.17244252247709 -0.91749015859821 -0.49856130210308
2026-04-04T17:02:48.802 -109529.653156629123 -225895.380772114993 -124070.574683891813 -0.17199988265867 -0.91650345849660 -0.49802072934094
2026-04-04T17:06:48.802 -109570.880129117999 -226115.223361845070 -124190.034881120926 -0.17155841671536 -0.91551839482782 -0.49748106543624
2026-04-04T17:10:48.802 -109612.001290231230 -226334.829732069426 -124309.365667746300 -0.17111812050718 -0.91453496162335 -0.49694230709569
2026-04-04T17:14:48.802 -109653.016920211128 -226554.200273386348 -124428.567260709853 -0.17067898992088 -0.91355315294549 -0.49640445104322
2026-04-04T17:18:48.802 -109693.927298316004 -226773.335374972754 -124547.639876169327 -0.17024102086975 -0.91257296288715 -0.49586749401985
2026-04-04T17:22:48.802 -109734.732702826528 -226992.235424591519 -124666.583729502308 -0.16980420929343 -0.91159438557165 -0.49533143278359
2026-04-04T17:26:48.802 -109775.433411052029 -227210.900808598759 -124785.399035310358 -0.16936855115776 -0.91061741515249 -0.49479626410931
2026-04-04T17:30:48.802 -109816.029699336781 -227429.331911951012 -124904.086007423015 -0.16893404245460 -0.90964204581316 -0.49426198478863
2026-04-04T17:34:48.802 -109856.521843066192 -227647.529118212435 -125022.644858901811 -0.16850067920165 -0.90866827176695 -0.49372859162983
2026-04-04T17:38:48.802 -109896.910116672996 -227865.492809561925 -125141.075802044230 -0.16806845744229 -0.90769608725671 -0.49319608145769
2026-04-04T17:42:48.802 -109937.194793643415 -228083.223366800230 -125259.379048387695 -0.16763737324542 -0.90672548655469 -0.49266445111343
2026-04-04T17:46:48.802 -109977.376146523267 -228300.721169356868 -125377.554808713467 -0.16720742270527 -0.90575646396233 -0.49213369745456
2026-04-04T17:50:48.802 -110017.454446923977 -228517.986595297261 -125495.603293050575 -0.16677860194125 -0.90478901381003 -0.49160381735481
2026-04-04T17:54:48.802 -110057.429965528645 -228735.020021329547 -125613.524710679645 -0.16635090709780 -0.90382313045700 -0.49107480770397
2026-04-04T17:58:48.802 -110097.302972098041 -228951.821822811500 -125731.319270136810 -0.16592433434421 -0.90285880829106 -0.49054666540784
2026-04-04T18:02:48.802 -110137.073735476515 -229168.392373757437 -125848.987179217482 -0.16549887987446 -0.90189604172842 -0.49001938738808
2026-04-04T18:04:49.399 -110157.019535501589 -229277.129190977750 -125908.066088584921 -0.16528551527152 -0.90141284904040 -0.48975476206535
2026-04-04T18:06:01.041 -110168.856351158858 -229341.697753612621 -125943.147373363041 -0.16515889703690 -0.90112598883092 -0.48959766166516
2026-04-04T18:10:48.802 -110215.804103501883 -229601.352895176446 -126084.210565910471 -0.16463772333221 -0.89998830210322 -0.48899861702709
2026-04-04T18:14:48.802 -110255.266480762381 -229817.235081133549 -126201.507252583120 -0.16421560470164 -0.89903017025753 -0.48847391418098
2026-04-04T18:18:48.802 -110294.627682024875 -230032.887499586301 -126318.678112886177 -0.16379458939936 -0.89807357199074 -0.48795006344580
2026-04-04T18:22:48.802 -110333.887971645468 -230248.310517939768 -126435.723350965898 -0.16337467374032 -0.89711850185815 -0.48742706182108
2026-04-04T18:26:48.802 -110373.047613098723 -230463.504502295487 -126552.643170250274 -0.16295585406328 -0.89616495444230 -0.48690490632159
2026-04-04T18:30:48.802 -110412.106868983334 -230678.469817458099 -126669.437773452635 -0.16253812673060 -0.89521292435288 -0.48638359397723
2026-04-04T18:34:48.802 -110451.066001027779 -230893.206826941838 -126786.107362575320 -0.16212148812814 -0.89426240622648 -0.48586312183301
2026-04-04T18:38:48.802 -110489.925270095933 -231107.715892976848 -126902.652138913239 -0.16170593466506 -0.89331339472644 -0.48534348694883
2026-04-04T18:42:48.802 -110528.684936192687 -231321.997376515763 -127019.072303057503 -0.16129146277373 -0.89236588454269 -0.48482468639950
2026-04-04T18:46:48.802 -110567.345258469446 -231536.051637239900 -127135.368054898921 -0.16087806890957 -0.89141987039153 -0.48430671727456
2026-04-04T18:50:48.802 -110605.906495229661 -231749.879033565638 -127251.539593631547 -0.16046574955087 -0.89047534701548 -0.48378957667824
2026-04-04T18:54:48.802 -110644.368903934330 -231963.479922650760 -127367.587117756222 -0.16005450119870 -0.88953230918313 -0.48327326172930
2026-04-04T18:58:48.802 -110682.732741207394 -232176.854660400539 -127483.510825084028 -0.15964432037676 -0.88859075168893 -0.48275776956101
2026-04-04T19:02:48.802 -110720.998262841225 -232390.003601474047 -127599.310912739733 -0.15923520363122 -0.88765066935302 -0.48224309732100
2026-04-04T19:06:48.802 -110759.165723801925 -232602.927099290246 -127714.987577165288 -0.15882714753060 -0.88671205702112 -0.48172924217120
2026-04-04T19:10:48.802 -110797.235378234705 -232815.625506034121 -127830.541014123184 -0.15842014866563 -0.88577490956426 -0.48121620128771
2026-04-04T19:14:48.802 -110835.207479469245 -233028.099172662740 -127945.971418699875 -0.15801420364914 -0.88483922187873 -0.48070397186076
2026-04-04T19:18:48.802 -110873.082280024901 -233240.348448911274 -128061.278985309167 -0.15760930911588 -0.88390498888583 -0.48019255109457
2026-04-04T19:22:48.802 -110910.860031616001 -233452.373683298996 -128176.463907695535 -0.15720546172243 -0.88297220553173 -0.47968193620728
2026-04-04T19:26:48.802 -110948.540985157058 -233664.175223135215 -128291.526378937488 -0.15680265814705 -0.88204086678732 -0.47917212443088
2026-04-04T19:30:48.802 -110986.125390767964 -233875.753414525243 -128406.466591450851 -0.15640089508956 -0.88111096764805 -0.47866311301107
2026-04-04T19:34:48.802 -111023.613497779123 -234087.108602376218 -128521.284736992049 -0.15600016927121 -0.88018250313375 -0.47815489920724
2026-04-04T19:38:48.802 -111061.005554736621 -234298.241130402923 -128635.981006661401 -0.15560047743456 -0.87925546828849 -0.47764748029231
2026-04-04T19:42:48.802 -111098.301809407290 -234509.151341133605 -128750.555590906341 -0.15520181634333 -0.87832985818041 -0.47714085355270
2026-04-04T19:46:48.802 -111135.502508783786 -234719.839575915801 -128865.008679524661 -0.15480418278233 -0.87740566790157 -0.47663501628821
2026-04-04T19:50:48.802 -111172.607899089635 -234930.306174921920 -128979.340461667700 -0.15440757355727 -0.87648289256781 -0.47612996581197
2026-04-04T19:54:48.802 -111209.618225784230 -235140.551477155066 -129093.551125843529 -0.15401198549469 -0.87556152731857 -0.47562569945030
2026-04-04T19:58:48.802 -111246.533733567820 -235350.575820454571 -129207.640859920124 -0.15361741544182 -0.87464156731675 -0.47512221454268
2026-04-04T20:02:48.802 -111283.354666386454 -235560.379541501723 -129321.609851128509 -0.15322386026646 -0.87372300774857 -0.47461950844164
2026-04-04T20:06:48.802 -111320.081267436923 -235769.962975825270 -129435.458286065841 -0.15283131685687 -0.87280584382338 -0.47411757851267
2026-04-04T20:10:48.802 -111356.713779171638 -235979.326457806921 -129549.186350698583 -0.15243978212166 -0.87189007077357 -0.47361642213418
2026-04-04T20:14:48.802 -111393.252443303514 -236188.470320686960 -129662.794230365544 -0.15204925298964 -0.87097568385437 -0.47311603669735
2026-04-04T20:18:48.802 -111429.697500810784 -236397.394896569633 -129776.282109780921 -0.15165972640975 -0.87006267834376 -0.47261641960611
2026-04-04T20:22:48.802 -111466.049191941827 -236606.100516428618 -129889.650173037415 -0.15127119935093 -0.86915104954225 -0.47211756827703
2026-04-04T20:26:48.802 -111502.307756219961 -236814.587510112411 -130002.898603609166 -0.15088366880200 -0.86824079277279 -0.47161948013925
2026-04-04T20:30:48.802 -111538.473432448212 -237022.856206349679 -130116.027584354859 -0.15049713177155 -0.86733190338063 -0.47112215263441
2026-04-04T20:34:48.802 -111574.546458714001 -237230.906932754617 -130229.037297520612 -0.15011158528785 -0.86642437673314 -0.47062558321653
2026-04-04T20:38:48.802 -111610.527072393903 -237438.740015832242 -130341.927924743024 -0.14972702639872 -0.86551820821969 -0.47012976935199
2026-04-04T20:42:48.802 -111646.415510158287 -237646.355780983635 -130454.699647052097 -0.14934345217143 -0.86461339325152 -0.46963470851942
2026-04-04T20:46:48.802 -111682.212007976006 -237853.754552511178 -130567.352644874147 -0.14896085969259 -0.86370992726158 -0.46914039820961
2026-04-04T20:50:48.802 -111717.916801119020 -238060.936653623765 -130679.887098034742 -0.14857924606807 -0.86280780570442 -0.46864683592548
2026-04-04T20:54:48.802 -111753.530124166966 -238267.902406441950 -130792.303185761601 -0.14819860842284 -0.86190702405603 -0.46815401918196
2026-04-04T20:58:48.802 -111789.052211011789 -238474.652132003073 -130904.601086687457 -0.14781894390094 -0.86100757781369 -0.46766194550594
2026-04-04T21:02:48.802 -111824.483294862264 -238681.186150266411 -131016.780978852927 -0.14744024966532 -0.86010946249588 -0.46717061243618
2026-04-04T21:06:48.802 -111859.823608248538 -238887.504780118150 -131128.843039709347 -0.14706252289775 -0.85921267364211 -0.46668001752325
2026-04-04T21:10:48.802 -111895.073383026625 -239093.608339376515 -131240.787446121598 -0.14668576079876 -0.85831720681280 -0.46619015832946
2026-04-04T21:14:48.802 -111930.232850382905 -239299.497144796682 -131352.614374370896 -0.14630996058747 -0.85742305758917 -0.46570103242876
2026-04-04T21:18:48.802 -111965.302240838588 -239505.171512075845 -131464.324000157649 -0.14593511950157 -0.85653022157305 -0.46521263740671
2026-04-04T21:22:48.802 -112000.281784254126 -239710.631755858078 -131575.916498604143 -0.14556123479716 -0.85563869438681 -0.46472497086037
2026-04-04T21:26:48.802 -112035.171709833652 -239915.878189739276 -131687.392044257344 -0.14518830374869 -0.85474847167320 -0.46423803039825
2026-04-04T21:30:48.802 -112069.972246129342 -240120.911126272025 -131798.750811091595 -0.14481632364886 -0.85385954909524 -0.46375181364023
2026-04-04T21:34:48.802 -112104.683621045813 -240325.730876970454 -131909.992972511420 -0.14444529180851 -0.85297192233608 -0.46326631821750
2026-04-04T21:38:48.802 -112139.306061844458 -240530.337752315041 -132021.118701354164 -0.14407520555656 -0.85208558709887 -0.46278154177250
2026-04-04T21:42:48.802 -112173.839795147738 -240734.732061757444 -132132.128169892676 -0.14370606223986 -0.85120053910665 -0.46229748195880
2026-04-04T21:46:48.802 -112208.285046943536 -240938.914113725215 -132243.021549838013 -0.14333785922316 -0.85031677410222 -0.46181413644110
2026-04-04T21:50:48.802 -112242.642042589403 -241142.884215626487 -132353.799012342090 -0.14297059388900 -0.84943428784801 -0.46133150289513
2026-04-04T21:54:48.802 -112276.911006816823 -241346.642673854774 -132464.460728000297 -0.14260426363760 -0.84855307612597 -0.46084957900757
2026-04-04T21:58:48.802 -112311.092163735448 -241550.189793793572 -132575.006866854150 -0.14223886588680 -0.84767313473744 -0.46036836247601
2026-04-04T22:02:48.802 -112345.185736837317 -241753.525879821012 -132685.437598393881 -0.14187439807195 -0.84679445950302 -0.45988785100886
2026-04-04T22:06:48.802 -112379.191949001048 -241956.651235314464 -132795.753091561055 -0.14151085764585 -0.84591704626248 -0.45940804232530
2026-04-04T22:10:48.802 -112413.111022495999 -242159.566162655159 -132905.953514751076 -0.14114824207865 -0.84504089087462 -0.45892893415521
2026-04-04T22:14:48.802 -112446.943178986461 -242362.270963232673 -133016.039035815833 -0.14078654885773 -0.84416598921714 -0.45845052423912
2026-04-04T22:18:48.802 -112480.688639535743 -242564.765937449498 -133126.009822066233 -0.14042577548770 -0.84329233718657 -0.45797281032811
2026-04-04T22:22:48.802 -112514.347624610324 -242767.051384725550 -133235.866040274646 -0.14006591949025 -0.84241993069808 -0.45749579018378
2026-04-04T22:26:48.802 -112547.920354083923 -242969.127603502595 -133345.607856677525 -0.13970697840407 -0.84154876568543 -0.45701946157817
2026-04-04T22:30:48.802 -112581.407047241591 -243170.994891248760 -133455.235436977848 -0.13934894978481 -0.84067883810085 -0.45654382229371
2026-04-04T22:34:48.802 -112614.807922783744 -243372.653544462868 -133564.748946347594 -0.13899183120496 -0.83981014391488 -0.45606887012315
2026-04-04T22:38:48.802 -112648.123198830232 -243574.103858678864 -133674.148549430276 -0.13863562025381 -0.83894267911629 -0.45559460286948
2026-04-04T22:42:48.802 -112681.353092924313 -243775.346128470177 -133783.434410343325 -0.13828031453734 -0.83807643971199 -0.45512101834590
2026-04-04T22:46:48.802 -112714.497822036690 -243976.380647454091 -133892.606692680565 -0.13792591167812 -0.83721142172686 -0.45464811437576
2026-04-04T22:50:48.802 -112747.557602569475 -244177.207708295988 -134001.665559514629 -0.13757240931532 -0.83634762120369 -0.45417588879246
2026-04-04T22:54:48.802 -112780.532650360154 -244377.827602713631 -134110.611173399346 -0.13721980510455 -0.83548503420305 -0.45370433943943
2026-04-04T22:58:48.802 -112813.423180685539 -244578.240621481469 -134219.443696372211 -0.13686809671782 -0.83462365680318 -0.45323346417005
2026-04-04T23:02:48.802 -112846.229408265659 -244778.447054434830 -134328.163289956690 -0.13651728184345 -0.83376348509990 -0.45276326084760
2026-04-04T23:06:48.802 -112878.951547267716 -244978.447190474166 -134436.770115164632 -0.13616735818603 -0.83290451520648 -0.45229372734521
2026-04-04T23:10:48.802 -112911.589811309939 -245178.241317569133 -134545.264332498598 -0.13581832346632 -0.83204674325353 -0.45182486154575
2026-04-04T23:14:48.802 -112944.144413465474 -245377.829722762865 -134653.646101954218 -0.13547017542118 -0.83119016538892 -0.45135666134187
2026-04-04T23:18:48.802 -112976.615566266250 -245577.212692176021 -134761.915583022492 -0.13512291180350 -0.83033477777767 -0.45088912463583
2026-04-04T23:22:48.802 -113009.003481706808 -245776.390511010919 -134870.072934692173 -0.13477653038215 -0.82948057660181 -0.45042224933954
2026-04-04T23:26:48.802 -113041.308371248131 -245975.363463555579 -134978.118315451953 -0.13443102894189 -0.82862755806033 -0.44995603337443
2026-04-04T23:30:48.802 -113073.530445821409 -246174.131833187828 -135086.051883292850 -0.13408640528330 -0.82777571836904 -0.44949047467145
2026-04-04T23:34:48.802 -113105.669915831910 -246372.695902379288 -135193.873795710417 -0.13374265722272 -0.82692505376048 -0.44902557117098
2026-04-04T23:38:48.802 -113137.726991162679 -246571.055952699360 -135301.584209707071 -0.13339978259220 -0.82607556048381 -0.44856132082276
2026-04-04T23:42:48.802 -113169.701881178335 -246769.212264819274 -135409.183281794249 -0.13305777923940 -0.82522723480473 -0.44809772158591
2026-04-04T23:46:48.802 -113201.594794728822 -246967.165118515957 -135516.671167994675 -0.13271664502756 -0.82438007300536 -0.44763477142878
2026-04-04T23:50:48.802 -113233.405940153098 -247164.914792676049 -135624.048023844633 -0.13237637783540 -0.82353407138414 -0.44717246832896
2026-04-04T23:54:48.802 -113265.135525282880 -247362.461565299716 -135731.314004396088 -0.13203697555710 -0.82268922625574 -0.44671081027320
2026-04-04T23:58:48.802 -113296.783757446334 -247559.805713504640 -135838.469264218933 -0.13169843610220 -0.82184553395098 -0.44624979525737
2026-04-05T00:02:48.802 -113328.350843471751 -247756.947513529769 -135945.513957403193 -0.13136075739554 -0.82100299081669 -0.44578942128640
2026-04-05T00:06:48.802 -113359.836989691219 -247953.887240739248 -136052.448237561097 -0.13102393737722 -0.82016159321565 -0.44532968637423
2026-04-05T00:10:48.802 -113391.242401944270 -248150.625169626175 -136159.272257829347 -0.13068797400255 -0.81932133752647 -0.44487058854374
2026-04-05T00:14:48.802 -113422.567285581521 -248347.161573816411 -136265.986170871154 -0.13035286524193 -0.81848222014351 -0.44441212582673
2026-04-05T00:18:48.802 -113453.811845468314 -248543.496726072335 -136372.590128878481 -0.13001860908088 -0.81764423747679 -0.44395429626385
2026-04-05T00:22:48.802 -113484.976285988305 -248739.630898296571 -136479.084283574077 -0.12968520351989 -0.81680738595187 -0.44349709790455
2026-04-05T00:26:48.802 -113516.060811047064 -248935.564361535799 -136585.468786213605 -0.12935264657443 -0.81597166200979 -0.44304052880703
2026-04-05T00:30:48.802 -113547.065624075665 -249131.297385984362 -136691.743787587737 -0.12902093627486 -0.81513706210695 -0.44258458703820
2026-04-05T00:34:48.802 -113577.990928034254 -249326.830240987969 -136797.909438024246 -0.12869007066640 -0.81430358271503 -0.44212927067359
2026-04-05T00:38:48.802 -113608.836925415599 -249522.163195047353 -136903.965887390106 -0.12836004780904 -0.81347122032090 -0.44167457779737
2026-04-05T00:42:48.802 -113639.603818248623 -249717.296515821945 -137009.913285093469 -0.12803086577752 -0.81263997142652 -0.44122050650224
2026-04-05T00:46:48.802 -113670.291808101989 -249912.230470133392 -137115.751780085760 -0.12770252266126 -0.81180983254887 -0.44076705488940
2026-04-05T00:50:48.802 -113700.901096087531 -250106.965323969256 -137221.481520863716 -0.12737501656428 -0.81098080021982 -0.44031422106852
2026-04-05T00:54:48.802 -113731.431882863835 -250301.501342486503 -137327.102655471419 -0.12704834560522 -0.81015287098610 -0.43986200315766
2026-04-05T00:58:48.802 -113761.884368639687 -250495.838790015085 -137432.615331502282 -0.12672250791722 -0.80932604140915 -0.43941039928325
2026-04-05T01:02:48.802 -113792.258753177564 -250689.977930061490 -137538.019696101052 -0.12639750164790 -0.80850030806508 -0.43895940758002
2026-04-05T01:06:48.802 -113822.555235797103 -250883.919025312178 -137643.315895965818 -0.12607332495929 -0.80767566754456 -0.43850902619097
2026-04-05T01:10:48.802 -113852.774015378556 -251077.662337637128 -137748.504077349935 -0.12574997602783 -0.80685211645272 -0.43805925326731
2026-04-05T01:14:48.802 -113882.915290366247 -251271.208128093305 -137853.584386064089 -0.12542745304424 -0.80602965140909 -0.43761008696843
2026-04-05T01:18:48.802 -113912.979258771986 -251464.556656928034 -137958.556967478158 -0.12510575421356 -0.80520826904753 -0.43716152546183
2026-04-05T01:22:48.802 -113942.966118178490 -251657.708183582494 -138063.421966523194 -0.12478487775504 -0.80438796601608 -0.43671356692311
2026-04-05T01:26:48.802 -113972.876065742821 -251850.662966695090 -138168.179527693341 -0.12446482190212 -0.80356873897693 -0.43626620953587
2026-04-05T01:30:48.802 -114002.709298199727 -252043.421264104865 -138272.829795047815 -0.12414558490237 -0.80275058460634 -0.43581945149172
2026-04-05T01:34:48.802 -114032.466011865108 -252235.983332854812 -138377.372912212741 -0.12382716501747 -0.80193349959451 -0.43537329099021
2026-04-05T01:38:48.802 -114062.146402639322 -252428.349429195223 -138481.809022383095 -0.12350956052313 -0.80111748064554 -0.43492772623878
2026-04-05T01:42:48.802 -114091.750666010601 -252620.519808587094 -138586.138268324576 -0.12319276970909 -0.80030252447732 -0.43448275545272
2026-04-05T01:46:48.802 -114121.278997058369 -252812.494725705299 -138690.360792375461 -0.12287679087903 -0.79948862782149 -0.43403837685514
2026-04-05T01:50:48.802 -114150.731590456620 -253004.274434441992 -138794.476736448560 -0.12256162235056 -0.79867578742330 -0.43359458867690
2026-04-05T01:54:48.802 -114180.108640477250 -253195.859187909780 -138898.486242032988 -0.12224726245518 -0.79786400004157 -0.43315138915660
2026-04-05T01:58:48.802 -114209.410340993345 -253387.249238445016 -139002.389450196060 -0.12193370953820 -0.79705326244859 -0.43270877654052
2026-04-05T02:02:48.802 -114238.636885482556 -253578.444837611023 -139106.186501585064 -0.12162096195876 -0.79624357143006 -0.43226674908254
2026-04-05T02:06:48.802 -114267.788467030347 -253769.446236201300 -139209.877536429209 -0.12130901808974 -0.79543492378501 -0.43182530504417
2026-04-05T02:10:48.802 -114296.865278333353 -253960.253684242663 -139313.462694541347 -0.12099787631773 -0.79462731632567 -0.43138444269447
2026-04-05T02:14:48.802 -114325.867511702614 -254150.867430998478 -139416.942115319776 -0.12068753504302 -0.79382074587748 -0.43094416030998
2026-04-05T02:18:48.802 -114354.795359066877 -254341.287724971800 -139520.315937750071 -0.12037799267954 -0.79301520927894 -0.43050445617473
2026-04-05T02:22:48.802 -114383.649011975867 -254531.514813908434 -139623.584300406888 -0.12006924765481 -0.79221070338155 -0.43006532858018
2026-04-05T02:26:48.802 -114412.428661603539 -254721.548944800161 -139726.747341455717 -0.11976129840993 -0.79140722504977 -0.42962677582516
2026-04-05T02:30:48.802 -114441.134498751358 -254911.390363887738 -139829.805198654620 -0.11945414339954 -0.79060477116088 -0.42918879621585
2026-04-05T02:34:48.802 -114469.766713851495 -255101.039316663984 -139932.758009356039 -0.11914778109178 -0.78980333860496 -0.42875138806573
2026-04-05T02:38:48.802 -114498.325496970108 -255290.496047876921 -140035.605910508544 -0.11884220996823 -0.78900292428478 -0.42831454969555
2026-04-05T02:42:48.802 -114526.811037810548 -255479.760801532742 -140138.349038658518 -0.11853742852394 -0.78820352511577 -0.42787827943329
2026-04-05T02:44:47.610 -114546.543082999997 -255569.891023000004 -140191.781083000009 -0.11984042500000 -0.78699017700000 -0.42834992800000
2026-04-05T02:48:47.610 -114575.268335342873 -255758.672900739970 -140294.532802691334 -0.11953680886984 -0.78619230583745 -0.42791449683245
2026-04-05T02:52:47.610 -114603.920814085039 -255947.263410482032 -140397.180086567852 -0.11923397808410 -0.78539544317566 -0.42747962926840
2026-04-05T02:56:47.610 -114632.500707534535 -256135.662793900730 -140499.723069696687 -0.11893193118998 -0.78459958596981 -0.42704532366127
2026-04-05T03:00:47.610 -114661.008203652353 -256323.871291941381 -140602.161886750633 -0.11863066674799 -0.78380473118742 -0.42661157837154
2026-04-05T03:04:47.610 -114689.443490055608 -256511.889144822926 -140704.496672009816 -0.11833018333191 -0.78301087580827 -0.42617839176670
2026-04-05T03:08:47.610 -114717.806754020668 -256699.716592040932 -140806.727559363382 -0.11803047952875 -0.78221801682433 -0.42574576222119
2026-04-05T03:12:47.610 -114746.098182486414 -256887.353872370499 -140908.854682311212 -0.11773155393871 -0.78142615123966 -0.42531368811637
2026-04-05T03:16:47.610 -114774.317962057336 -257074.801223869144 -141010.878173965524 -0.11743340517518 -0.78063527607038 -0.42488216784051
2026-04-05T03:20:47.610 -114802.466279006709 -257262.058883879712 -141112.798167052562 -0.11713603186471 -0.77984538834457 -0.42445119978870
2026-04-05T03:24:47.610 -114830.543319279779 -257449.127089033194 -141214.614793914167 -0.11683943264695 -0.77905648510221 -0.42402078236287
2026-04-05T03:28:47.610 -114858.549268496849 -257636.006075251586 -141316.328186509490 -0.11654360617465 -0.77826856339512 -0.42359091397171
2026-04-05T03:32:47.610 -114886.484311956476 -257822.696077750734 -141417.938476416573 -0.11624855111366 -0.77748162028687 -0.42316159303067
2026-04-05T03:36:47.610 -114914.348634638576 -258009.197331043164 -141519.445794833970 -0.11595426614285 -0.77669565285271 -0.42273281796187
2026-04-05T03:40:45.729 -114941.924861176158 -258194.050575210073 -141620.055914499244 -0.11566304740155 -0.77591680680066 -0.42230794134055
2026-04-05T03:44:45.729 -114969.648846651078 -258380.176505585347 -141721.358486508252 -0.11537029269838 -0.77513277439905 -0.42188024906260
2026-04-05T03:48:45.729 -114997.302662968534 -258566.114384280954 -141822.558477344544 -0.11507830421008 -0.77434970898938 -0.42145309797535
2026-04-05T03:52:45.729 -115024.886493867525 -258751.864443029277 -141923.656016707566 -0.11478708066737 -0.77356760769292 -0.42102648652734
2026-04-05T03:56:45.729 -115052.400522783981 -258937.426912873168 -142024.651233925193 -0.11449662081393 -0.77278646764224 -0.42060041317363
2026-04-05T04:00:45.729 -115079.844932853855 -259122.802024168690 -142125.544257955335 -0.11420692340634 -0.77200628598124 -0.42017487637577
2026-04-05T04:04:45.729 -115107.219906916216 -259307.990006587730 -142226.335217387445 -0.11391798721408 -0.77122705986502 -0.41974987460176
2026-04-05T04:08:45.729 -115134.525627516385 -259492.991089120769 -142327.024240444036 -0.11362981101948 -0.77044878645983 -0.41932540632603
2026-04-05T04:12:45.729 -115161.762276908965 -259677.805500079499 -142427.611454982252 -0.11334239361777 -0.76967146294301 -0.41890147002937
2026-04-05T04:16:45.729 -115188.930037060956 -259862.433467099530 -142528.096988495410 -0.11305573381697 -0.76889508650290 -0.41847806419895
2026-04-05T04:20:45.729 -115216.029089654825 -260046.875217142951 -142628.480968114513 -0.11276983043795 -0.76811965433882 -0.41805518732824
2026-04-05T04:24:45.729 -115243.059616091574 -260231.130976501037 -142728.763520609704 -0.11248468231437 -0.76734516366098 -0.41763283791700
2026-04-05T04:28:45.729 -115270.021797493842 -260415.200970796781 -142828.944772391871 -0.11220028829268 -0.76657161169039 -0.41721101447123
2026-04-05T04:32:45.729 -115296.915814708918 -260599.085424987512 -142929.024849514070 -0.11191664723211 -0.76579899565885 -0.41678971550315
2026-04-05T04:35:05.944 -115297.121111000000 -260717.619489000004 -142983.691473999992 -0.11033982600000 -0.76634740300000 -0.41608613300000
2026-04-05T04:39:05.944 -115323.568764919590 -260901.450307384250 -143083.501681204798 -0.11005741520949 -0.76557623846630 -0.41566568067455
2026-04-05T04:43:05.944 -115349.948730358345 -261085.096157721244 -143183.211042409559 -0.10977575514182 -0.76480600215073 -0.41524574942152
2026-04-05T04:47:05.944 -115376.261187357333 -261268.557262455724 -143282.819682495552 -0.10949484469551 -0.76403669132482 -0.41482633777428
2026-04-05T04:51:05.944 -115402.506315694773 -261451.833843378845 -143382.327725992800 -0.10921468278179 -0.76326830327056 -0.41440744427227
2026-04-05T04:55:05.944 -115428.684294889084 -261634.926121630677 -143481.735297081497 -0.10893526832456 -0.76250083528031 -0.41398906746099
2026-04-05T04:59:05.944 -115454.795304201980 -261817.834317702713 -143581.042519593437 -0.10865660026041 -0.76173428465678 -0.41357120589192
2026-04-05T05:03:05.944 -115480.839522641443 -262000.558651440282 -143680.249517013552 -0.10837867753859 -0.76096864871292 -0.41315385812253
2026-04-05T05:07:05.944 -115506.817128964802 -262183.099342045083 -143779.356412481284 -0.10810149912099 -0.76020392477189 -0.41273702271624
2026-04-05T05:11:05.944 -115532.728301681782 -262365.456608077628 -143878.363328791951 -0.10782506398216 -0.75944011016700 -0.41232069824236
2026-04-05T05:15:05.944 -115558.573219057478 -262547.630667459569 -143977.270388398232 -0.10754937110928 -0.75867720224162 -0.41190488327612
2026-04-05T05:19:05.944 -115584.352059115452 -262729.621737476205 -144076.077713411563 -0.10727441950215 -0.75791519834918 -0.41148957639855
2026-04-05T05:23:05.944 -115610.064999640730 -262911.430034778838 -144174.785425603564 -0.10700020817320 -0.75715409585302 -0.41107477619655
2026-04-05T05:27:05.944 -115635.712218182816 -263093.055775387213 -144273.393646407349 -0.10672673614745 -0.75639389212642 -0.41066048126278
2026-04-05T05:31:05.944 -115661.293892058748 -263274.499174691737 -144371.902496919007 -0.10645400246255 -0.75563458455249 -0.41024669019566
2026-04-05T05:35:05.944 -115686.810198356092 -263455.760447456036 -144470.312097898917 -0.10618200616873 -0.75487617052413 -0.40983340159935
2026-04-05T05:39:05.944 -115712.261313936004 -263636.839807819168 -144568.622569773142 -0.10591074632881 -0.75411864744394 -0.40942061408371
2026-04-05T05:43:05.944 -115737.647415436222 -263817.737469297950 -144666.834032634768 -0.10564022201821 -0.75336201272423 -0.40900832626425
2026-04-05T05:47:05.944 -115762.968679274098 -263998.453644789348 -144764.946606245328 -0.10537043232493 -0.75260626378688 -0.40859653676213
2026-04-05T05:51:05.944 -115788.225281649589 -264178.988546572742 -144862.960410036088 -0.10510137634954 -0.75185139806334 -0.40818524420412
2026-04-05T05:55:05.944 -115813.417398548321 -264359.342386312142 -144960.875563109410 -0.10483305320521 -0.75109741299454 -0.40777444722258
2026-04-05T05:59:05.944 -115838.545205744595 -264539.515375058516 -145058.692184240062 -0.10456546201767 -0.75034430603085 -0.40736414445541
2026-04-05T06:03:05.944 -115863.608878804385 -264719.507723252114 -145156.410391876620 -0.10429860192523 -0.74959207463204 -0.40695433454602
2026-04-05T06:07:05.944 -115888.608593088356 -264899.319640724570 -145254.030304142681 -0.10403247207876 -0.74884071626716 -0.40654501614333
2026-04-05T06:11:05.944 -115913.544523754914 -265078.951336701284 -145351.552038838301 -0.10376707164173 -0.74809022841456 -0.40613618790173
2026-04-05T06:15:05.944 -115938.416845763189 -265258.403019803518 -145448.975713441178 -0.10350239979017 -0.74734060856180 -0.40572784848103
2026-04-05T06:19:05.944 -115963.225733876083 -265437.674898050667 -145546.301445108053 -0.10323845571267 -0.74659185420555 -0.40531999654645
2026-04-05T06:23:05.944 -115987.971362663258 -265616.767178862356 -145643.529350675992 -0.10297523861043 -0.74584396285164 -0.40491263076861
2026-04-05T06:27:05.944 -116012.653906504172 -265795.680069060763 -145740.659546663577 -0.10271274769721 -0.74509693201489 -0.40450574982344
2026-04-05T06:31:05.944 -116037.273539591115 -265974.413774872723 -145837.692149272334 -0.10245098219935 -0.74435075921914 -0.40409935239225
2026-04-05T06:35:05.944 -116061.830435932177 -266152.968501931813 -145934.627274387894 -0.10218994135580 -0.74360544199714 -0.40369343716159
2026-04-05T06:39:05.944 -116086.324769354338 -266331.344455280574 -146031.465037581278 -0.10192962441808 -0.74286097789053 -0.40328800282332
2026-04-05T06:43:05.944 -116110.756713506431 -266509.541839372541 -146128.205554110231 -0.10167003065031 -0.74211736444977 -0.40288304807452
2026-04-05T06:47:05.944 -116135.126441862201 -266687.560858074459 -146224.848938920390 -0.10141115932923 -0.74137459923409 -0.40247857161749
2026-04-05T06:51:05.944 -116159.434127723318 -266865.401714668318 -146321.395306646562 -0.10115300974418 -0.74063267981142 -0.40207457215972
2026-04-05T06:55:05.944 -116183.679944222415 -267043.064611853508 -146417.844771614007 -0.10089558119711 -0.73989160375837 -0.40167104841386
2026-04-05T06:59:05.944 -116207.864064326102 -267220.549751748738 -146514.197447839600 -0.10063887300262 -0.73915136866015 -0.40126799909770
2026-04-05T07:03:05.944 -116231.986660838011 -267397.857335894252 -146610.453449033113 -0.10038288448791 -0.73841197211051 -0.40086542293411
2026-04-05T07:07:05.944 -116256.047906401829 -267574.987565253803 -146706.612888598407 -0.10012761499286 -0.73767341171172 -0.40046331865108
2026-04-05T07:11:05.944 -116280.047973504319 -267751.940640216751 -146802.675879634713 -0.09987306386998 -0.73693568507449 -0.40006168498163
2026-04-05T07:15:05.944 -116303.987034478370 -267928.716760599986 -146898.642534937710 -0.09961923048446 -0.73619878981793 -0.39966052066381
2026-04-05T07:19:05.944 -116327.865261506042 -268105.316125649959 -146994.512967000890 -0.09936611421415 -0.73546272356947 -0.39925982444068
2026-04-05T07:23:05.944 -116351.682826621589 -268281.738934044784 -147090.287288016640 -0.09911371444962 -0.73472748396485 -0.39885959506028
2026-04-05T07:27:05.944 -116375.439901714548 -268457.985383896099 -147185.965609877458 -0.09886203059411 -0.73399306864805 -0.39845983127559
2026-04-05T07:31:05.944 -116399.136658532734 -268634.055672751041 -147281.548044177180 -0.09861106206360 -0.73325947527122 -0.39806053184452
2026-04-05T07:35:05.944 -116422.773268685341 -268809.949997594289 -147377.034702212113 -0.09836080828679 -0.73252670149465 -0.39766169552988
2026-04-05T07:39:05.944 -116446.349903645969 -268985.668554849923 -147472.425694982230 -0.09811126870512 -0.73179474498672 -0.39726332109937
2026-04-05T07:43:05.944 -116469.866734755706 -269161.211540383461 -147567.721133192332 -0.09786244277281 -0.73106360342384 -0.39686540732552
2026-04-05T07:47:05.944 -116493.323933226187 -269336.579149503668 -147662.921127253183 -0.09761432995684 -0.73033327449037 -0.39646795298570
2026-04-05T07:51:05.944 -116516.721670142651 -269511.771576964529 -147758.025787282735 -0.09736692973701 -0.72960375587865 -0.39607095686206
2026-04-05T07:55:05.944 -116540.060116467022 -269686.789016967115 -147853.035223107203 -0.09712024160591 -0.72887504528884 -0.39567441774155
2026-04-05T07:59:05.944 -116563.339443040983 -269861.631663161505 -147947.949544262257 -0.09687426506897 -0.72814714042899 -0.39527833441585
2026-04-05T08:03:05.944 -116586.559820589086 -270036.299708648643 -148042.768859994103 -0.09662899964448 -0.72742003901486 -0.39488270568140
2026-04-05T08:07:05.944 -116609.721419721784 -270210.793345982151 -148137.493279260700 -0.09638444486360 -0.72669373876999 -0.39448753033930
2026-04-05T08:11:05.944 -116632.824410938585 -270385.112767170242 -148232.122910732811 -0.09614060027040 -0.72596823742558 -0.39409280719536
2026-04-05T08:15:05.944 -116655.868964631110 -270559.258163677529 -148326.657862795138 -0.09589746542183 -0.72524353272042 -0.39369853506003
2026-04-05T08:19:05.944 -116678.855251086192 -270733.229726426885 -148421.098243547487 -0.09565503988781 -0.72451962240094 -0.39330471274839
2026-04-05T08:23:05.944 -116701.783440489016 -270907.027645801136 -148515.444160805811 -0.09541332325122 -0.72379650422104 -0.39291133908015
2026-04-05T08:27:05.944 -116724.653702926211 -271080.652111645031 -148609.695722103352 -0.09517231510792 -0.72307417594213 -0.39251841287956
2026-04-05T08:31:05.944 -116747.466208388956 -271254.103313266940 -148703.853034691710 -0.09493201506678 -0.72235263533302 -0.39212593297547
2026-04-05T08:35:05.944 -116770.221126776145 -271427.381439440593 -148797.916205541958 -0.09469242274971 -0.72163188016994 -0.39173389820125
2026-04-05T08:39:05.944 -116792.918627897496 -271600.486678406887 -148891.885341345711 -0.09445353779169 -0.72091190823640 -0.39134230739478
2026-04-05T08:43:05.944 -116815.558881476682 -271773.419217875693 -148985.760548516235 -0.09421535984079 -0.72019271732322 -0.39095115939844
2026-04-05T08:47:05.944 -116838.142057154502 -271946.179245027481 -149079.541933189495 -0.09397788855820 -0.71947430522843 -0.39056045305906
2026-04-05T08:51:05.944 -116860.668324491999 -272118.766946515185 -149173.229601225234 -0.09374112361826 -0.71875666975728 -0.39017018722794
2026-04-05T08:55:05.944 -116883.137852973639 -272291.182508465834 -149266.823658208014 -0.09350506470849 -0.71803980872211 -0.38978036076077
2026-04-05T08:59:05.944 -116905.550812010508 -272463.426116482238 -149360.324209448328 -0.09326971152961 -0.71732371994236 -0.38939097251766
2026-04-05T09:03:05.944 -116927.907370943416 -272635.497955644736 -149453.731359983591 -0.09303506379560 -0.71660840124451 -0.38900202136310
2026-04-05T09:07:05.944 -116950.207699046136 -272807.398210512823 -149547.045214579208 -0.09280112123370 -0.71589385046203 -0.38861350616592
2026-04-05T09:11:05.944 -116972.451965528569 -272979.127065126959 -149640.265877729660 -0.09256788358446 -0.71518006543533 -0.38822542579927
2026-04-05T09:15:05.944 -116994.640339539968 -273150.684703010018 -149733.393453659490 -0.09233535060178 -0.71446704401170 -0.38783777914064
2026-04-05T09:19:05.944 -117016.772990172103 -273322.071307169099 -149826.428046324349 -0.09210352205292 -0.71375478404528 -0.38745056507179
2026-04-05T09:23:05.944 -117038.850086462495 -273493.287060097151 -149919.369759412017 -0.09187239771856 -0.71304328339702 -0.38706378247873
2026-04-05T09:27:05.944 -117060.871797397660 -273664.332143774489 -150012.218696343421 -0.09164197739284 -0.71233253993459 -0.38667743025175
2026-04-05T09:31:05.944 -117082.838291916312 -273835.206739670539 -150104.974960273685 -0.09141226088336 -0.71162255153238 -0.38629150728532
2026-04-05T09:35:05.944 -117104.749738912622 -274005.911028745293 -150197.638654093113 -0.09118324801126 -0.71091331607143 -0.38590601247813
2026-04-05T09:39:05.944 -117126.606307239446 -274176.445191451116 -150290.209880428156 -0.09095493861125 -0.71020483143938 -0.38552094473305
2026-04-05T09:43:05.944 -117148.408165711618 -274346.809407734021 -150382.688741642487 -0.09072733253163 -0.70949709553044 -0.38513630295710
2026-04-05T09:47:05.944 -117170.155483109178 -274517.003857035597 -150475.075339837960 -0.09050042963434 -0.70879010624531 -0.38475208606143
2026-04-05T09:51:05.944 -117191.848428180703 -274687.028718294227 -150567.369776855601 -0.09027422979504 -0.70808386149117 -0.38436829296132
2026-04-05T09:55:05.944 -117213.487169646542 -274856.884169946890 -150659.572154276568 -0.09004873290307 -0.70737835918161 -0.38398492257611
2026-04-05T09:59:05.944 -117235.071876202172 -275026.570389930566 -150751.682573423197 -0.08982393886158 -0.70667359723659 -0.38360197382925
2026-04-05T10:03:05.944 -117256.602716521462 -275196.087555683742 -150843.701135359879 -0.08959984758752 -0.70596957358239 -0.38321944564820
2026-04-05T10:07:05.944 -117278.079859260004 -275365.435844147985 -150935.627940894105 -0.08937645901172 -0.70526628615156 -0.38283733696449
2026-04-05T10:11:05.944 -117299.503473058488 -275534.615431769460 -151027.463090577454 -0.08915377307889 -0.70456373288288 -0.38245564671362
2026-04-05T10:15:05.944 -117320.873726545979 -275703.626494500320 -151119.206684706442 -0.08893178974773 -0.70386191172132 -0.38207437383509
2026-04-05T10:19:05.944 -117342.190788343316 -275872.469207800343 -151210.858823323564 -0.08871050899093 -0.70316082061798 -0.38169351727238
2026-04-05T10:23:05.944 -117363.454827066482 -276041.143746638205 -151302.419606218231 -0.08848993079522 -0.70246045753004 -0.38131307597290
2026-04-05T10:27:05.944 -117384.666011329944 -276209.650285493059 -151393.889132927696 -0.08827005516147 -0.70176082042072 -0.38093304888798
2026-04-05T10:31:05.944 -117405.824509750106 -276377.988998355984 -151485.267502738017 -0.08805088210468 -0.70106190725924 -0.38055343497288
2026-04-05T10:35:05.944 -117426.930490948653 -276546.160058731330 -151576.554814684961 -0.08783241165406 -0.70036371602076 -0.38017423318671
2026-04-05T10:39:05.944 -117447.984123555987 -276714.163639638282 -151667.751167554961 -0.08761464385310 -0.69966624468635 -0.37979544249246
2026-04-05T10:43:05.944 -117468.985576214691 -276881.999913612090 -151758.856659886020 -0.08739757875959 -0.69896949124292 -0.37941706185698
2026-04-05T10:47:05.944 -117489.935017582917 -277049.669052705576 -151849.871389968641 -0.08718121644571 -0.69827345368319 -0.37903909025091
2026-04-05T10:51:05.944 -117510.832616337881 -277217.171228490595 -151940.795455846761 -0.08696555699804 -0.69757813000566 -0.37866152664872
2026-04-05T10:55:05.944 -117531.678541179324 -277384.506612059195 -152031.628955318592 -0.08675060051768 -0.69688351821451 -0.37828437002864
2026-04-05T10:59:05.944 -117552.472960832965 -277551.675374025246 -152122.371985937614 -0.08653634712025 -0.69618961631961 -0.37790761937269
2026-04-05T11:03:05.944 -117573.216044054047 -277718.677684525552 -152213.024645013444 -0.08632279693597 -0.69549642233643 -0.37753127366661
2026-04-05T11:07:05.944 -117593.907959630829 -277885.513713221357 -152303.587029612710 -0.08610995010976 -0.69480393428605 -0.37715533189988
2026-04-05T11:11:05.944 -117614.548876388100 -278052.183629299572 -152394.059236559959 -0.08589780680123 -0.69411215019503 -0.37677979306566
2026-04-05T11:15:05.944 -117635.138963190737 -278218.687601474230 -152484.441362438549 -0.08568636718480 -0.69342106809544 -0.37640465616083
2026-04-05T11:19:05.944 -117655.678388947272 -278385.025797987648 -152574.733503591531 -0.08547563144972 -0.69273068602479 -0.37602992018589
2026-04-05T11:23:05.944 -117676.167322613415 -278551.198386611824 -152664.935756122490 -0.08526559980020 -0.69204100202594 -0.37565558414503
2026-04-05T11:27:05.944 -117696.605933195708 -278717.205534649664 -152755.048215896473 -0.08505627245538 -0.69135201414712 -0.37528164704603
2026-04-05T11:31:05.944 -117716.994389755084 -278883.047408936312 -152845.070978540840 -0.08484764964950 -0.69066372044186 -0.37490810790029
2026-04-05T11:35:05.944 -117737.332861410498 -279048.724175840325 -152935.004139446071 -0.08463973163190 -0.68997611896891 -0.37453496572279
2026-04-05T11:39:05.944 -117757.621517342573 -279214.236001265061 -153024.847793766705 -0.08443251866709 -0.68928920779223 -0.37416221953210
2026-04-05T11:43:05.944 -117777.860526797260 -279379.583050649788 -153114.602036422177 -0.08422601103488 -0.68860298498095 -0.37378986835030
2026-04-05T11:47:05.944 -117798.050059089495 -279544.765488971025 -153204.266962097608 -0.08402020903039 -0.68791744860927 -0.37341791120303
2026-04-05T11:51:05.944 -117818.190283606877 -279709.783480743703 -153293.842665244709 -0.08381511296414 -0.68723259675649 -0.37304634711943
2026-04-05T11:55:05.944 -117838.281369813383 -279874.637190022389 -153383.329240082618 -0.08361072316213 -0.68654842750689 -0.37267517513211
2026-04-05T11:59:05.944 -117858.323487253117 -280039.326780402393 -153472.726780598692 -0.08340703996594 -0.68586493894974 -0.37230439427718
2026-04-05T12:03:05.944 -117878.316805554030 -280203.852415021160 -153562.035380549409 -0.08320406373275 -0.68518212917921 -0.37193400359420
2026-04-05T12:07:05.944 -117898.261494431674 -280368.214256559266 -153651.255133461091 -0.08300179483547 -0.68449999629434 -0.37156400212613
2026-04-05T12:11:05.944 -117918.157723692988 -280532.412467241578 -153740.386132630840 -0.08280023366279 -0.68381853839900 -0.37119438891939
2026-04-05T12:15:05.944 -117938.005663240110 -280696.447208838596 -153829.428471127263 -0.08259938061926 -0.68313775360185 -0.37082516302376
2026-04-05T12:19:05.944 -117957.805483074175 -280860.318642667378 -153918.382241791376 -0.08239923612541 -0.68245764001626 -0.37045632349241
2026-04-05T12:23:05.944 -117977.557353299169 -281024.026929592772 -154007.247537237301 -0.08219980061778 -0.68177819576027 -0.37008786938188
2026-04-05T12:27:05.944 -117997.261444125776 -281187.572230028512 -154096.024449853139 -0.08200107454903 -0.68109941895659 -0.36971979975201
2026-04-05T12:31:05.944 -118016.917925875270 -281350.954703938332 -154184.713071801758 -0.08180305838803 -0.68042130773249 -0.36935211366601
2026-04-05T12:35:05.944 -118036.526968983409 -281514.174510837009 -154273.313495021634 -0.08160575261995 -0.67974386021979 -0.36898481019035
2026-04-05T12:39:05.944 -118056.088744004359 -281677.231809791585 -154361.825811227522 -0.08140915774632 -0.67906707455478 -0.36861788839481
2026-04-05T12:43:05.944 -118075.603421614607 -281840.126759422361 -154450.250111911388 -0.08121327428516 -0.67839094887821 -0.36825134735242
2026-04-05T12:47:05.944 -118095.071172616954 -282002.859517903824 -154538.586488343048 -0.08101810277103 -0.67771548133524 -0.36788518613946
2026-04-05T12:51:05.944 -118114.492167944511 -282165.430242965929 -154626.835031571041 -0.08082364375515 -0.67704067007533 -0.36751940383543
2026-04-05T12:55:05.944 -118133.866578664674 -282327.839091894915 -154714.995832423388 -0.08062989780551 -0.67636651325228 -0.36715399952305
2026-04-05T12:59:05.944 -118153.194575983187 -282490.086221534584 -154803.068981508317 -0.08043686550690 -0.67569300902412 -0.36678897228821
2026-04-05T13:03:05.944 -118172.476331248166 -282652.171788287058 -154891.054569215048 -0.08024454746108 -0.67502015555308 -0.36642432122001
2026-04-05T13:07:05.944 -118191.712015954196 -282814.095948113943 -154978.952685714612 -0.08005294428684 -0.67434795100555 -0.36606004541065
2026-04-05T13:11:05.944 -118210.901801746411 -282975.858856537263 -155066.763420960488 -0.07986205662010 -0.67367639355201 -0.36569614395550
2026-04-05T13:15:05.944 -118230.045860424652 -283137.460668640386 -155154.486864689447 -0.07967188511404 -0.67300548136701 -0.36533261595304
2026-04-05T13:19:05.944 -118249.144363947591 -283298.901539069135 -155242.123106422281 -0.07948243043914 -0.67233521262908 -0.36496946050485
2026-04-05T13:23:05.944 -118268.197484436925 -283460.181622032658 -155329.672235464473 -0.07929369328337 -0.67166558552072 -0.36460667671557
2026-04-05T13:27:05.944 -118287.205394181539 -283621.301071304362 -155417.134340907069 -0.07910567435222 -0.67099659822835 -0.36424426369292
2026-04-05T13:31:05.944 -118306.168265641769 -283782.260040222784 -155504.509511627257 -0.07891837436886 -0.67032824894221 -0.36388222054766
2026-04-05T13:35:05.944 -118325.086271453634 -283943.058681692637 -155591.797836289217 -0.07873179407420 -0.66966053585637 -0.36352054639355
2026-04-05T13:39:05.944 -118343.959584433134 -284103.697148185689 -155678.999403344787 -0.07854593422706 -0.66899345716864 -0.36315924034739
2026-04-05T13:43:05.944 -118362.788377580524 -284264.175591741572 -155766.114301034191 -0.07836079560423 -0.66832701108054 -0.36279830152895
2026-04-05T13:47:05.944 -118381.572824084651 -284424.494163968717 -155853.142617386737 -0.07817637900061 -0.66766119579726 -0.36243772906096
2026-04-05T13:51:05.944 -118400.313097327351 -284584.653016045340 -155940.084440221544 -0.07799268522932 -0.66699600952756 -0.36207752206912
2026-04-05T13:55:05.944 -118419.009370887783 -284744.652298720030 -156026.939857148274 -0.07780971512181 -0.66633145048377 -0.36171767968204
2026-04-05T13:59:05.944 -118437.661818546869 -284904.492162312847 -156113.708955567796 -0.07762746952799 -0.66566751688172 -0.36135820103125
2026-04-05T14:03:05.944 -118456.270614291745 -285064.172756716085 -156200.391822672915 -0.07744594931635 -0.66500420694069 -0.36099908525119
2026-04-05T14:07:05.944 -118474.835932320217 -285223.694231395028 -156286.988545449014 -0.07726515537407 -0.66434151888335 -0.36064033147916
2026-04-05T14:11:05.944 -118493.357947045282 -285383.056735388818 -156373.499210674781 -0.07708508860716 -0.66367945093571 -0.36028193885532
2026-04-05T14:15:05.944 -118511.836833099631 -285542.260417311278 -156459.923904922878 -0.07690574994058 -0.66301800132709 -0.35992390652267
2026-04-05T14:19:05.944 -118530.272765340254 -285701.305425351544 -156546.262714560638 -0.07672714031835 -0.66235716829003 -0.35956623362703
2026-04-05T14:23:05.944 -118548.665918852988 -285860.191907275061 -156632.515725750709 -0.07654926070371 -0.66169695006026 -0.35920891931703
2026-04-05T14:27:05.944 -118567.016468957183 -286018.920010424161 -156718.683024451777 -0.07637211207924 -0.66103734487667 -0.35885196274407
2026-04-05T14:31:05.944 -118585.324591210345 -286177.489881718880 -156804.764696419152 -0.07619569544697 -0.66037835098118 -0.35849536306233
2026-04-05T14:35:05.944 -118603.590461412794 -286335.901667657774 -156890.760827205522 -0.07602001182856 -0.65971996661879 -0.35813911942874
2026-04-05T14:39:05.944 -118621.814255612422 -286494.155514318380 -156976.671502161538 -0.07584506226540 -0.65906219003742 -0.35778323100293
2026-04-05T14:43:05.944 -118639.996150109451 -286652.251567358267 -157062.496806436509 -0.07567084781876 -0.65840501948796 -0.35742769694726
2026-04-05T14:47:05.944 -118658.136321461192 -286810.189972015447 -157148.236824979016 -0.07549736956992 -0.65774845322411 -0.35707251642679
2026-04-05T14:51:05.944 -118676.234946486904 -286967.970873109181 -157233.891642537579 -0.07532462862036 -0.65709248950242 -0.35671768860924
2026-04-05T14:55:05.944 -118694.292202272598 -287125.594415040687 -157319.461343661300 -0.07515262609183 -0.65643712658218 -0.35636321266498
2026-04-05T14:59:05.944 -118712.308266175984 -287283.060741793714 -157404.946012700471 -0.07498136312657 -0.65578236272536 -0.35600908776701
2026-04-05T15:00:43.855 -118788.147228999995 -287300.486640000017 -157468.901546000008 -0.07631617500000 -0.65456769400000 -0.35648636600000
2026-04-05T15:04:43.855 -118806.442665621536 -287457.504420670448 -157554.415820543887 -0.07614592061347 -0.65391391099989 -0.35613264670143
2026-04-05T15:08:43.855 -118824.697330351279 -287614.365364928963 -157639.845244305063 -0.07597640943793 -0.65326072361223 -0.35577927600740
2026-04-05T15:12:43.855 -118842.911401706791 -287771.069615515182 -157725.189900850237 -0.07580764270133 -0.65260813010983 -0.35542625309835
2026-04-05T15:16:43.855 -118861.085058502911 -287927.617314754520 -157810.449873549689 -0.07563962165292 -0.65195612876798 -0.35507357715721
2026-04-05T15:20:43.855 -118879.218479856849 -288084.008604558825 -157895.625245577947 -0.07547234756337 -0.65130471786438 -0.35472124736945
2026-04-05T15:24:43.855 -118897.311845193370 -288240.243626426847 -157980.716099914309 -0.07530582172496 -0.65065389567912 -0.35436926292298
2026-04-05T15:28:43.855 -118915.365334249989 -288396.322521444818 -158065.722519343515 -0.07514004545170 -0.65000366049456 -0.35401762300823
2026-04-05T15:32:43.855 -118933.379127082226 -288552.245430287032 -158150.644586456241 -0.07497502007958 -0.64935401059536 -0.35366632681803
2026-04-05T15:36:43.855 -118951.353404068868 -288708.012493216374 -158235.482383649767 -0.07481074696663 -0.64870494426834 -0.35331537354765
2026-04-05T15:40:43.855 -118969.288345917317 -288863.623850084725 -158320.235993128532 -0.07464722749319 -0.64805645980244 -0.35296476239479
2026-04-05T15:44:43.855 -118987.184133668925 -289019.079640333715 -158404.905496904685 -0.07448446306204 -0.64740855548871 -0.35261449255950
2026-04-05T15:48:43.855 -119005.040948704453 -289174.380002994963 -158489.490976798697 -0.07432245509856 -0.64676122962018 -0.35226456324421
2026-04-05T15:52:43.855 -119022.858972749455 -289329.525076690654 -158573.992514439888 -0.07416120505097 -0.64611448049183 -0.35191497365372
2026-04-05T15:56:43.855 -119040.638387879822 -289484.514999634004 -158658.410191267030 -0.07400071439042 -0.64546830640054 -0.35156572299511
2026-04-05T16:00:43.855 -119058.379376527300 -289639.349909629731 -158742.744088528852 -0.07384098461128 -0.64482270564501 -0.35121681047782
2026-04-05T16:04:43.855 -119076.082121485102 -289794.029944074457 -158826.994287284615 -0.07368201723124 -0.64417767652570 -0.35086823531352
2026-04-05T16:08:43.855 -119093.746805913470 -289948.555239957117 -158911.160868404695 -0.07352381379156 -0.64353321734478 -0.35051999671620
2026-04-05T16:12:43.855 -119111.373613345408 -290102.925933859311 -158995.243912571052 -0.07336637585721 -0.64288932640603 -0.35017209390205
2026-04-05T16:16:43.855 -119128.962727692400 -290257.142161955824 -159079.243500277807 -0.07320970501712 -0.64224600201483 -0.34982452608952
2026-04-05T16:20:43.855 -119146.514333250147 -290411.204060014803 -159163.159711831802 -0.07305380288432 -0.64160324247805 -0.34947729249924
2026-04-05T16:24:43.855 -119164.028614704381 -290565.111763398279 -159246.992627353058 -0.07289867109620 -0.64096104610401 -0.34913039235403
2026-04-05T16:28:43.855 -119181.505757136780 -290718.865407062520 -159330.742326775333 -0.07274431131465 -0.64031941120240 -0.34878382487888
2026-04-05T16:32:43.855 -119198.945946030814 -290872.465125558141 -159414.408889846673 -0.07259072522634 -0.63967833608422 -0.34843758930090
2026-04-05T16:36:43.855 -119216.349367277740 -291025.911053030635 -159497.992396129877 -0.07243791454285 -0.63903781906171 -0.34809168484936
2026-04-05T16:40:43.855 -119233.716207182631 -291179.203323220485 -159581.492925002996 -0.07228588100095 -0.63839785844828 -0.34774611075559
2026-04-05T16:44:43.855 -119251.046652470424 -291332.342069463688 -159664.910555659852 -0.07213462636276 -0.63775845255846 -0.34740086625301
2026-04-05T16:48:43.855 -119268.340890292005 -291485.327424691699 -159748.245367110561 -0.07198415241601 -0.63711959970780 -0.34705595057709
2026-04-05T16:52:43.855 -119285.599108230439 -291638.159521431895 -159831.497438181977 -0.07183446097423 -0.63648129821282 -0.34671136296536
2026-04-05T16:56:43.855 -119302.821494307136 -291790.838491807692 -159914.666847518209 -0.07168555387701 -0.63584354639095 -0.34636710265733
2026-04-05T17:00:43.855 -119320.008236988171 -291943.364467538835 -159997.753673581086 -0.07153743299019 -0.63520634256041 -0.34602316889451
2026-04-05T17:04:43.855 -119337.159525190582 -292095.737579941517 -160080.757994650659 -0.07139010020610 -0.63456968504022 -0.34567956092038
2026-04-05T17:08:43.855 -119354.275548288773 -292247.957959928550 -160163.679888825602 -0.07124355744381 -0.63393357215003 -0.34533627798038
2026-04-05T17:12:43.855 -119371.356496120963 -292400.025738009543 -160246.519434023765 -0.07109780664935 -0.63329800221014 -0.34499331932185
2026-04-05T17:16:43.855 -119388.402558995673 -292551.941044291074 -160329.276707982557 -0.07095284979596 -0.63266297354135 -0.34465068419404
2026-04-05T17:20:43.855 -119405.413927698290 -292703.704008476750 -160411.951788259437 -0.07080868888432 -0.63202848446493 -0.34430837184807
2026-04-05T17:24:43.855 -119422.390793497689 -292855.314759867324 -160494.544752232410 -0.07066532594282 -0.63139453330255 -0.34396638153694
2026-04-05T17:28:43.855 -119439.333348152883 -293006.773427360808 -160577.055677100347 -0.07052276302777 -0.63076111837616 -0.34362471251544
2026-04-05T17:32:43.855 -119456.241783919817 -293158.080139452533 -160659.484639883507 -0.07038100222372 -0.63012823800793 -0.34328336404020
2026-04-05T17:36:43.855 -119473.116293558109 -293309.235024235095 -160741.831717424007 -0.07024004564365 -0.62949589052022 -0.34294233536963
2026-04-05T17:40:43.855 -119489.957070337943 -293460.238209398463 -160824.096986386110 -0.07009989542925 -0.62886407423542 -0.34260162576389
2026-04-05T17:44:43.855 -119506.764308046986 -293611.089822230104 -160906.280523256806 -0.06996055375122 -0.62823278747594 -0.34226123448488
2026-04-05T17:48:43.855 -119523.538200997355 -293761.789989614743 -160988.382404346077 -0.06982202280950 -0.62760202856407 -0.34192116079620
2026-04-05T17:52:43.855 -119540.278944032718 -293912.338838034426 -161070.402705787419 -0.06968430483354 -0.62697179582196 -0.34158140396317
2026-04-05T17:56:43.855 -119556.986732535370 -294062.736493568576 -161152.341503538191 -0.06954740208261 -0.62634208757149 -0.34124196325275
2026-04-05T18:00:43.855 -119573.661762433432 -294212.983081893763 -161234.198873380024 -0.06941131684605 -0.62571290213419 -0.34090283793353
2026-04-05T18:04:43.855 -119590.304230208116 -294363.078728283697 -161315.974890919199 -0.06927605144356 -0.62508423783119 -0.34056402727573
2026-04-05T18:08:43.855 -119606.914332901011 -294513.023557609122 -161397.669631587021 -0.06914160822550 -0.62445609298310 -0.34022553055114
2026-04-05T18:12:43.855 -119623.492268121525 -294662.817694337573 -161479.283170640265 -0.06900798957317 -0.62382846590993 -0.33988734703314
2026-04-05T18:16:43.855 -119640.038234054315 -294812.461262533441 -161560.815583161457 -0.06887519789910 -0.62320135493103 -0.33954947599662
2026-04-05T18:20:43.855 -119656.552429466799 -294961.954385857505 -161642.266944059287 -0.06874323564737 -0.62257475836494 -0.33921191671798
2026-04-05T18:24:43.855 -119673.035053716827 -295111.297187567048 -161723.637328068959 -0.06861210529390 -0.62194867452937 -0.33887466847511
2026-04-05T18:28:43.855 -119689.486306760300 -295260.489790515392 -161804.926809752564 -0.06848180934676 -0.62132310174108 -0.33853773054737
2026-04-05T18:32:43.855 -119705.906389158947 -295409.532317151781 -161886.135463499377 -0.06835235034650 -0.62069803831575 -0.33820110221552
2026-04-05T18:36:43.855 -119722.295502088149 -295558.424889521149 -161967.263363526261 -0.06822373086642 -0.62007348256797 -0.33786478276175
2026-04-05T18:40:43.855 -119738.653847344875 -295707.167629263713 -162048.310583877959 -0.06809595351296 -0.61944943281105 -0.33752877146960
2026-04-05T18:44:43.855 -119754.981627355606 -295855.760657614737 -162129.277198427415 -0.06796902092598 -0.61882588735702 -0.33719306762397
2026-04-05T18:48:43.855 -119771.279045184463 -296004.204095404188 -162210.163280876091 -0.06784293577910 -0.61820284451645 -0.33685767051109
2026-04-05T18:52:43.855 -119787.546304541305 -296152.498063056439 -162290.968904754351 -0.06771770078004 -0.61758030259841 -0.33652257941844
2026-04-05T18:56:43.855 -119803.783609789985 -296300.642680589808 -162371.694143421657 -0.06759331867096 -0.61695825991032 -0.33618779363480
2026-04-05T19:00:43.855 -119819.991165956628 -296448.638067616208 -162452.339070066955 -0.06746979222882 -0.61633671475791 -0.33585331245017
2026-04-05T19:04:43.855 -119836.169178738041 -296596.484343340737 -162532.903757708933 -0.06734712426569 -0.61571566544507 -0.33551913515573
2026-04-05T19:08:43.855 -119852.317854510184 -296744.181626561156 -162613.388279196311 -0.06722531762916 -0.61509511027376 -0.33518526104388
2026-04-05T19:12:43.855 -119868.437400336741 -296891.730035667482 -162693.792707208078 -0.06710437520266 -0.61447504754391 -0.33485168940810
2026-04-05T19:16:43.855 -119884.528023977735 -297039.129688641406 -162774.117114253837 -0.06698429990584 -0.61385547555331 -0.33451841954304
2026-04-05T19:20:43.855 -119900.589933898314 -297186.380703055882 -162854.361572674039 -0.06686509469495 -0.61323639259751 -0.33418545074438
2026-04-05T19:24:43.855 -119916.623339277547 -297333.483196074492 -162934.526154640189 -0.06674676256320 -0.61261779696970 -0.33385278230888
2026-04-05T19:28:43.855 -119932.628450017335 -297480.437284450862 -163014.610932155163 -0.06662930654114 -0.61199968696060 -0.33352041353430
2026-04-05T19:32:43.855 -119948.605476751443 -297627.243084528134 -163094.615977053414 -0.06651272969709 -0.61138206085836 -0.33318834371939
2026-04-05T19:36:43.855 -119964.554630854589 -297773.900712238275 -163174.541361001204 -0.06639703513747 -0.61076491694843 -0.33285657216387
2026-04-05T19:40:43.855 -119980.476124451670 -297920.410283101373 -163254.387155496865 -0.06628222600724 -0.61014825351347 -0.33252509816833
2026-04-05T19:44:43.855 -119996.370170427021 -298066.771912225115 -163334.153431870916 -0.06616830549030 -0.60953206883319 -0.33219392103429
2026-04-05T19:48:43.855 -120012.236982433824 -298212.985714303853 -163413.840261286416 -0.06605527680990 -0.60891636118427 -0.33186304006410
2026-04-05T19:52:43.855 -120028.076774903617 -298359.051803617971 -163493.447714739043 -0.06594314322903 -0.60830112884023 -0.33153245456094
2026-04-05T19:56:43.855 -120043.889763055864 -298504.970294033177 -163572.975863057334 -0.06583190805089 -0.60768637007131 -0.33120216382874
2026-04-05T20:00:43.855 -120059.676162907665 -298650.741298999579 -163652.424776902888 -0.06572157461929 -0.60707208314433 -0.33087216717222
2026-04-05T20:04:43.855 -120075.436191283530 -298796.364931550866 -163731.794526770478 -0.06561214631908 -0.60645826632258 -0.33054246389676
2026-04-05T20:08:43.855 -120091.170065825325 -298941.841304303613 -163811.085182988289 -0.06550362657661 -0.60584491786569 -0.33021305330845
2026-04-05T20:12:43.855 -120106.878005002261 -299087.170529456111 -163890.296815718029 -0.06539601886016 -0.60523203602949 -0.32988393471401
2026-04-05T20:16:43.855 -120122.560228121016 -299232.352718787617 -163969.429494955111 -0.06528932668041 -0.60461961906589 -0.32955510742075
2026-04-05T20:20:43.855 -120138.216955335956 -299377.387983657420 -164048.483290528733 -0.06518355359090 -0.60400766522277 -0.32922657073653
2026-04-05T20:24:43.855 -120153.848407659490 -299522.276435003732 -164127.458272102056 -0.06507870318849 -0.60339617274378 -0.32889832396976
2026-04-05T20:28:43.855 -120169.454806972528 -299667.018183342763 -164206.354509172321 -0.06497477911384 -0.60278513986826 -0.32857036642930
2026-04-05T20:32:43.855 -120185.036376035030 -299811.613338767609 -164285.172071070963 -0.06487178505188 -0.60217456483109 -0.32824269742448
2026-04-05T20:36:43.855 -120200.593338496707 -299956.062010947207 -164363.911026963702 -0.06476972473233 -0.60156444586253 -0.32791531626501
2026-04-05T20:40:43.855 -120216.125918907826 -300100.364309125172 -164442.571445850597 -0.06466860193017 -0.60095478118809 -0.32758822226098
2026-04-05T20:44:43.855 -120231.634342730118 -300244.520342118689 -164521.153396566224 -0.06456842046615 -0.60034556902837 -0.32726141472278
2026-04-05T20:48:43.855 -120247.118836347858 -300388.530218317232 -164599.656947779644 -0.06446918420729 -0.59973680759894 -0.32693489296110
2026-04-05T20:52:43.855 -120262.579627079016 -300532.394045681460 -164678.082167994551 -0.06437089706745 -0.59912849511017 -0.32660865628684
2026-04-05T20:56:43.855 -120278.016943186522 -300676.111931741820 -164756.429125549213 -0.06427356300777 -0.59852062976708 -0.32628270401110
2026-04-05T21:00:43.855 -120293.431013889742 -300819.683983597322 -164834.697888616647 -0.06417718603729 -0.59791320976916 -0.32595703544512
2026-04-05T21:04:43.855 -120308.822069376009 -300963.110307914147 -164912.888525204558 -0.06408177021345 -0.59730623331027 -0.32563164990026
2026-04-05T21:08:43.855 -120324.190340812303 -301106.391010924417 -164991.001103155373 -0.06398731964264 -0.59669969857842 -0.32530654668791
2026-04-05T21:12:43.855 -120339.536060357059 -301249.526198424515 -165069.035690146266 -0.06389383848077 -0.59609360375565 -0.32498172511948
2026-04-05T21:16:43.855 -120354.859461172135 -301392.515975773917 -165146.992353689158 -0.06380133093384 -0.59548794701785 -0.32465718450634
2026-04-05T21:20:43.855 -120370.160777434896 -301535.360447893443 -165224.871161130635 -0.06370980125851 -0.59488272653456 -0.32433292415977
2026-04-05T21:24:43.855 -120385.440244350437 -301678.059719263925 -165302.672179652058 -0.06361925376269 -0.59427794046885 -0.32400894339092
2026-04-05T21:28:43.855 -120400.698098163979 -301820.613893924456 -165380.395476269361 -0.06352969280614 -0.59367358697713 -0.32368524151073
2026-04-05T21:32:43.855 -120415.934576173357 -301963.023075470875 -165458.041117833141 -0.06344112280104 -0.59306966420896 -0.32336181782994
2026-04-05T21:36:43.855 -120431.149916741677 -302105.287367054087 -165535.609171028511 -0.06335354821264 -0.59246617030687 -0.32303867165898
2026-04-05T21:40:43.855 -120446.344359310140 -302247.406871378305 -165613.099702375039 -0.06326697355989 -0.59186310340620 -0.32271580230793
2026-04-05T21:44:43.855 -120461.518144410991 -302389.381690699433 -165690.512778226694 -0.06318140341601 -0.59126046163487 -0.32239320908649
2026-04-05T21:48:43.855 -120476.671513680645 -302531.211926823074 -165767.848464771669 -0.06309684240921 -0.59065824311327 -0.32207089130392
2026-04-05T21:52:43.855 -120491.804709872929 -302672.897681102797 -165845.106828032382 -0.06301329522328 -0.59005644595397 -0.32174884826896
2026-04-05T21:56:43.855 -120506.917976872544 -302814.439054438320 -165922.287933865242 -0.06293076659828 -0.58945506826160 -0.32142707928979
2026-04-05T22:00:43.855 -120522.011559708597 -302955.836147273425 -165999.391847960564 -0.06284926133121 -0.58885410813261 -0.32110558367398
2026-04-05T22:04:43.855 -120537.085704568381 -303097.089059594087 -166076.418635842390 -0.06276878427667 -0.58825356365510 -0.32078436072844
2026-04-05T22:08:43.855 -120552.140658811288 -303238.197890926385 -166153.368362868321 -0.06268934034759 -0.58765343290859 -0.32046340975931
2026-04-05T22:12:43.855 -120567.176670982866 -303379.162740334403 -166230.241094229394 -0.06261093451590 -0.58705371396381 -0.32014273007196
2026-04-05T22:16:43.855 -120582.193990829081 -303519.983706418134 -166307.036894949764 -0.06253357181325 -0.58645440488250 -0.31982232097091
2026-04-05T22:20:43.855 -120597.192869310747 -303660.660887311329 -166383.755829886621 -0.06245725733174 -0.58585550371720 -0.31950218175975
2026-04-05T22:23:12.812 -120606.492790507036 -303747.900201673154 -166431.332966963353 -0.06241042203558 -0.58548399875582 -0.31930362212112
2026-04-05T22:25:13.122 -120613.999159218802 -303818.322029926407 -166469.738901900622 -0.06237289076128 -0.58518405219125 -0.31914332330674
2026-04-05T22:27:13.433 -120621.501028529601 -303888.707777564414 -166508.125555265724 -0.06233562566563 -0.58488420708788 -0.31898309194229
2026-04-05T22:29:13.743 -120628.998430503401 -303959.057456779061 -166546.492935168295 -0.06229862741247 -0.58458446319690 -0.31882292793966
2026-04-05T22:31:14.053 -120636.491397284306 -304029.371079732256 -166584.841049707378 -0.06226189666966 -0.58428482026885 -0.31866283121067
2026-04-05T22:33:14.364 -120643.979961096993 -304099.648658555874 -166623.169906971394 -0.06222543410905 -0.58398527805366 -0.31850280166707
2026-04-05T22:35:14.674 -120651.464154247209 -304169.890205351694 -166661.479515038140 -0.06218924040654 -0.58368583630058 -0.31834283922053
2026-04-05T22:37:14.985 -120658.944009122264 -304240.095732191170 -166699.769881974760 -0.06215331624209 -0.58338649475823 -0.31818294378263
2026-04-05T22:39:15.295 -120666.419558191541 -304310.265251115605 -166738.041015837778 -0.06211766229973 -0.58308725317455 -0.31802311526490
2026-04-05T22:41:15.606 -120673.446685999996 -304380.487859999994 -166776.724646999995 -0.06198047300000 -0.58281276100000 -0.31801772300000
2026-04-05T22:45:15.606 -120688.313605216099 -304520.291341637960 -166853.010675103345 -0.06191070105898 -0.58221631844906 -0.31769922204878
2026-04-05T22:49:15.606 -120703.163909414739 -304659.951724358252 -166929.220294765197 -0.06184201545066 -0.58162026968193 -0.31738098586964
2026-04-05T22:53:15.606 -120717.997859987678 -304799.469102425501 -167005.353569445957 -0.06177442178541 -0.58102461266759 -0.31706301375517
2026-04-05T22:57:15.606 -120732.815719681239 -304938.843569615565 -167081.410562436125 -0.06170792574123 -0.58042934536365 -0.31674530499639
2026-04-05T23:01:15.606 -120747.617752612685 -305078.075219212624 -167157.391336855828 -0.06164253306455 -0.57983446571607 -0.31642785888267
2026-04-05T23:05:15.606 -120762.404224286700 -305217.164144006558 -167233.295955654437 -0.06157824957110 -0.57923997165894 -0.31611067470166
2026-04-05T23:09:15.606 -120777.175401612156 -305356.110436289920 -167309.124481610139 -0.06151508114681 -0.57864586111417 -0.31579375173925
2026-04-05T23:13:15.606 -120791.931552919064 -305494.914187855145 -167384.876977329492 -0.06145303374870 -0.57805213199125 -0.31547708927943
2026-04-05T23:17:15.606 -120806.672947975749 -305633.575489991286 -167460.553505247022 -0.06139211340577 -0.57745878218695 -0.31516068660422
2026-04-05T23:21:15.606 -120821.399858006203 -305772.094433481107 -167536.154127624672 -0.06133232621991 -0.57686580958504 -0.31484454299363
2026-04-05T23:25:15.606 -120836.112555707732 -305910.471108597936 -167611.678906551359 -0.06127367836687 -0.57627321205601 -0.31452865772553
2026-04-05T23:29:15.606 -120850.811315268773 -306048.705605102412 -167687.127903942397 -0.06121617609718 -0.57568098745676 -0.31421303007557
2026-04-05T23:33:15.606 -120865.496412386943 -306186.798012239044 -167762.501181538973 -0.06115982573713 -0.57508913363033 -0.31389765931713
2026-04-05T23:37:15.606 -120880.168124287389 -306324.748418733128 -167837.798800907622 -0.06110463368974 -0.57449764840554 -0.31358254472116
2026-04-05T23:41:15.606 -120894.826729741282 -306462.556912787026 -167913.020823439612 -0.06105060643577 -0.57390652959675 -0.31326768555616
2026-04-05T23:45:15.606 -120909.472509084590 -306600.223582076840 -167988.167310350342 -0.06099775053474 -0.57331577500349 -0.31295308108803
2026-04-05T23:49:15.606 -120924.105744237124 -306737.748513748753 -168063.238322678691 -0.06094607262593 -0.57272538241016 -0.31263873058002
2026-04-05T23:53:15.606 -120938.726718721809 -306875.131794415298 -168138.233921286417 -0.06089557942946 -0.57213534958567 -0.31232463329260
2026-04-05T23:57:15.606 -120953.335717684196 -307012.373510151694 -168213.154166857421 -0.06084627774734 -0.57154567428316 -0.31201078848336
2026-04-06T00:01:15.606 -120967.933027912251 -307149.473746492004 -168287.999119897082 -0.06079817446455 -0.57095635423962 -0.31169719540693
2026-04-06T00:05:15.606 -120982.518937856425 -307286.432588425116 -168362.768840731500 -0.06075127655014 -0.57036738717553 -0.31138385331486
2026-04-06T00:09:15.606 -120997.093737649906 -307423.250120390905 -168437.463389506825 -0.06070559105837 -0.56977877079454 -0.31107076145553
2026-04-06T00:13:15.606 -121011.657719129260 -307559.926426276099 -168512.082826188387 -0.06066112512981 -0.56919050278307 -0.31075791907400
2026-04-06T00:17:15.606 -121026.211175855278 -307696.461589409912 -168586.627210559935 -0.06061788599253 -0.56860258080999 -0.31044532541198
2026-04-06T00:21:15.606 -121040.754403134080 -307832.855692560086 -168661.096602222766 -0.06057588096326 -0.56801500252618 -0.31013297970761
2026-04-06T00:25:15.606 -121055.287698038563 -307969.108817928296 -168735.491060594970 -0.06053511744858 -0.56742776556421 -0.30982088119543
2026-04-06T00:29:15.606 -121069.811359430125 -308105.221047145838 -168809.810644910438 -0.06049560294616 -0.56684086753790 -0.30950902910624
2026-04-06T00:33:15.606 -121084.325687980643 -308241.192461268976 -168884.055414217990 -0.06045734504595 -0.56625430604193 -0.30919742266696
2026-04-06T00:37:15.606 -121098.830986194793 -308377.023140774458 -168958.225427380414 -0.06042035143152 -0.56566807865146 -0.30888606110052
2026-04-06T00:41:15.606 -121113.327558432647 -308512.713165554625 -169032.320743073564 -0.06038462988122 -0.56508218292168 -0.30857494362574
2026-04-06T00:45:15.606 -121127.815710932613 -308648.262614912586 -169106.341419785284 -0.06035018826959 -0.56449661638741 -0.30826406945719
2026-04-06T00:49:15.606 -121142.295751834637 -308783.671567557380 -169180.287515814358 -0.06031703456864 -0.56391137656265 -0.30795343780507
2026-04-06T00:53:15.606 -121156.767991203800 -308918.940101598855 -169254.159089269495 -0.06028517684916 -0.56332646094014 -0.30764304787508
2026-04-06T00:57:15.606 -121171.232741054162 -309054.068294542551 -169327.956198068248 -0.06025462328214 -0.56274186699095 -0.30733289886826
2026-04-06T01:01:15.606 -121185.690315372965 -309189.056223284337 -169401.678899935825 -0.06022538214016 -0.56215759216393 -0.30702298998086
2026-04-06T01:05:15.606 -121200.141030145212 -309323.903964105179 -169475.327252403949 -0.06019746179877 -0.56157363388536 -0.30671332040424
2026-04-06T01:09:07.760 -121212.644931999996 -309453.304865000013 -169550.176169999992 -0.06016958400000 -0.56100303000000 -0.30646665400000
2026-04-06T01:13:07.760 -121227.082569345977 -309587.875585584145 -169623.691056223790 -0.06014428419325 -0.56041969322595 -0.30615743739449
2026-04-06T01:17:07.760 -121241.514296110443 -309722.306342454394 -169697.131758890435 -0.06012033061123 -0.55983666527492 -0.30584845755226
2026-04-06T01:21:07.760 -121255.940436440884 -309856.597209408588 -169770.498334723467 -0.06009773205183 -0.55925394347895 -0.30553971364219
2026-04-06T01:25:07.760 -121270.361316609502 -309990.748259601300 -169843.790840246336 -0.06007649742335 -0.55867152514495 -0.30523120482749
2026-04-06T01:29:07.760 -121284.777265039884 -310124.759565537679 -169917.009331780893 -0.06005663574600 -0.55808940755419 -0.30492293026548
2026-04-06T01:33:07.760 -121299.188612334066 -310258.631199067226 -169990.153865446104 -0.06003815615358 -0.55750758796181 -0.30461488910745
2026-04-06T01:37:07.760 -121313.595691299997 -310392.363231377560 -170063.224497156421 -0.06002106789504 -0.55692606359619 -0.30430708049847
2026-04-06T01:41:07.760 -121327.998836979343 -310525.955732987728 -170136.221282620420 -0.06000538033617 -0.55634483165843 -0.30399950357726
2026-04-06T01:45:07.760 -121342.398386675763 -310659.408773741801 -170209.144277339132 -0.05999110296127 -0.55576388932178 -0.30369215747594
2026-04-06T01:49:07.760 -121356.794679983519 -310792.722422801948 -170281.993536604510 -0.05997824537485 -0.55518323373102 -0.30338504131991
2026-04-06T01:53:07.760 -121371.188058816566 -310925.896748641680 -170354.769115497795 -0.05996681730341 -0.55460286200190 -0.30307815422765
2026-04-06T01:57:07.760 -121385.578867438031 -311058.931819038757 -170427.471068887797 -0.05995682859716 -0.55402277122049 -0.30277149531049
2026-04-06T02:01:07.760 -121399.967452490135 -311191.827701067901 -170500.099451429181 -0.05994828923189 -0.55344295844258 -0.30246506367248
2026-04-06T02:05:07.760 -121414.354163024516 -311324.584461093531 -170572.654317560664 -0.05994120931075 -0.55286342069303 -0.30215885841013
2026-04-06T02:09:07.760 -121428.739350533069 -311457.202164762362 -170645.135721503233 -0.05993559906616 -0.55228415496510 -0.30185287861223
2026-04-06T02:13:07.760 -121443.123368979141 -311589.680876995495 -170717.543717258202 -0.05993146886170 -0.55170515821981 -0.30154712335966
2026-04-06T02:17:07.760 -121457.506574829284 -311722.020661980845 -170789.878358605347 -0.05992882919407 -0.55112642738526 -0.30124159172515
2026-04-06T02:21:07.760 -121471.889327085417 -311854.221583164937 -170862.139699100895 -0.05992769069502 -0.55054795935589 -0.30093628277305
2026-04-06T02:25:07.760 -121486.271987317508 -311986.283703244990 -170934.327792075492 -0.05992806413340 -0.54996975099182 -0.30063119555915
2026-04-06T02:29:07.760 -121500.654919696710 -312118.207084160356 -171006.442690632131 -0.05992996041722 -0.54939179911808 -0.30032632913041
2026-04-06T02:33:07.760 -121515.038491028972 -312249.991787084145 -171078.484447643976 -0.05993339059569 -0.54881410052391 -0.30002168252473
2026-04-06T02:37:07.760 -121529.423070789227 -312381.637872414489 -171150.453115752171 -0.05993836586138 -0.54823665196195 -0.29971725477074
2026-04-06T02:41:07.760 -121543.809031156052 -312513.145399765752 -171222.348747363605 -0.05994489755236 -0.54765945014749 -0.29941304488753
2026-04-06T02:45:07.760 -121558.196747046837 -312644.514427959337 -171294.171394648612 -0.05995299715444 -0.54708249175769 -0.29910905188437
2026-04-06T02:49:07.760 -121572.586596153516 -312775.745015014545 -171365.921109538496 -0.05996267630337 -0.54650577343071 -0.29880527476053
2026-04-06T02:53:07.760 -121586.978958978827 -312906.837218139088 -171437.597943723173 -0.05997394678714 -0.54592929176497 -0.29850171250492
2026-04-06T02:57:07.760 -121601.374218873112 -313037.791093719366 -171509.201948648639 -0.05998682054832 -0.54535304331821 -0.29819836409590
2026-04-06T03:01:07.760 -121615.772762071749 -313168.606697310752 -171580.733175514382 -0.06000130968645 -0.54477702460668 -0.29789522850096
2026-04-06T03:03:17.084 -121623.532914773430 -313239.039376326895 -171619.247620875452 -0.06000979119613 -0.54446673093778 -0.29773197175360
2026-04-06T03:04:25.044 -121627.528182594528 -313276.129770804895 -171639.341978479089 -0.05859407056323 -0.54590389568246 -0.29531143652984
2026-04-06T03:05:26.510 -121631.129824720032 -313309.679459965380 -171657.491040805413 -0.05859838649496 -0.54575645740454 -0.29523388050888
2026-04-06T03:09:38.803 -121645.895099777408 -313447.320146368234 -171732.072006387898 -0.05860446178962 -0.54515996480212 -0.29495469834035
2026-04-06T03:13:38.803 -121659.962491832630 -313578.089494431217 -171802.824833173479 -0.05862408175489 -0.54458463818024 -0.29465222680692
2026-04-06T03:17:38.803 -121674.034792211183 -313708.720789726649 -171873.505092141451 -0.05864536661859 -0.54400952445554 -0.29434996635110
2026-04-06T03:21:38.803 -121688.112402032304 -313839.214082903753 -171944.112833823427 -0.05866832927243 -0.54343461990265 -0.29404791591256
2026-04-06T03:25:38.803 -121702.195725529746 -313969.569423711975 -172014.648108495108 -0.05869298277960 -0.54285992074869 -0.29374607441894
2026-04-06T03:29:38.803 -121716.285170093295 -314099.786860989465 -172085.110966173379 -0.05871934037754 -0.54228542317221 -0.29344444078554
2026-04-06T03:33:38.803 -121730.381146310901 -314229.866442651313 -172155.501456613245 -0.05874741548063 -0.54171112330219 -0.29314301391498
2026-04-06T03:37:38.803 -121744.484068011458 -314359.808215677447 -172225.819629304809 -0.05877722168299 -0.54113701721691 -0.29284179269690
2026-04-06T03:41:38.803 -121758.594352308326 -314489.612226100464 -172296.065533470100 -0.05880877276136 -0.54056310094289 -0.29254077600758
2026-04-06T03:45:38.803 -121772.712419643474 -314619.278518992942 -172366.239218059811 -0.05884208267796 -0.53998937045375 -0.29223996270963
2026-04-06T03:49:38.803 -121786.838693832353 -314748.807138454751 -172436.340731749980 -0.05887716558349 -0.53941582166909 -0.29193935165164
2026-04-06T03:53:38.803 -121800.973602109516 -314878.198127599782 -172506.370122938562 -0.05891403582012 -0.53884245045326 -0.29163894166775
2026-04-06T03:57:38.803 -121815.117575174911 -315007.451528542617 -172576.327439742017 -0.05895270792457 -0.53826925261421 -0.29133873157736
2026-04-06T04:01:38.803 -121829.271047240953 -315136.567382384907 -172646.212729991559 -0.05899319663125 -0.53769622390224 -0.29103872018470
2026-04-06T04:05:38.803 -121843.434456080373 -315265.545729201345 -172716.026041229605 -0.05903551687547 -0.53712336000872 -0.29073890627842
2026-04-06T04:09:38.803 -121857.608243074792 -315394.386608025234 -172785.767420705961 -0.05907968379668 -0.53655065656483 -0.29043928863125
2026-04-06T04:13:38.803 -121871.792853264138 -315523.090056834160 -172855.436915373895 -0.05912571274179 -0.53597810914020 -0.29013986599952
2026-04-06T04:17:38.803 -121885.988735396822 -315651.656112534809 -172925.034571886179 -0.05917361926857 -0.53540571324158 -0.28984063712276
2026-04-06T04:21:38.803 -121900.196341980773 -315780.084810947767 -172994.560436591040 -0.05922341914914 -0.53483346431146 -0.28954160072329
2026-04-06T04:25:38.803 -121914.416129335310 -315908.376186792098 -173064.014555527945 -0.05927512837344 -0.53426135772662 -0.28924275550574
2026-04-06T04:29:38.803 -121928.648557643828 -316036.530273669108 -173133.396974423318 -0.05932876315285 -0.53368938879669 -0.28894410015659
2026-04-06T04:33:38.803 -121942.894091007402 -316164.547104046331 -173202.707738686062 -0.05938433992387 -0.53311755276268 -0.28864563334373
2026-04-06T04:37:38.803 -121957.153197499225 -316292.426709240710 -173271.946893403161 -0.05944187535184 -0.53254584479542 -0.28834735371596
2026-04-06T04:41:38.803 -121971.426349220055 -316420.169119401602 -173341.114483334910 -0.05950138633480 -0.53197425999398 -0.28804925990248
2026-04-06T04:45:38.803 -121985.714022359069 -316547.774363494827 -173410.210552886070 -0.05956289002540 -0.53140279340635 -0.28775135031542
2026-04-06T04:49:38.803 -122000.016697241663 -316675.242469285848 -173479.235146126215 -0.05962640378073 -0.53083143996119 -0.28745362374028
2026-04-06T04:53:38.803 -122014.334858392802 -316802.573463315319 -173548.188306806696 -0.05969194522052 -0.53026019453260 -0.28715607874440
2026-04-06T04:57:38.803 -122028.668994595966 -316929.767370884249 -173617.070078332472 -0.05975953221322 -0.52968905191631 -0.28685871387344
2026-04-06T05:01:38.803 -122043.019598953368 -317056.824216035136 -173685.880503756751 -0.05982918288026 -0.52911800682789 -0.28656152765078
2026-04-06T05:05:38.803 -122057.387168946996 -317183.744021532359 -173754.619625775696 -0.05990091560030 -0.52854705390090 -0.28626451857697
2026-04-06T05:09:38.803 -122071.772206501191 -317310.526808842318 -173823.287486722751 -0.05997474901369 -0.52797618768512 -0.28596768512911
2026-04-06T05:13:38.803 -122086.175218045799 -317437.172598113073 -173891.884128562931 -0.06005070202692 -0.52740540264456 -0.28567102576026
2026-04-06T05:17:38.803 -122100.596714580519 -317563.681408153672 -173960.409592887212 -0.06012879381723 -0.52683469315552 -0.28537453889879
2026-04-06T05:21:38.803 -122115.037211740651 -317690.053256412619 -174028.863920906180 -0.06020904383726 -0.52626405350465 -0.28507822294777
2026-04-06T05:25:38.803 -122129.497229863628 -317816.288158956391 -174097.247153444099 -0.06029147181984 -0.52569347788679 -0.28478207628428
2026-04-06T05:29:38.803 -122143.977294056807 -317942.386130446801 -174165.559330932621 -0.06037609778287 -0.52512296040297 -0.28448609725872
2026-04-06T05:33:38.803 -122158.477934266659 -318068.347184118757 -174233.800493404124 -0.06046294203429 -0.52455249505817 -0.28419028419414
2026-04-06T05:37:38.803 -122172.999685348812 -318194.171331756224 -174301.970680485247 -0.06055202517717 -0.52398207575911 -0.28389463538554
2026-04-06T05:41:38.803 -122187.543087139478 -318319.858583669120 -174370.069931389939 -0.06064336811489 -0.52341169631204 -0.28359914909905
2026-04-06T05:45:38.803 -122202.108684528474 -318445.408948668279 -174438.098284912441 -0.06073699205646 -0.52284135042030 -0.28330382357126
2026-04-06T05:49:38.803 -122216.697027532704 -318570.822434040951 -174506.055779420305 -0.06083291852191 -0.52227103168203 -0.28300865700841
2026-04-06T05:53:38.803 -122231.308671372011 -318696.099045525014 -174573.942452846677 -0.06093116934783 -0.52170073358764 -0.28271364758556
2026-04-06T05:57:38.803 -122245.944176545381 -318821.238787282782 -174641.758342682995 -0.06103176669304 -0.52113044951731 -0.28241879344582
2026-04-06T06:01:38.803 -122260.604108909276 -318946.241661874519 -174709.503485971101 -0.06113473304433 -0.52056017273840 -0.28212409269947
2026-04-06T06:05:38.803 -122275.289039756986 -319071.107670230616 -174777.177919295325 -0.06124009122235 -0.51998989640280 -0.28182954342309
2026-04-06T06:09:38.803 -122289.999545899162 -319195.836811623944 -174844.781678774132 -0.06134786438767 -0.51941961354419 -0.28153514365868
2026-04-06T06:13:38.803 -122304.736209746683 -319320.429083640862 -174912.314800051943 -0.06145807604691 -0.51884931707523 -0.28124089141272
2026-04-06T06:17:38.803 -122319.499619394017 -319444.884482152178 -174979.777318290318 -0.06157075005901 -0.51827899978472 -0.28094678465527
2026-04-06T06:21:38.803 -122334.290368704766 -319569.203001282702 -175047.169268159167 -0.06168591064170 -0.51770865433461 -0.28065282131893
2026-04-06T06:25:38.803 -122349.109057398426 -319693.384633380512 -175114.490683827637 -0.06180358237802 -0.51713827325696 -0.28035899929789
2026-04-06T06:29:38.803 -122363.956291139009 -319817.429368985700 -175181.741598954744 -0.06192379022307 -0.51656784895087 -0.28006531644689
2026-04-06T06:33:38.803 -122378.832681624990 -319941.337196797656 -175248.922046679887 -0.06204655951084 -0.51599737367923 -0.27977177058016
2026-04-06T06:37:38.803 -122393.738846681284 -320065.108103642298 -175316.032059612771 -0.06217191596123 -0.51542683956548 -0.27947835947031
2026-04-06T06:41:38.803 -122408.675410352473 -320188.742074438080 -175383.071669823577 -0.06229988568725 -0.51485623859018 -0.27918508084724
2026-04-06T06:45:38.803 -122423.643002998317 -320312.239092161355 -175450.040908832278 -0.06243049520228 -0.51428556258758 -0.27889193239697
2026-04-06T06:49:38.803 -122438.642261390443 -320435.599137810641 -175516.939807598217 -0.06256377142765 -0.51371480324204 -0.27859891176045
2026-04-06T06:53:38.803 -122453.673828811385 -320558.822190370527 -175583.768396508996 -0.06269974170021 -0.51314395208438 -0.27830601653235
2026-04-06T06:57:38.803 -122468.738355155132 -320681.908226774074 -175650.526705369208 -0.06283843378025 -0.51257300048807 -0.27801324425980
2026-04-06T07:01:38.803 -122483.836497029843 -320804.857221864688 -175717.214763389027 -0.06297987585945 -0.51200193966541 -0.27772059244109
2026-04-06T07:05:38.803 -122498.968917862090 -320927.669148357119 -175783.832599172136 -0.06312409656910 -0.51143076066352 -0.27742805852431
2026-04-06T07:09:38.803 -122514.136288003734 -321050.343976797070 -175850.380240703642 -0.06327112498849 -0.51085945436026 -0.27713563990605
2026-04-06T07:13:38.803 -122529.339284840185 -321172.881675520330 -175916.857715337479 -0.06342099065345 -0.51028801146002 -0.27684333392990
2026-04-06T07:17:38.803 -122544.578592901074 -321295.282210610341 -175983.265049783542 -0.06357372356517 -0.50971642248938 -0.27655113788506
2026-04-06T07:21:38.803 -122559.854903973173 -321417.545545855246 -176049.602270094503 -0.06372935419912 -0.50914467779269 -0.27625904900479
2026-04-06T07:25:38.803 -122575.168917215080 -321539.671642703470 -176115.869401652133 -0.06388791351429 -0.50857276752746 -0.27596706446490
2026-04-06T07:29:38.803 -122590.521339274550 -321661.660460218322 -176182.066469153273 -0.06404943296251 -0.50800068165968 -0.27567518138216
2026-04-06T07:33:38.803 -122605.912884407939 -321783.511955031543 -176248.193496595661 -0.06421394449813 -0.50742840995896 -0.27538339681262
2026-04-06T07:37:38.803 -122621.344274601841 -321905.226081295521 -176314.250507262943 -0.06438148058784 -0.50685594199355 -0.27509170774995
2026-04-06T07:41:38.803 -122636.816239697422 -322026.802790634334 -176380.237523709628 -0.06455207422070 -0.50628326712521 -0.27480011112372
2026-04-06T07:45:38.803 -122652.329517516802 -322148.242032093462 -176446.154567745427 -0.06472575891852 -0.50571037450393 -0.27450860379753
2026-04-06T07:49:38.803 -122667.884853992480 -322269.543752088735 -176512.001660419221 -0.06490256874633 -0.50513725306254 -0.27421718256726
2026-04-06T07:53:38.803 -122683.483003298723 -322390.707894352847 -176577.778822002554 -0.06508253832325 -0.50456389151103 -0.27392584415905
2026-04-06T07:57:38.803 -122699.124727986040 -322511.734399881912 -176643.486071972759 -0.06526570283350 -0.50399027833090 -0.27363458522744
2026-04-06T08:01:38.803 -122714.810799118044 -322632.623206879362 -176709.123428995430 -0.06545209803774 -0.50341640176914 -0.27334340235326
2026-04-06T08:05:38.803 -122730.541996411281 -322753.374250699300 -176774.690910906444 -0.06564176028469 -0.50284224983221 -0.27305229204158
2026-04-06T08:09:38.803 -122746.319108377691 -322873.987463787838 -176840.188534693647 -0.06583472652296 -0.50226781027969 -0.27276125071955
2026-04-06T08:13:38.803 -122762.142932470117 -322994.462775623077 -176905.616316477855 -0.06603103431324 -0.50169307061783 -0.27247027473414
2026-04-06T08:17:38.803 -122778.014275230642 -323114.800112653640 -176970.974271493265 -0.06623072184075 -0.50111801809291 -0.27217936034990
2026-04-06T08:21:38.803 -122793.933952442036 -323234.999398235232 -177036.262414067402 -0.06643382792798 -0.50054263968434 -0.27188850374653
2026-04-06T08:25:38.803 -122809.902789282263 -323355.060552566138 -177101.480757600599 -0.06664039204782 -0.49996692209760 -0.27159770101648
2026-04-06T08:29:38.803 -122825.921620482055 -323474.983492620173 -177166.629314544552 -0.06685045433687 -0.49939085175693 -0.27130694816240
2026-04-06T08:33:38.803 -122841.991290486127 -323594.768132078345 -177231.708096380607 -0.06706405560923 -0.49881441479783 -0.27101624109456
2026-04-06T08:37:38.803 -122858.112653617078 -323714.414381259121 -177296.717113597231 -0.06728123737055 -0.49823759705932 -0.27072557562814
2026-04-06T08:41:38.803 -122874.286574243466 -323833.922147045610 -177361.656375666789 -0.06750204183240 -0.49766038407594 -0.27043494748046
2026-04-06T08:45:38.803 -122890.513926950691 -323953.291332812165 -177426.525891021825 -0.06772651192709 -0.49708276106955 -0.27014435226811
2026-04-06T08:49:38.803 -122906.795596715951 -324072.521838347660 -177491.325667030498 -0.06795469132278 -0.49650471294078 -0.26985378550402
2026-04-06T08:53:38.803 -122923.132479086606 -324191.613559778023 -177556.055709971290 -0.06818662443901 -0.49592622426036 -0.26956324259435
2026-04-06T08:57:38.803 -122939.525480362558 -324310.566389485495 -177620.716025007016 -0.06842235646261 -0.49534727926002 -0.26927271883540
2026-04-06T09:01:38.803 -122955.975517782164 -324429.380216026388 -177685.306616158166 -0.06866193336402 -0.49476786182323 -0.26898220941028
2026-04-06T09:05:38.803 -122972.483519712434 -324548.054924046330 -177749.827486275200 -0.06890540191398 -0.49418795547558 -0.26869170938559
2026-04-06T09:09:38.803 -122989.050425843030 -324666.590394193016 -177814.278637010255 -0.06915280970073 -0.49360754337485 -0.26840121370792
2026-04-06T09:13:38.803 -123005.677187384747 -324784.986503026972 -177878.660068787838 -0.06940420514759 -0.49302660830082 -0.26811071720026
2026-04-06T09:17:38.803 -123022.364767271938 -324903.243122929416 -177942.971780774882 -0.06965963753097 -0.49244513264469 -0.26782021455826
2026-04-06T09:21:38.803 -123039.114140369464 -325021.360122007784 -178007.213770849485 -0.06991915699891 -0.49186309839818 -0.26752970034643
2026-04-06T09:25:38.803 -123055.926293684286 -325139.337363998464 -178071.386035569187 -0.07018281459008 -0.49128048714234 -0.26723916899411
2026-04-06T09:29:38.803 -123072.802226581407 -325257.174708166800 -178135.488570137881 -0.07045066225320 -0.49069728003587 -0.26694861479139
2026-04-06T09:33:38.803 -123089.742951004853 -325374.872009204351 -178199.521368372021 -0.07072275286709 -0.49011345780317 -0.26665803188489
2026-04-06T09:37:38.803 -123106.749491702940 -325492.429117123189 -178263.484422665526 -0.07099914026115 -0.48952900072196 -0.26636741427329
2026-04-06T09:41:38.803 -123123.822886459529 -325609.845877147221 -178327.377723953803 -0.07127987923642 -0.48894388861048 -0.26607675580287
2026-04-06T09:45:38.803 -123140.964186329264 -325727.122129600262 -178391.201261676673 -0.07156502558715 -0.48835810081429 -0.26578605016274
2026-04-06T09:49:38.803 -123158.174455878907 -325844.257709790894 -178454.955023739865 -0.07185463612305 -0.48777161619262 -0.26549529088000
2026-04-06T09:53:38.803 -123175.454773433681 -325961.252447894309 -178518.638996475813 -0.07214876869196 -0.48718441310427 -0.26520447131471
2026-04-06T09:57:38.803 -123192.806231329087 -326078.106168830069 -178582.253164602764 -0.07244748220329 -0.48659646939302 -0.26491358465466
2026-04-06T10:01:38.803 -123210.229936168820 -326194.818692137196 -178645.797511182725 -0.07275083665200 -0.48600776237260 -0.26462262391000
2026-04-06T10:05:38.803 -123227.727009087946 -326311.389831844659 -178709.272017578362 -0.07305889314322 -0.48541826881108 -0.26433158190760
2026-04-06T10:09:38.803 -123245.298586022662 -326427.819396338833 -178772.676663408231 -0.07337171391759 -0.48482796491477 -0.26404045128536
2026-04-06T10:13:38.803 -123262.945817985601 -326544.107188226364 -178836.011426500598 -0.07368936237724 -0.48423682631161 -0.26374922448610
2026-04-06T10:17:38.803 -123280.669871348087 -326660.253004193655 -178899.276282846171 -0.07401190311246 -0.48364482803391 -0.26345789375148
2026-04-06T10:21:38.803 -123298.471928128391 -326776.256634861464 -178962.471206548682 -0.07433940192917 -0.48305194450054 -0.26316645111545
2026-04-06T10:25:38.803 -123316.353186286797 -326892.117864635715 -179025.596169774508 -0.07467192587708 -0.48245814949853 -0.26287488839770
2026-04-06T10:29:38.803 -123334.314860027778 -327007.836471553484 -179088.651142700401 -0.07500954327863 -0.48186341616396 -0.26258319719669
2026-04-06T10:33:38.803 -123352.358180108859 -327123.412227124441 -179151.636093459412 -0.07535232375876 -0.48126771696227 -0.26229136888252
2026-04-06T10:37:38.803 -123370.484394156840 -327238.844896167400 -179214.550988085277 -0.07570033827549 -0.48067102366781 -0.26199939458951
2026-04-06T10:41:38.803 -123388.694766991714 -327354.134236642043 -179277.395790454932 -0.07605365915133 -0.48007330734269 -0.26170726520853
2026-04-06T10:45:38.803 -123406.990580957587 -327469.279999475286 -179340.170462229085 -0.07641236010560 -0.47947453831490 -0.26141497137902
2026-04-06T10:49:38.803 -123425.373136262351 -327584.281928382348 -179402.874962790956 -0.07677651628763 -0.47887468615566 -0.26112250348073
2026-04-06T10:53:38.803 -123443.843751324603 -327699.139759682468 -179465.509249182884 -0.07714620431089 -0.47827371965589 -0.26082985162513
2026-04-06T10:57:38.803 -123462.403763129449 -327813.853222108562 -179528.073276040843 -0.07752150228816 -0.47767160680195 -0.26053700564655
2026-04-06T11:01:38.803 -123481.054527592583 -327928.422036611417 -179590.566995526897 -0.07790248986755 -0.47706831475036 -0.26024395509292
2026-04-06T11:05:38.803 -123499.797419933093 -328042.845916156948 -179652.990357259318 -0.07828924826970 -0.47646380980179 -0.25995068921622
2026-04-06T11:09:38.803 -123518.633835055633 -328157.124565517937 -179715.343308240263 -0.07868186032595 -0.47585805737391 -0.25965719696252
2026-04-06T11:13:38.803 -123537.565187941538 -328271.257681058720 -179777.625792781328 -0.07908041051761 -0.47525102197339 -0.25936346696170
2026-04-06T11:17:38.803 -123556.592914049717 -328385.244950512890 -179839.837752426160 -0.07948498501641 -0.47464266716677 -0.25906948751669
2026-04-06T11:21:38.803 -123575.718469727261 -328499.086052754254 -179901.979125870828 -0.07989567172607 -0.47403295555036 -0.25877524659238
2026-04-06T11:25:38.803 -123594.943332630268 -328612.780657560157 -179964.049848881259 -0.08031256032510 -0.47342184871891 -0.25848073180406
2026-04-06T11:29:38.803 -123614.269002154964 -328726.328425367363 -180026.049854207871 -0.08073574231084 -0.47280930723321 -0.25818593040540
2026-04-06T11:33:38.803 -123633.696999879932 -328839.729007019661 -180087.979071497335 -0.08116531104480 -0.47219529058637 -0.25789082927602
2026-04-06T11:37:38.803 -123653.228870018633 -328952.982043507742 -180149.837427201302 -0.08160136179927 -0.47157975716897 -0.25759541490848
2026-04-06T11:41:38.803 -123672.866179884120 -329066.087165699981 -180211.624844481732 -0.08204399180543 -0.47096266423273 -0.25729967339487
2026-04-06T11:45:38.803 -123692.610520364804 -329179.043994064792 -180273.341243113391 -0.08249330030272 -0.47034396785293 -0.25700359041275
2026-04-06T11:49:38.803 -123712.463506412721 -329291.852138383605 -180334.986539382371 -0.08294938858983 -0.46972362288931 -0.25670715121063
2026-04-06T11:53:38.803 -123732.426777543937 -329404.511197454296 -180396.560645981372 -0.08341236007708 -0.46910158294551 -0.25641034059282
2026-04-06T11:57:38.803 -123752.501998351683 -329517.020758784667 -180458.063471901376 -0.08388232034044 -0.46847780032693 -0.25611314290367
2026-04-06T12:01:38.803 -123772.690859032911 -329629.380398275622 -180519.494922319078 -0.08435937717717 -0.46785222599696 -0.25581554201120
2026-04-06T12:05:38.803 -123792.995075928193 -329741.589679893747 -180580.854898480728 -0.08484364066307 -0.46722480953146 -0.25551752129005
2026-04-06T12:09:38.803 -123813.416392075596 -329853.648155332659 -180642.143297581410 -0.08533522321157 -0.46659549907151 -0.25521906360373
2026-04-06T12:13:38.803 -123833.956577778939 -329965.555363662774 -180703.360012640391 -0.08583423963449 -0.46596424127429 -0.25492015128617
2026-04-06T12:17:38.803 -123854.617431191044 -330077.310830968956 -180764.504932371492 -0.08634080720474 -0.46533098126195 -0.25462076612247
2026-04-06T12:21:38.803 -123875.400778911833 -330188.914069975959 -180825.577941049269 -0.08685504572088 -0.46469566256856 -0.25432088932886
2026-04-06T12:25:38.803 -123896.308476602717 -330300.364579660702 -180886.578918369632 -0.08737707757371 -0.46405822708476 -0.25402050153189
2026-04-06T12:29:38.803 -123917.342409616802 -330411.661844850867 -180947.507739306107 -0.08790702781484 -0.46341861500038 -0.25371958274665
2026-04-06T12:33:38.803 -123938.504493645916 -330522.805335809593 -181008.364273960091 -0.08844502422744 -0.46277676474460 -0.25341811235417
2026-04-06T12:37:38.803 -123959.796675384903 -330633.794507805665 -181069.148387406109 -0.08899119739915 -0.46213261292369 -0.25311606907779
2026-04-06T12:41:38.803 -123981.220933213583 -330744.628800668055 -181129.859939530812 -0.08954568079724 -0.46148609425627 -0.25281343095858
2026-04-06T12:45:38.803 -124002.779277897382 -330855.307638324972 -181190.498784866330 -0.09010861084617 -0.46083714150583 -0.25251017532967
2026-04-06T12:49:38.803 -124024.473753306331 -330965.830428326386 -181251.064772417099 -0.09068012700749 -0.46018568541052 -0.25220627878951
2026-04-06T12:53:38.803 -124046.306437153835 -331076.196561348974 -181311.557745480270 -0.09126037186233 -0.45953165460995 -0.25190171717398
2026-04-06T12:57:38.803 -124068.279441755687 -331186.405410683481 -181371.977541459200 -0.09184949119644 -0.45887497556902 -0.25159646552727
2026-04-06T13:01:38.803 -124090.394914809585 -331296.456331703463 -181432.323991669837 -0.09244763408791 -0.45821557249846 -0.25129049807149
2026-04-06T13:05:38.803 -124112.655040195998 -331406.348661314230 -181492.596921139542 -0.09305495299771 -0.45755336727207 -0.25098378817496
2026-04-06T13:09:38.803 -124135.062038801334 -331516.081717381894 -181552.796148398425 -0.09367160386305 -0.45688827934040 -0.25067630831911
2026-04-06T13:13:38.803 -124157.618169363617 -331625.654798140749 -181612.921485262224 -0.09429774619375 -0.45622022564081 -0.25036803006393
2026-04-06T13:17:38.803 -124180.325729341974 -331735.067181579303 -181672.972736606927 -0.09493354317170 -0.45554912050355 -0.25005892401179
2026-04-06T13:21:38.803 -124203.187055809933 -331844.318124802550 -181732.949700134399 -0.09557916175346 -0.45487487555391 -0.24974895976980
2026-04-06T13:25:38.803 -124226.204526374204 -331953.406863370968 -181792.852166128810 -0.09623477277620 -0.45419739961004 -0.24943810591032
2026-04-06T13:29:38.803 -124249.380560118996 -332062.332610613841 -181852.679917203553 -0.09690055106703 -0.45351659857631 -0.24912632992977
2026-04-06T13:33:38.803 -124272.717618576949 -332171.094556916738 -181912.432728037675 -0.09757667555586 -0.45283237533200 -0.24881359820559
2026-04-06T13:37:38.803 -124296.218206727994 -332279.691868981638 -181972.110365101980 -0.09826332939193 -0.45214462961508 -0.24849987595110
2026-04-06T13:41:38.803 -124319.884874026044 -332388.123689058761 -182031.712586374197 -0.09896070006409 -0.45145325790083 -0.24818512716847
2026-04-06T13:45:38.803 -124343.720215455600 -332496.389134148019 -182091.239141042344 -0.09966897952503 -0.45075815327497 -0.24786931459935
2026-04-06T13:49:38.803 -124367.726872618165 -332604.487295170198 -182150.689769195917 -0.10038836431952 -0.45005920530119 -0.24755239967330
2026-04-06T13:53:38.803 -124391.907534850252 -332712.417236104782 -182210.064201504778 -0.10111905571688 -0.44935629988261 -0.24723434245378
2026-04-06T13:57:38.803 -124416.264940373629 -332820.177993094258 -182269.362158884411 -0.10186125984771 -0.44864931911698 -0.24691510158162
2026-04-06T14:01:38.803 -124440.801877478778 -332927.768573512963 -182328.583352147514 -0.10261518784520 -0.44793814114526 -0.24659463421577
2026-04-06T14:05:38.803 -124465.521185743099 -333035.187954998459 -182387.727481640875 -0.10338105599099 -0.44722263999322 -0.24627289597126
2026-04-06T14:09:38.803 -124490.425757284276 -333142.435084444296 -182446.794236867281 -0.10415908586588 -0.44650268540571 -0.24594984085422
2026-04-06T14:13:38.803 -124515.518538050936 -333249.508876951528 -182505.783296091045 -0.10494950450545 -0.44577814267326 -0.24562542119376
2026-04-06T14:17:38.803 -124540.802529150766 -333356.408214738709 -182564.694325927063 -0.10575254456086 -0.44504887245052 -0.24529958757049
2026-04-06T14:21:38.803 -124566.280788218224 -333463.131946005858 -182623.526980912429 -0.10656844446490 -0.44431473056616 -0.24497228874167
2026-04-06T14:25:38.803 -124591.956430822407 -333569.678883753309 -182682.280903059262 -0.10739744860355 -0.44357556782383 -0.24464347156261
2026-04-06T14:29:38.803 -124617.832631917263 -333676.047804550384 -182740.955721388600 -0.10823980749321 -0.44283122979352 -0.24431308090427
2026-04-06T14:33:38.803 -124643.912627334415 -333782.237447253312 -182799.551051443676 -0.10909577796371 -0.44208155659309 -0.24398105956671
2026-04-06T14:37:38.803 -124670.199715321127 -333888.246511669713 -182858.066494782310 -0.10996562334745 -0.44132638265911 -0.24364734818831
2026-04-06T14:41:38.803 -124696.697258124361 -333994.073657166271 -182916.501638446527 -0.11084961367472 -0.44056553650669 -0.24331188515035
2026-04-06T14:45:38.803 -124723.408683622052 -334099.717501217558 -182974.856054409145 -0.11174802587547 -0.43979884047762 -0.24297460647691
2026-04-06T14:49:38.803 -124750.337487004115 -334205.176617893216 -183033.129298995336 -0.11266114398774 -0.43902611047603 -0.24263544572953
2026-04-06T14:53:38.803 -124777.487232504049 -334310.449536279601 -183091.320912278577 -0.11358925937291 -0.43824715569117 -0.24229433389670
2026-04-06T14:57:38.803 -124804.861555182943 -334415.534738833958 -183149.430417449272 -0.11453267093803 -0.43746177830630 -0.24195119927749
2026-04-06T15:01:38.803 -124832.464162768039 -334520.430659666308 -183207.457320154645 -0.11549168536547 -0.43666977319315 -0.24160596735931
2026-04-06T15:05:38.803 -124860.298837547045 -334625.135682746419 -183265.401107808750 -0.11646661734997 -0.43587092759090 -0.24125856068931
2026-04-06T15:09:38.803 -124888.369438320238 -334729.648140032135 -183323.261248870636 -0.11745778984351 -0.43506502076912 -0.24090889873900
2026-04-06T15:13:38.803 -124916.679902412419 -334833.966309514479 -183381.037192089250 -0.11846553430805 -0.43425182367337 -0.24055689776183
2026-04-06T15:17:38.803 -124945.234247746484 -334938.088413175195 -183438.728365713352 -0.11949019097646 -0.43343109855287 -0.24020247064324
2026-04-06T15:21:38.803 -124974.036574980622 -335042.012614853622 -183496.334176664241 -0.12053210912184 -0.43260259856886 -0.23984552674272
2026-04-06T15:25:38.803 -125003.091069710994 -335145.737018016109 -183553.854009669914 -0.12159164733537 -0.43176606738280 -0.23948597172743
2026-04-06T15:29:38.803 -125032.402004742529 -335249.259663424746 -183611.287226357963 -0.12266917381308 -0.43092123872304 -0.23912370739692
2026-04-06T15:33:38.803 -125061.973742429182 -335352.578526699042 -183668.633164305269 -0.12376506665159 -0.43006783592889 -0.23875863149830
2026-04-06T15:37:38.803 -125091.810737086504 -335455.691515765444 -183725.891136042483 -0.12487971415304 -0.42920557147055 -0.23839063753141
2026-04-06T15:41:38.803 -125121.917537478730 -335558.596468188742 -183783.060428010038 -0.12601351513956 -0.42833414644369 -0.23801961454330
2026-04-06T15:45:38.803 -125152.298789382010 -335661.291148378805 -183840.140299463790 -0.12716687927724 -0.42745325003702 -0.23764544691141
2026-04-06T15:49:38.803 -125182.959238226918 -335763.773244666168 -183897.129981327016 -0.12834022741001 -0.42656255897131 -0.23726801411468
2026-04-06T15:53:38.803 -125213.903731822269 -335866.040366239322 -183954.028674986097 -0.12953399190332 -0.42566173690813 -0.23688719049201
2026-04-06T15:57:38.803 -125245.137223162295 -335968.090039936418 -184010.835551026656 -0.13074861699808 -0.42475043382651 -0.23650284498709
2026-04-06T16:01:38.803 -125276.664773320517 -336069.919706883375 -184067.549747906480 -0.13198455917469 -0.42382828536551 -0.23611484087885
2026-04-06T16:05:38.803 -125308.491554431850 -336171.526718969631 -184124.170370562206 -0.13324228752736 -0.42289491213073 -0.23572303549666
2026-04-06T16:09:38.803 -125340.622852765766 -336272.908335153130 -184180.696488945716 -0.13452228414890 -0.42194991896243 -0.23532727991926
2026-04-06T16:13:38.803 -125373.064071893285 -336374.061717584904 -184237.127136485971 -0.13582504452573 -0.42099289416303 -0.23492741865633
2026-04-06T16:17:38.803 -125405.820735949761 -336474.983927542984 -184293.461308472528 -0.13715107794333 -0.42002340868137 -0.23452328931182
2026-04-06T16:21:38.803 -125438.898492996595 -336575.671921164670 -184349.697960355785 -0.13850090790198 -0.41904101525114 -0.23411472222758
2026-04-06T16:25:38.803 -125472.303118483382 -336676.122544967395 -184405.836005959194 -0.13987507254253 -0.41804524748051 -0.23370154010621
2026-04-06T16:29:38.803 -125506.040518813898 -336776.332531143562 -184461.874315598427 -0.14127412508227 -0.41703561889007 -0.23328355761180
2026-04-06T16:33:38.803 -125540.116735017684 -336876.298492618953 -184517.811714101932 -0.14269863426027 -0.41601162189561 -0.23286058094699
2026-04-06T16:37:38.803 -125574.537946529643 -336976.016917859670 -184573.646978726785 -0.14414918479218 -0.41497272673252 -0.23243240740493
2026-04-06T16:41:38.803 -125609.310475079968 -337075.484165413422 -184629.378836964112 -0.14562637783377 -0.41391838031784 -0.23199882489439
2026-04-06T16:45:38.803 -125644.440788696054 -337174.696458170074 -184685.005964227021 -0.14713083145267 -0.41284800504623 -0.23155961143644
2026-04-06T16:49:38.803 -125679.935505818838 -337273.649877324875 -184740.526981414005 -0.14866318110769 -0.41176099751544 -0.23111453463051
2026-04-06T16:53:38.803 -125715.801399534932 -337372.340356026660 -184795.940452340612 -0.15022408013473 -0.41065672717688 -0.23066335108818
2026-04-06T16:57:38.803 -125752.045401925730 -337470.763672693050 -184851.244881030783 -0.15181420023828 -0.40953453490650 -0.23020580583217
2026-04-06T17:01:38.803 -125788.674608535672 -337568.915443972219 -184906.438708859991 -0.15343423198730 -0.40839373149068 -0.22974163165856
2026-04-06T17:05:38.803 -125825.696282959281 -337666.791117330955 -184961.520311540109 -0.15508488531393 -0.40723359602176 -0.22927054845945
2026-04-06T17:09:38.803 -125863.117861548351 -337764.385963245702 -185016.487995937263 -0.15676689001340 -0.40605337419740 -0.22879226250365
2026-04-06T17:13:38.803 -125900.946958238928 -337861.695066973800 -185071.339996711293 -0.15848099624305 -0.40485227651728 -0.22830646567243
2026-04-06T17:17:38.803 -125939.191369498119 -337958.713319878618 -185126.074472766311 -0.16022797501822 -0.40362947637072 -0.22781283464730
2026-04-06T17:21:38.803 -125977.859079388611 -338055.435410282109 -185180.689503500180 -0.16200861870224 -0.40238410800794 -0.22731103004668
2026-04-06T17:23:59.173 -126000.674302560801 -338111.866281427967 -185212.576312724967 -0.16306599980745 -0.40164490289755 -0.22701360723887
2026-04-06T17:25:04.422 -126011.330415046512 -338138.062078953779 -185227.384274361568 -0.16356157325570 -0.40129850559888 -0.22687433966682
2026-04-06T17:26:09.672 -126022.018948175115 -338164.235215811234 -185242.183127577708 -0.16405974795473 -0.40095031340019 -0.22673441809478
2026-04-06T17:27:14.921 -126032.740072231711 -338190.385574247863 -185256.972829449485 -0.16456054093720 -0.40060030675509 -0.22659383481774
2026-04-06T17:28:20.171 -126043.493958616760 -338216.513035227486 -185271.753336546826 -0.16506396936037 -0.40024846586424 -0.22645258202620
2026-04-06T17:29:25.420 -126054.280779854336 -338242.617478413798 -185286.524604926642 -0.16557005050678 -0.39989477067158 -0.22631065180460
2026-04-06T17:30:30.669 -126065.100709600345 -338268.698782153369 -185301.286590125848 -0.16607880178487 -0.39953920086047 -0.22616803612957
2026-04-06T17:31:35.919 -126075.953922650559 -338294.756823458418 -185316.039247154346 -0.16659024072961 -0.39918173584982 -0.22602472686837
2026-04-06T17:32:41.168 -126086.840594949259 -338320.791477989522 -185330.782530487631 -0.16710438500312 -0.39882235479015 -0.22588071577712
2026-04-06T17:33:46.418 -126097.760903597169 -338346.802620038157 -185345.516394059785 -0.16762125239528 -0.39846103655951 -0.22573599449910
2026-04-06T17:34:51.667 -126104.088021999996 -338372.800320999988 -185361.199385999993 -0.16800848700000 -0.39811044000000 -0.22565692600000
2026-04-06T17:38:51.667 -126144.641425370064 -338468.185023368278 -185415.292302433198 -0.16994283411653 -0.39675752675121 -0.22511570203692
2026-04-06T17:42:51.667 -126185.663639834704 -338563.241703306383 -185469.254100788996 -0.17191540018807 -0.39537673002111 -0.22456419996427
2026-04-06T17:46:51.667 -126227.163949836613 -338657.963529936795 -185523.082259107818 -0.17392712169410 -0.39396688336120 -0.22400195574289
2026-04-06T17:50:51.667 -126269.151867489942 -338752.343385515618 -185576.774141176778 -0.17597895946553 -0.39252676212873 -0.22342848106736
2026-04-06T17:54:51.667 -126311.637138457561 -338846.373851070122 -185630.326990533969 -0.17807189895124 -0.39105508015224 -0.22284326191928
2026-04-06T17:58:51.667 -126354.629747885512 -338940.047191210790 -185683.737924114394 -0.18020695042474 -0.38955048618812 -0.22224575702591
2026-04-06T18:02:51.667 -126398.139926378964 -339033.355338066700 -185737.003925513913 -0.18238514912035 -0.38801156015482 -0.22163539621795
2026-04-06T18:06:51.667 -126442.178156000838 -339126.289874289010 -185790.121837846207 -0.18460755528667 -0.38643680913045 -0.22101157867956
2026-04-06T18:10:51.667 -126486.755176272156 -339218.842015063972 -185843.088356166409 -0.18687525414378 -0.38482466309872 -0.22037367108350
2026-04-06T18:14:51.667 -126531.881990149122 -339311.002589073265 -185895.900019432127 -0.18918935572843 -0.38317347042761 -0.21972100560339
2026-04-06T18:18:51.667 -126577.569869947794 -339402.762018335401 -185948.553201972391 -0.19155099460984 -0.38148149306390 -0.21905287779535
2026-04-06T18:22:51.667 -126623.830363182904 -339494.110296858067 -186001.044104431145 -0.19396132945605 -0.37974690142643 -0.21836854434001
2026-04-06T18:26:51.667 -126670.675298282804 -339585.036968026776 -186053.368744151579 -0.19642154242857 -0.37796776897961 -0.21766722063612
2026-04-06T18:30:51.667 -126718.116790135653 -339675.531100650900 -186105.522944963916 -0.19893283837982 -0.37614206646850 -0.21694807823600
2026-04-06T18:34:51.667 -126766.167245416756 -339765.581263583794 -186157.502326337912 -0.20149644382484 -0.37426765579568 -0.21621024211283
2026-04-06T18:38:51.667 -126814.839367638750 -339855.175498828059 -186209.302291858010 -0.20411360565517 -0.37234228351971 -0.21545278774943
2026-04-06T18:42:51.667 -126864.146161858502 -339944.301293033175 -186260.918016977696 -0.20678558955832 -0.37036357395443 -0.21467473803753
2026-04-06T18:46:51.667 -126914.100938965610 -340032.945547286596 -186312.344436005398 -0.20951367810232 -0.36832902184801 -0.21387505997617
2026-04-06T18:50:51.667 -126964.717319465897 -340121.094545096101 -186363.576228272985 -0.21229916843903 -0.36623598462054 -0.21305266115790
2026-04-06T18:54:51.667 -127016.009236663667 -340208.733918452985 -186414.607803434366 -0.21514336957482 -0.36408167413896 -0.21220638603058
2026-04-06T18:58:51.667 -127067.990939130512 -340295.848611864320 -186465.433285838430 -0.21804759915041 -0.36186314800858 -0.21133501192316
2026-04-06T19:02:51.667 -127120.676992336230 -340382.422844235029 -186516.046497919160 -0.22101317966476 -0.35957730036132 -0.21043724482310
2026-04-06T19:06:51.667 -127174.082279299721 -340468.440068477066 -186566.440942540939 -0.22404143407000 -0.35722085212197 -0.20951171489395
2026-04-06T19:10:51.667 -127228.222000098845 -340553.882928717416 -186616.609784235974 -0.22713368065556 -0.35479034073580 -0.20855697172139
2026-04-06T19:14:51.667 -127283.111670058235 -340638.733214975684 -186666.545829266892 -0.23029122713000 -0.35228210934338 -0.20757147927720
2026-04-06T19:18:51.667 -127338.767116410396 -340722.971815175377 -186716.241504446079 -0.23351536379816 -0.34969229539211 -0.20655361059134
2026-04-06T19:22:51.667 -127395.204473199206 -340806.578664354165 -186765.688834640430 -0.23680735571961 -0.34701681867866 -0.20550164212385
2026-04-06T19:26:51.667 -127452.440174167161 -340889.532690935826 -186814.879418888362 -0.24016843372118 -0.34425136882227 -0.20441374783033
2026-04-06T19:30:51.667 -127510.490943333440 -340971.811759928241 -186863.804405055824 -0.24359978412204 -0.34139139217673 -0.20328799291719
2026-04-06T19:34:51.667 -127569.373782936687 -341053.392612914264 -186912.454462955910 -0.24710253701448 -0.33843207819795 -0.20212232728639
2026-04-06T19:38:51.667 -127629.105958373970 -341134.250804708689 -186960.819755858509 -0.25067775292643 -0.33536834529619 -0.20091457867353
2026-04-06T19:42:51.667 -127689.704979725910 -341214.360636561585 -187008.889910317055 -0.25432640767367 -0.33219482621581 -0.19966244548868
2026-04-06T19:46:51.667 -127751.188579408306 -341293.695085802115 -187056.653984242963 -0.25804937519020 -0.32890585300355 -0.19836348937579
2026-04-06T19:50:51.667 -127813.574685436906 -341372.225731833722 -187104.100433162908 -0.26184740810468 -0.32549544164708 -0.19701512751521
2026-04-06T19:54:51.667 -127876.881389735354 -341449.922678412579 -187151.217074601096 -0.26572111580905 -0.32195727649145 -0.19561462470347
2026-04-06T19:58:51.667 -127941.126910851322 -341526.754472173925 -187197.991050538636 -0.26967093974333 -0.31828469457160 -0.19415908525716
2026-04-06T20:02:51.667 -128006.329550376569 -341602.688017403940 -187244.408787914726 -0.27369712559756 -0.31447067003548 -0.19264544480242
2026-04-06T20:06:51.667 -128072.507642294644 -341677.688487106585 -187290.455957151047 -0.27779969210970 -0.31050779887573 -0.19107046202925
2026-04-06T20:10:51.667 -128139.679494396740 -341751.719230468560 -187336.117428703234 -0.28197839611660 -0.30638828423872 -0.18943071051143
2026-04-06T20:14:51.667 -128207.863320824355 -341824.741676900070 -187381.377227668941 -0.28623269349560 -0.30210392263928 -0.18772257071751
2026-04-06T20:18:51.667 -128277.077164707094 -341896.715236915101 -187426.218486516766 -0.29056169561825 -0.29764609147936 -0.18594222236840
2026-04-06T20:22:51.667 -128347.338809771943 -341967.597200219519 -187470.623396041279 -0.29496412092620 -0.29300573834900 -0.18408563733153
2026-04-06T20:26:51.667 -128418.665679705926 -342037.342631501087 -187514.573154699610 -0.29943824123528 -0.28817337268086 -0.18214857328201
2026-04-06T20:30:51.667 -128491.074723960119 -342105.904264565906 -187558.047916545969 -0.30398182237945 -0.28313906043513 -0.18012656840778
2026-04-06T20:34:51.667 -128564.582288591875 -342173.232395641040 -187601.026738052984 -0.30859205882502 -0.27789242261131 -0.17801493748892
2026-04-06T20:38:51.667 -128639.203970656919 -342239.274776871200 -187643.487524195632 -0.31326550192151 -0.27242263851751 -0.17580876974209
2026-04-06T20:42:51.667 -128714.954454589795 -342303.976511276443 -187685.406974274520 -0.31799798151349 -0.26671845487618 -0.17350292888859
2026-04-06T20:46:51.667 -128791.847328954391 -342367.279950719094 -187726.760528075305 -0.32278452072316 -0.26076820200784 -0.17109205598037
2026-04-06T20:50:51.667 -128869.894881914443 -342429.124598743045 -187767.522313097725 -0.32761924383367 -0.25455981850856 -0.16857057560014
2026-04-06T20:54:51.667 -128949.107873775065 -342489.447020513588 -187807.665093747317 -0.33249527736523 -0.24808088602039 -0.16593270614072
2026-04-06T20:58:51.667 -129029.495284993915 -342548.180762489676 -187847.160223562445 -0.33740464464820 -0.24131867588206 -0.16317247496119
2026-04-06T21:02:51.667 -129111.064038164099 -342605.256284913630 -187885.977601752471 -0.34233815447014 -0.23426020963186 -0.16028373931235
2026-04-06T21:06:51.667 -129193.818692648827 -342660.600910696667 -187924.085635547584 -0.34728528471449 -0.22689233550748 -0.15726021401627
2026-04-06T21:10:51.667 -129277.761110817853 -342714.138794811792 -187961.451210109051 -0.35223406232890 -0.21920182323367 -0.15409550697017
2026-04-06T21:14:51.667 -129362.890095214141 -342765.790918869083 -187998.039668012061 -0.35717094146742 -0.21117547949196 -0.15078316361500
2026-04-06T21:18:51.667 -129449.200996493804 -342815.475116129091 -188033.814800595894 -0.36208068225048 -0.20280028650456 -0.14731672155597
2026-04-06T21:22:51.667 -129536.685292648559 -342863.106132788758 -188068.738853760820 -0.36694623328117 -0.19406356610992 -0.14368977653296
2026-04-06T21:26:51.667 -129625.330140867052 -342908.595731927315 -188102.772551076778 -0.37174862184361 -0.18495317152916 -0.13989606089995
2026-04-06T21:30:51.667 -129715.117904435974 -342951.852846989466 -188135.875137334951 -0.37646685657607 -0.17545770868231 -0.13592953566723
2026-04-06T21:34:51.667 -129806.025658341969 -342992.783792069415 -188168.004445906117 -0.38107784833827 -0.16556678837245 -0.13178449696938
2026-04-06T21:38:51.667 -129898.024678722344 -343031.292536485475 -188199.116993442498 -0.38555635593919 -0.15527130987064 -0.12745569752561
2026-04-06T21:42:51.667 -129991.079923023382 -343067.281051142782 -188229.168105548946 -0.38987496430851 -0.14456377536635 -0.12293848323737
2026-04-06T21:46:51.667 -130085.149509645154 -343100.649733892002 -188258.112077018392 -0.39400410350559 -0.13343863336231 -0.11822894450148
2026-04-06T21:50:51.667 -130180.184207945611 -343131.297920430254 -188285.902370042168 -0.39791211757097 -0.12189264736889 -0.11332408109322
2026-04-06T21:54:51.667 -130276.126951679427 -343159.124486177636 -188312.491853427200 -0.40156539252143 -0.10992528419308 -0.10822197858614
2026-04-06T21:58:51.667 -130372.912391172678 -343184.028542912100 -188337.833085241728 -0.40492855263546 -0.09753911375059 -0.10292199323175
2026-04-06T22:02:51.667 -130470.466501653194 -343205.910231702030 -188361.878640435025 -0.40796473342986 -0.08474020973024 -0.09742494104651
2026-04-06T22:06:51.667 -130568.706267009416 -343224.671610789665 -188384.581483803893 -0.41063593824541 -0.07153853772849 -0.09173328559232
2026-04-06T22:10:51.667 -130667.539459650827 -343240.217633545166 -188405.895387203404 -0.41290348301957 -0.05794831482676 -0.08585131766117
2026-04-06T22:14:51.667 -130766.864537864036 -343252.457207475556 -188425.775388123264 -0.41472853054446 -0.04398832224008 -0.07978531888466
2026-04-06T22:18:51.667 -130866.570681884827 -343261.304320637835 -188444.178284713329 -0.41607271127884 -0.02968215090815 -0.07354370030750
2026-04-06T22:22:51.667 -130966.537988603843 -343266.679216849734 -188461.063160106714 -0.41689882268710 -0.01505835904673 -0.06713710633612
2026-04-06T22:26:51.667 -131066.637842219323 -343268.509596074524 -188476.391926562035 -0.41717159332156 -0.00015052105087 -0.06057847434931
2026-04-06T22:30:51.667 -131166.733474113018 -343266.731811602891 -188490.129877662053 -0.41685849178433 0.01500285097438 -0.05388304077844
2026-04-06T22:34:51.667 -131266.680719738739 -343261.292031557125 -188502.246234738850 -0.41593055476997 0.03035852818900 -0.04706828574126
2026-04-06T22:38:51.667 -131366.328973474097 -343252.147329218336 -188512.714672028262 -0.41436320317558 0.04586893827685 -0.04015381039694
2026-04-06T22:42:51.667 -131465.522334446170 -343239.266665139643 -188521.513803986338 -0.41213701139929 0.06148269377801 -0.03316114405733
2026-04-06T22:46:51.667 -131564.100927697524 -343222.631724310690 -188528.627617901104 -0.40923839304445 0.07714527000728 -0.02611348161850
2026-04-06T22:50:51.667 -131661.902376244630 -343202.237574029481 -188534.045835538534 -0.40566016680814 0.09279981806615 -0.01903535584804
2026-04-06T22:54:51.667 -131758.763391231187 -343178.093112702831 -188537.764189144218 -0.40140196966128 0.10838808946216 -0.01195225316828
2026-04-06T22:58:51.667 -131854.521440164739 -343150.221286434389 -188539.784599667502 -0.39647049054862 0.12385144071469 -0.00489018544352
2026-04-06T23:02:51.667 -131949.016447788104 -343118.659058664809 -188540.115248483926 -0.39087950644898 0.13913187989948 0.00212476647559
2026-04-06T23:06:51.667 -132042.092481008091 -343083.457127789559 -188538.770537965785 -0.38464971312047 0.15417311309941 0.00906691942909
2026-04-06T23:10:51.667 -132133.599368828756 -343044.679397956468 -188535.770940727176 -0.37780835432888 0.16892154769089 0.01591144579589
2026-04-06T23:14:51.667 -132223.394210530299 -343002.402218391828 -188531.142741927441 -0.37038866477951 0.18332721149301 0.02263480381122
2026-04-06T23:18:51.667 -132311.342730257718 -342956.713415885344 -188524.917683326727 -0.36242915228508 0.19734455187745 0.02921512335642
2026-04-06T23:22:51.667 -132397.320443351811 -342907.711152816424 -188517.132521541032 -0.35397275297023 0.21093308648427 0.03563253311529
2026-04-06T23:26:51.667 -132481.213608591526 -342855.502648825292 -188507.828515890433 -0.34506589885455 0.22405788644990 0.04186941877046
2026-04-06T23:30:51.667 -132562.919950317562 -342800.202807611728 -188497.050863203534 -0.33575753961799 0.23668988311869 0.04791060619675
2026-04-06T23:34:51.667 -132642.349144424923 -342741.932791309606 -188484.848097865004 -0.32609815974174 0.24880599914057 0.05374346798822
2026-04-06T23:38:51.667 -132719.423071747122 -342680.818583565473 -188471.271475291142 -0.31613882886416 0.26038911381967 0.05935795574743
2026-04-06T23:42:51.667 -132794.075850809400 -342616.989579163026 -188456.374356002838 -0.30593031767709 0.27142787992640 0.06474656405837
2026-04-06T23:46:51.667 -132866.253668874910 -342550.577233222255 -188440.211605703051 -0.29552230473652 0.28191641452227 0.06990423474898
2026-04-06T23:50:51.667 -132935.914435386861 -342481.713797163917 -188422.839024470828 -0.28496269193788 0.29185388953245 0.07482821182462
2026-04-06T23:54:51.667 -133003.027285253746 -342410.531162279716 -188404.312815568264 -0.27429703881165 0.30124404892554 0.07951785832649
2026-04-06T23:58:51.667 -133067.571961003938 -342337.159825351730 -188384.689101635828 -0.26356811880567 0.31009467869259 0.08397444642524
2026-04-07T00:02:51.667 -133129.538102858147 -342261.727984701109 -188364.023493397224 -0.25281559474484 0.31841705373664 0.08820093144821
2026-04-07T00:06:51.667 -133188.924474498315 -342184.360769615450 -188342.370713553421 -0.24207580593078 0.32622538271784 0.09220171943183
2026-04-07T00:10:51.667 -133245.738150068792 -342105.179601478274 -188319.784276408376 -0.23138165593799 0.33353626826429 0.09598243636982
2026-04-07T00:14:51.667 -133299.993685038120 -342024.301681209414 -188296.316221995978 -0.22076258802584 0.34036819612641 0.09954970575601
2026-04-07T00:18:51.667 -133351.712290268013 -341941.839594814111 -188272.016902084375 -0.21024463407349 0.34674106311678 0.10291093943587
2026-04-07T00:22:51.667 -133400.921025227755 -341857.901026899344 -188246.934814413049 -0.19985052286023 0.35267575025567 0.10607414528639
2026-04-07T00:26:51.667 -133447.652022952301 -341772.588570839551 -188221.116480836296 -0.18959983414007 0.35819374456753 0.10904775391033
2026-04-07T00:30:51.667 -133491.941756217537 -341685.999623752607 -188194.606364663719 -0.17950918608377 0.36331681051489 0.11184046539758
2026-04-07T00:34:51.667 -133533.830351535667 -341598.226354438928 -188167.446822341095 -0.16959244375454 0.36806671049784 0.11446111645167
2026-04-07T00:38:51.667 -133573.360954678588 -341509.355732718890 -188139.678084620420 -0.15986094300211 0.37246497097535 0.11691856684754
2026-04-07T00:42:51.667 -133610.579152179533 -341419.469610089378 -188111.338262909063 -0.15032372307634 0.37653269052792 0.11922160400012
2026-04-07T00:46:51.667 -133645.532446136291 -341328.644840985653 -188082.463376133324 -0.14098774608024 0.38029039025439 0.12137886611385
2026-04-07T00:50:51.667 -133678.269782811374 -341236.953436192009 -188053.087394368253 -0.13185812071978 0.38375789597580 0.12339877956805
2026-04-07T00:54:51.667 -133708.841133390524 -341144.462740670075 -188023.242295753444 -0.12293831358306 0.38695425158919 0.12528951041729
2026-04-07T00:58:51.667 -133737.297124037519 -341051.235628965951 -187992.958133570268 -0.11423034832464 0.38989765853020 0.12705892792880
2026-04-07T01:02:51.667 -133763.688712131581 -340957.330712415744 -187962.263110793283 -0.10573499112807 0.39260543735343 0.12871457849039
2026-04-07T01:06:51.667 -133788.066905273037 -340862.802553288697 -187931.183659816685 -0.09745192154967 0.39509400775597 0.13026366832475
2026-04-07T01:10:51.667 -133810.482519500219 -340767.701881846355 -187899.744525417889 -0.08937988842454 0.39737888372886 0.13171305357459
2026-04-07T01:14:51.667 -133830.985973140341 -340672.075813048112 -187867.968849346566 -0.08151685095812 0.39947468089854 0.13306923646577
2026-04-07T01:18:51.667 -133849.627112786780 -340575.968060291780 -187835.878255221323 -0.07386010545459 0.40139513349317 0.13433836640285
2026-04-07T01:22:51.667 -133866.455068034382 -340479.419144151325 -187803.492932673194 -0.06640639836531 0.40315311872664 0.13552624499629
2026-04-07T01:26:51.667 -133881.518131787161 -340382.466594563622 -187770.831719898153 -0.05915202649429 0.40476068672455 0.13663833415835
2026-04-07T01:30:51.667 -133894.863663201686 -340285.145145337272 -187737.912183977605 -0.05209292625977 0.40622909414636 0.13767976641379
2026-04-07T01:34:51.667 -133906.538011052035 -340187.486920342373 -187704.750698547752 -0.04522475139397 0.40756884064569 0.13865535699960
2026-04-07T01:38:51.667 -133916.586452851421 -340089.521610267926 -187671.362518207607 -0.03854293345634 0.40878970895527 0.13956961804299
2026-04-07T01:42:51.667 -133925.053150083608 -339991.276640409778 -187637.761849751318 -0.03204274901207 0.40990080130986 0.14042677160106
2026-04-07T01:46:51.667 -133931.981116724695 -339892.777329180622 -187603.961919988826 -0.02571936668054 0.41091057930011 0.14123076459533
2026-04-07T01:50:51.667 -133937.412198639591 -339794.047037234821 -187569.975040016347 -0.01956789020407 0.41182690233327 0.14198528350006
2026-04-07T01:54:51.667 -133941.387062532012 -339695.107307463768 -187535.812665966514 -0.01358339511346 0.41265706519755 0.14269376895847
2026-04-07T01:58:51.667 -133943.945192999905 -339595.977996113652 -187501.485456276481 -0.00776095972923 0.41340783442640 0.14335943015661
2026-04-07T02:02:51.667 -133945.124896420544 -339496.677395343839 -187467.003325549245 -0.00209569117936 0.41408548324308 0.14398525882451
2026-04-07T02:06:51.667 -133944.963310544030 -339397.222347583331 -187432.375495108776 0.00341725294952 0.41469582493575 0.14457404276854
2026-04-07T02:10:51.667 -133943.496418815106 -339297.628352075757 -187397.610540371330 0.00878264677150 0.41524424457018 0.14512837886609
2026-04-07T02:14:51.667 -133940.759068570129 -339197.909664018487 -187362.716435166716 0.01400518157368 0.41573572899175 0.14565068547695
2026-04-07T02:18:51.667 -133936.784992367640 -339098.079386707162 -187327.700593154470 0.01908945415775 0.41617489510432 0.14614321424341
2026-04-07T02:22:51.667 -133931.606831812882 -338998.149557099619 -187292.569906482066 0.02403995765719 0.41656601644059 0.14660806126606
2026-04-07T02:26:51.667 -133925.256163323997 -338898.131225204153 -187257.330781836732 0.02886107448226 0.41691304805966 0.14704717765345
2026-04-07T02:30:51.667 -133917.763525367191 -338798.034527688462 -187221.989174039481 0.03355707108660 0.41721964982291 0.14746237945269
2026-04-07T02:34:51.667 -133909.158446756686 -338697.868756090174 -187186.550617328932 0.03813209428636 0.41748920811029 0.14785535697472
2026-04-07T02:38:51.667 -133899.469475675520 -338597.642419996613 -187151.020254477800 0.04259016889676 0.41772485604694 0.14822768353314
2026-04-07T02:42:51.667 -133888.724209126201 -338497.363305540814 -187115.402863880299 0.04693519648077 0.41792949231429 0.14858082361883
2026-04-07T02:46:51.667 -133876.949322566565 -338397.038529545302 -187079.702884742757 0.05117095503120 0.41810579862295 0.14891614053516
2026-04-07T02:50:51.667 -133864.170599525358 -338296.674589625211 -187043.924440504081 0.05530109943125 0.41825625592480 0.14923490352011
2026-04-07T02:54:51.667 -133850.412961027818 -338196.277410544164 -187008.071360605507 0.05932916255930 0.41838315944166 0.14953829438242
2026-04-07T02:58:51.667 -133835.700494690158 -338095.852387097315 -186972.147200723673 0.06325855692210 0.41848863258601 0.14982741367884
2026-04-07T03:02:51.667 -133820.056483369175 -337995.404423779633 -186936.155261573032 0.06709257671655 0.41857463984714 0.15010328646000
2026-04-07T03:06:51.667 -133803.503433273989 -337894.937971477804 -186900.098606378655 0.07083440023445 0.41864299871307 0.15036686761100
2026-04-07T03:10:51.667 -133786.063101467211 -337794.457061410649 -186863.980077113316 0.07448709253688 0.41869539069559 0.15061904681293
2026-04-07T03:14:51.667 -133767.756522698066 -337693.965336524125 -186827.802309586696 0.07805360833551 0.41873337152226 0.15086065314979
2026-04-07T03:18:51.667 -133748.604035524564 -337593.466080534330 -186791.567747469177 0.08153679502772 0.41875838055557 0.15109245938481
2026-04-07T03:22:51.667 -133728.625307693612 -337492.962244797207 -186755.278655326721 0.08493939584021 0.41877174949617 0.15131518592864
2026-04-07T03:26:51.667 -133707.839360757178 -337392.456473169441 -186718.937130738108 0.08826405304309 0.41877471042326 0.15152950452084
2026-04-07T03:30:51.667 -133686.264593912259 -337291.951125014748 -186682.545115561166 0.09151331120241 0.41876840322196 0.15173604164484
2026-04-07T03:34:51.667 -133663.918807057955 -337191.448296496354 -186646.104406409257 0.09468962044433 0.41875388244404 0.15193538169535
2026-04-07T03:38:51.667 -133640.819223070343 -337090.949840286165 -186609.616664395813 0.09779533970873 0.41873212364522 0.15212806991610
2026-04-07T03:42:51.667 -133616.982509299385 -336990.457383812580 -186573.083424199314 0.10083273997385 0.41870402923914 0.15231461512440
2026-04-07T03:46:51.667 -133592.424798297026 -336889.972346156312 -186536.506102498737 0.10380400743715 0.41867043390521 0.15249549223823
2026-04-07T03:50:51.667 -133567.161707788531 -336789.495953699923 -186499.886005824374 0.10671124664007 0.41863210958488 0.15267114462028
2026-04-07T03:54:51.667 -133541.208359901211 -336689.029254623223 -186463.224337867228 0.10955648352718 0.41858977009809 0.15284198625238
2026-04-07T03:58:51.667 -133514.579399667942 -336588.573132333811 -186426.522206284979 0.11234166843217 0.41854407540959 0.15300840375298
2026-04-07T04:02:51.667 -133487.289012823399 -336488.128317913099 -186389.780629041983 0.11506867898482 0.41849563557210 0.15317075824916
2026-04-07T04:06:51.667 -133459.350942912220 -336387.695401651843 -186353.000540316018 0.11773932293471 0.41844501437169 0.15332938711403
2026-04-07T04:10:51.667 -133430.778507730254 -336287.274843744410 -186316.182796003326 0.12035534088876 0.41839273269839 0.15348460557966
2026-04-07T04:14:51.667 -133401.584615118889 -336186.866984205088 -186279.328178850526 0.12291840896059 0.41833927166347 0.15363670823445
2026-04-07T04:18:51.667 -133371.781778134580 -336086.472052064259 -186242.437403240125 0.12543014133073 0.41828507548308 0.15378597041396
2026-04-07T04:22:51.667 -133341.382129614445 -335986.090173898963 -186205.511119654373 0.12789209271743 0.41823055414637 0.15393264949272
2026-04-07T04:26:51.667 -133310.397436159634 -335885.721381747338 -186168.549918840028 0.13030576075838 0.41817608588486 0.15407698608466
2026-04-07T04:30:51.667 -133278.839111557667 -335785.365620452387 -186131.554335695400 0.13267258830428 0.41812201945836 0.15421920515874
2026-04-07T04:34:51.667 -133246.718229664839 -335685.022754478268 -186094.524852899165 0.13499396562546 0.41806867627165 0.15435951707621
2026-04-07T04:38:51.667 -133214.045536769263 -335584.692574237066 -186057.461904299125 0.13727123253323 0.41801635233504 0.15449811855513
2026-04-07T04:42:51.667 -133180.831463454757 -335484.374801962404 -186020.365878077428 0.13950568041785 0.41796532008071 0.15463519356766
2026-04-07T04:46:51.667 -133147.086135985504 -335384.069097164436 -185983.237119708530 0.14169855420511 0.41791583004586 0.15477091417494
2026-04-07T04:50:51.667 -133112.819387230789 -335283.775061694207 -185946.075934723136 0.14385105423393 0.41786811243309 0.15490544130418
2026-04-07T04:54:51.667 -133078.040767148079 -335183.492244448687 -185908.882591292640 0.14596433805723 0.41782237855706 0.15503892547230
2026-04-07T04:58:51.667 -133042.759552843141 -335083.220145740837 -185871.657322645799 0.14803952216843 0.41777882218629 0.15517150745970
2026-04-07T05:02:51.667 -133006.984758224193 -334982.958221359062 -185834.400329329190 0.15007768365636 0.41773762078795 0.15530331893818
2026-04-07T05:06:51.667 -132970.725143267482 -334882.705886339536 -185797.111781322252 0.15207986179075 0.41769893668306 0.15543448305604
2026-04-07T05:10:51.667 -132933.989222910343 -334782.462518471002 -185759.791820016806 0.15404705954102 0.41766291811868 0.15556511498353
2026-04-07T05:14:51.667 -132896.785275587376 -334682.227461551374 -185722.440560069866 0.15598024503086 0.41762970026348 0.15569532242150
2026-04-07T05:18:51.667 -132859.121351425041 -334582.000028414361 -185685.058091138868 0.15788035293096 0.41759940613235 0.15582520607600
2026-04-07T05:22:51.667 -132821.005280109326 -334481.779503742233 -185647.644479506533 0.15974828579248 0.41757214744525 0.15595486010098
2026-04-07T05:26:51.667 -132782.444678440050 -334381.565146679175 -185610.199769603380 0.16158491532353 0.41754802542539 0.15608437251164
2026-04-07T05:30:51.667 -132743.446957585606 -334281.356193260988 -185572.723985433928 0.16339108361100 0.41752713154096 0.15621382557036
2026-04-07T05:34:51.667 -132704.019330050534 -334181.151858671976 -185535.217131913872 0.16516760429009 0.41750954819477 0.15634329614714
2026-04-07T05:38:51.667 -132664.168816368765 -334080.951339343213 -185497.679196123267 0.16691526366361 0.41749534936555 0.15647285605639
2026-04-07T05:42:51.667 -132623.902251533786 -333980.753814901691 -185460.110148481646 0.16863482177338 0.41748460120437 0.15660257237173
2026-04-07T05:46:51.667 -132583.226291177474 -333880.558449981385 -185422.509943850280 0.17032701342552 0.41747736258961 0.15673250772018
2026-04-07T05:50:51.667 -132542.147417507862 -333780.364395906450 -185384.878522565647 0.17199254917192 0.41747368564328 0.15686272055742
2026-04-07T05:54:51.667 -132500.671945016715 -333680.170792253863 -185347.215811409667 0.17363211624954 0.41747361621171 0.15699326542521
2026-04-07T05:58:51.667 -132458.806025966449 -333579.976768305700 -185309.521724519611 0.17524637947961 0.41747719431288 0.15712419319225
2026-04-07T06:02:51.667 -132416.555655665783 -333479.781444397056 -185271.796164242347 0.17683598212834 0.41748445455317 0.15725555127972
2026-04-07T06:06:51.667 -132373.926677543408 -333379.583933167916 -185234.039021936042 0.17840154673093 0.41749542651526 0.15738738387233
2026-04-07T06:10:51.667 -132330.924788028060 -333279.383340724802 -185196.250178723130 0.17994367588051 0.41751013511965 0.15751973211610
2026-04-07T06:14:51.667 -132287.555541243317 -333179.178767718782 -185158.429506196902 0.18146295298352 0.41752860096137 0.15765263430356
2026-04-07T06:18:51.667 -132243.824353524949 -333078.969310345710 -185120.576867085416 0.18295994298315 0.41755084062377 0.15778612604735
2026-04-07T06:22:51.667 -132199.736507768335 -332978.754061273299 -185082.692115874932 0.18443519305206 0.41757686697097 0.15792024044292
2026-04-07T06:26:51.667 -132155.297157613299 -332878.532110500906 -185044.775099395483 0.18588923325606 0.41760668942050 0.15805500822111
2026-04-07T06:30:51.667 -132110.511331472837 -332778.302546155406 -185006.825657371082 0.18732257718978 0.41764031419741 0.15819045789119
2026-04-07T06:34:51.667 -132065.383936412574 -332678.064455229091 -184968.843622936576 0.18873572258572 0.41767774457123 0.15832661587514
2026-04-07T06:38:51.667 -132019.919761887257 -332577.816924261861 -184930.828823123389 0.19012915189785 0.41771898107699 0.15846350663354
2026-04-07T06:42:51.667 -131974.123483339819 -332477.559039972781 -184892.781079315755 0.19150333286101 0.41776402172125 0.15860115278386
2026-04-07T06:46:51.667 -131927.999665669398 -332377.289889843145 -184854.700207679824 0.19285871902694 0.41781286217438 0.15873957521137
2026-04-07T06:50:51.667 -131881.552766573062 -332277.008562655945 -184816.586019566661 0.19419575027827 0.41786549594984 0.15887879317341
2026-04-07T06:54:51.667 -131834.787139766791 -332176.714148992614 -184778.438321891037 0.19551485332131 0.41792191457145 0.15901882439729
2026-04-07T06:58:51.667 -131787.707038090797 -332076.405741692171 -184740.256917487539 0.19681644215860 0.41798210772949 0.15915968517222
2026-04-07T07:02:51.667 -131740.316616503638 -331976.082436273166 -184702.041605445120 0.19810091854218 0.41804606342628 0.15930139043579
2026-04-07T07:06:51.667 -131692.619934969727 -331875.743331322621 -184663.792181421915 0.19936867240835 0.41811376811204 0.15944395385519
2026-04-07T07:10:51.667 -131644.620961244858 -331775.387528852792 -184625.508437940560 0.20062008229488 0.41818520681168 0.15958738790358
2026-04-07T07:14:51.667 -131596.323573563248 -331675.014134629280 -184587.190164666215 0.20185551574133 0.41826036324307 0.15973170393189
2026-04-07T07:18:51.667 -131547.731563231035 -331574.622258470976 -184548.837148667721 0.20307532967323 0.41833921992745 0.15987691223644
2026-04-07T07:22:51.667 -131498.848637128656 -331474.211014524975 -184510.449174662936 0.20427987077096 0.41842175829235 0.16002302212241
2026-04-07T07:26:51.667 -131449.678420127282 -331373.779521517339 -184472.026025249419 0.20546947582389 0.41850795876776 0.16017004196366
2026-04-07T07:30:51.667 -131400.224457421311 -331273.326902981615 -184433.567481121107 0.20664447207042 0.41859780087575 0.16031797925902
2026-04-07T07:34:51.667 -131350.490216781298 -331172.852287466521 -184395.073321271833 0.20780517752463 0.41869126331413 0.16046684068523
2026-04-07T07:38:51.667 -131300.479090729874 -331072.354808724485 -184356.543323186692 0.20895190129008 0.41878832403445 0.16061663214681
2026-04-07T07:42:51.667 -131250.194398643682 -330971.833605881606 -184317.977263021661 0.21008494386126 0.41888896031484 0.16076735882301
2026-04-07T07:46:51.667 -131199.639388784795 -330871.287823591323 -184279.374915772176 0.21120459741337 0.41899314882786 0.16091902521206
2026-04-07T07:50:51.667 -131148.817240263568 -330770.716612171906 -184240.736055431771 0.21231114608074 0.41910086570381 0.16107163517276
2026-04-07T07:54:51.667 -131097.731064936146 -330670.119127729558 -184202.060455140570 0.21340486622463 0.41921208658975 0.16122519196378
2026-04-07T07:58:51.667 -131046.383909238866 -330569.494532267563 -184163.347887324955 0.21448602669059 0.41932678670454 0.16137969828057
2026-04-07T08:02:51.667 -130994.778755962237 -330468.841993782844 -184124.598123828415 0.21555488905605 0.41944494089011 0.16153515629025
2026-04-07T08:06:51.667 -130942.918525966379 -330368.160686350835 -184085.810936034482 0.21661170786846 0.41956652365921 0.16169156766444
2026-04-07T08:10:51.667 -130890.806079840637 -330267.449790198880 -184046.986094981869 0.21765673087438 0.41969150923997 0.16184893361014
2026-04-07T08:14:51.667 -130838.444219509212 -330166.708491769386 -184008.123371472349 0.21869019923995 0.41981987161730 0.16200725489902
2026-04-07T08:18:51.667 -130785.835689784726 -330065.935983773961 -183969.222536172019 0.21971234776302 0.41995158457152 0.16216653189482
2026-04-07T08:22:51.667 -130732.983179872055 -329965.131465237646 -183930.283359706053 0.22072340507742 0.42008662171419 0.16232676457934
2026-04-07T08:26:51.667 -130679.889324823889 -329864.294141535705 -183891.305612747266 0.22172359384955 0.42022495652159 0.16248795257693
2026-04-07T08:30:51.667 -130626.556706950010 -329763.423224422208 -183852.289066099300 0.22271313096778 0.42036656236570 0.16265009517747
2026-04-07T08:34:51.667 -130572.987857182132 -329662.517932051443 -183813.233490774146 0.22369222772473 0.42051141254310 0.16281319135820
2026-04-07T08:38:51.667 -130519.185256395576 -329561.577488993003 -183774.138658064709 0.22466108999305 0.42065948030173 0.16297723980425
2026-04-07T08:42:51.667 -130465.151336689611 -329460.601126240275 -183735.004339612497 0.22561991839456 0.42081073886582 0.16314223892792
2026-04-07T08:46:51.667 -130410.888482628041 -329359.588081213238 -183695.830307471100 0.22656890846345 0.42096516145891 0.16330818688703
2026-04-07T08:50:51.667 -130356.399032441113 -329258.537597756309 -183656.616334164923 0.22750825080343 0.42112272132528 0.16347508160211
2026-04-07T08:54:51.667 -130301.685279190744 -329157.448926130659 -183617.362192744360 0.22843813123929 0.42128339174973 0.16364292077267
2026-04-07T08:58:51.667 -130246.749471899646 -329056.321323002514 -183578.067656836880 0.22935873096302 0.42144714607595 0.16381170189252
2026-04-07T09:02:51.667 -130191.593816646258 -328955.154051426798 -183538.732500694605 0.23027022667471 0.42161395772346 0.16398142226427
2026-04-07T09:06:51.667 -130136.220477626382 -328853.946380827052 -183499.356499238726 0.23117279071846 0.42178380020327 0.16415207901297
2026-04-07T09:10:51.667 -130080.631578182773 -328752.697586971684 -183459.939428100304 0.23206659121347 0.42195664713231 0.16432366909899
2026-04-07T09:14:51.667 -130024.829201803950 -328651.406951947138 -183420.481063658517 0.23295179218058 0.42213247224678 0.16449618933020
2026-04-07T09:18:51.667 -129968.815393092926 -328550.073764127446 -183380.981183075783 0.23382855366430 0.42231124941440 0.16466963637344
2026-04-07T09:22:51.667 -129912.592158707324 -328448.697318141581 -183341.439564330329 0.23469703185065 0.42249295264562 0.16484400676532
2026-04-07T09:26:51.667 -129856.161468271835 -328347.276914837887 -183301.855986246199 0.23555737918092 0.42267755610400 0.16501929692244
2026-04-07T09:30:51.667 -129799.525255263521 -328245.811861245951 -183262.230228520872 0.23640974446146 0.42286503411567 0.16519550315108
2026-04-07T09:34:51.667 -129742.685417871457 -328144.301470536913 -183222.562071750610 0.23725427296978 0.42305536117793 0.16537262165620
2026-04-07T09:38:51.667 -129685.643819831312 -328042.745061980968 -183182.851297453861 0.23809110655692 0.42324851196717 0.16555064855008
2026-04-07T09:42:51.667 -129628.402291235805 -327941.141960904002 -183143.097688092355 0.23892038374645 0.42344446134603 0.16572957986042
2026-04-07T09:46:51.667 -129570.962629321613 -327839.491498641844 -183103.301027090609 0.23974223983006 0.42364318436990 0.16590941153791
2026-04-07T09:50:51.667 -129513.326599234046 -327737.793012493174 -183063.461098853440 0.24055680695993 0.42384465629279 0.16609013946347
2026-04-07T09:54:51.667 -129455.495934769628 -327636.045845671382 -183023.577688782039 0.24136421423804 0.42404885257263 0.16627175945503
2026-04-07T09:58:51.667 -129397.472339097745 -327534.249347255100 -182983.650583288021 0.24216458780247 0.42425574887603 0.16645426727394
2026-04-07T10:01:44.685 -129350.181414999999 -327464.850837000005 -182952.953962000000 0.24286424000000 0.42434961800000 0.16664013900000
2026-04-07T10:05:44.685 -129291.799214906583 -327362.981611025811 -182912.938272710540 0.24365296649469 0.42456103961906 0.16682408488124
2026-04-07T10:09:44.685 -129233.228527655796 -327261.061327163712 -182872.878331125044 0.24443498584165 0.42477509646056 0.16700890740214
2026-04-07T10:13:44.685 -129174.470949007082 -327159.089355787262 -182832.773927378003 0.24521041390268 0.42499176500413 0.16719460215746
2026-04-07T10:17:44.685 -129115.528047225787 -327057.065072887926 -182792.624852664856 0.24597936394531 0.42521102195392 0.16738116471100
2026-04-07T10:21:44.685 -129056.401363697252 -326954.987860021123 -182752.430899249128 0.24674194671407 0.42543284424084 0.16756859060016
2026-04-07T10:25:44.685 -128997.092413523904 -326852.857104251394 -182712.191860467981 0.24749827049959 0.42565720902446 0.16775687534019
2026-04-07T10:29:44.685 -128937.602686106227 -326750.672198097222 -182671.907530737255 0.24824844120537 0.42588409369464 0.16794601442828
2026-04-07T10:33:44.685 -128877.933645707817 -326648.432539476024 -182631.577705555217 0.24899256241249 0.42611347587282 0.16813600334734
2026-04-07T10:37:44.685 -128818.086732005147 -326546.137531648041 -182591.202181505563 0.24973073544219 0.42634533341298 0.16832683756954
2026-04-07T10:41:44.685 -128758.063360622866 -326443.786583160574 -182550.780756259715 0.25046305941653 0.42657964440249 0.16851851255973
2026-04-07T10:45:44.685 -128697.864923654182 -326341.379107791989 -182510.313228577957 0.25118963131708 0.42681638716255 0.16871102377853
2026-04-07T10:49:44.685 -128637.492790167977 -326238.914524495252 -182469.799398310337 0.25191054604182 0.42705554024847 0.16890436668536
2026-04-07T10:53:44.685 -128576.948306702005 -326136.392257342231 -182429.239066396403 0.25262589646023 0.42729708244983 0.16909853674121
2026-04-07T10:57:44.685 -128516.232797743520 -326033.811735466996 -182388.632034864742 0.25333577346664 0.42754099279027 0.16929352941122
2026-04-07T11:01:44.685 -128455.347566196928 -325931.172393009940 -182347.978106831521 0.25404026603200 0.42778725052724 0.16948934016717
2026-04-07T11:05:44.685 -128394.293893839436 -325828.473669061670 -182307.277086498565 0.25473946125397 0.42803583515153 0.16968596448978
2026-04-07T11:09:44.685 -128333.073041764583 -325725.715007607127 -182266.528779151151 0.25543344440553 0.42828672638666 0.16988339787086
2026-04-07T11:13:44.685 -128271.686250814790 -325622.895857469586 -182225.732991154888 0.25612229898209 0.42853990418808 0.17008163581533
2026-04-07T11:17:44.685 -128210.134742002294 -325520.015672255424 -182184.889529952517 0.25680610674714 0.42879534874233 0.17028067384310
2026-04-07T11:21:44.685 -128148.419716919350 -325417.073910298466 -182143.998204059986 0.25748494777659 0.42905304046595 0.17048050749087
2026-04-07T11:25:44.685 -128086.542358138307 -325314.070034605335 -182103.058823062282 0.25815890050165 0.42931296000441 0.17068113231373
2026-04-07T11:29:44.685 -128024.503829601192 -325211.003512800147 -182062.071197608777 0.25882804175055 0.42957508823088 0.17088254388674
2026-04-07T11:33:44.685 -127962.305276999541 -325107.873817070329 -182021.035139408341 0.25949244678897 0.42983940624482 0.17108473780638
2026-04-07T11:37:44.685 -127899.947828144708 -325004.680424112419 -181979.950461223896 0.26015218935919 0.43010589537065 0.17128770969185
2026-04-07T11:41:44.685 -127837.432593328878 -324901.422815078404 -181938.816976866947 0.26080734171821 0.43037453715622 0.17149145518632
2026-04-07T11:45:44.685 -127774.760665677139 -324798.100475521875 -181897.634501191700 0.26145797467468 0.43064531337121 0.17169596995811
2026-04-07T11:49:44.685 -127711.933121490641 -324694.712895345408 -181856.402850088751 0.26210415762471 0.43091820600553 0.17190124970178
2026-04-07T11:53:44.685 -127648.951020581502 -324591.259568747715 -181815.121840478794 0.26274595858670 0.43119319726761 0.17210729013907
2026-04-07T11:57:44.685 -127585.815406599373 -324487.739994171483 -181773.791290305962 0.26338344423514 0.43147026958264 0.17231408701986
2026-04-07T12:01:44.685 -127522.527307349999 -324384.153674251400 -181732.411018530926 0.26401667993341 0.43174940559077 0.17252163612302
2026-04-07T12:05:44.685 -127459.087735106063 -324280.500115762989 -181690.980845123908 0.26464572976562 0.43203058814527 0.17272993325717
2026-04-07T12:09:44.685 -127395.497686910472 -324176.778829571558 -181649.500591057324 0.26527065656762 0.43231380031062 0.17293897426145
2026-04-07T12:13:44.685 -127331.758144872263 -324072.989330581855 -181607.970078298618 0.26589152195701 0.43259902536062 0.17314875500610
2026-04-07T12:17:44.685 -127267.870076455525 -323969.131137687946 -181566.389129802468 0.26650838636238 0.43288624677639 0.17335927139316
2026-04-07T12:21:44.685 -127203.834434761404 -323865.203773723741 -181524.757569503214 0.26712130905167 0.43317544824445 0.17357051935694
2026-04-07T12:25:44.685 -127139.652158803132 -323761.206765413983 -181483.075222307089 0.26773034815979 0.43346661365465 0.17378249486456
2026-04-07T12:29:44.685 -127075.324173774832 -323657.139643325587 -181441.341914084158 0.26833556071538 0.43375972709819 0.17399519391642
2026-04-07T12:33:44.685 -127010.851391314063 -323553.001941819675 -181399.557471660431 0.26893700266690 0.43405477286556 0.17420861254655
2026-04-07T12:37:44.685 -126946.234709757686 -323448.793199003907 -181357.721722809598 0.26953472890795 0.43435173544447 0.17442274682304
2026-04-07T12:41:44.685 -126881.475014392170 -323344.512956685503 -181315.834496244934 0.27012879330189 0.43465059951780 0.17463759284832
2026-04-07T12:45:44.685 -126816.573177698199 -323240.160760324507 -181273.895621611009 0.27071924870580 0.43495134996153 0.17485314675947
2026-04-07T12:49:44.685 -126751.530059588986 -323135.736158987740 -181231.904929475277 0.27130614699378 0.43525397184262 0.17506940472846
2026-04-07T12:53:44.685 -126686.346507643757 -323031.238705303287 -181189.862251319661 0.27188953907957 0.43555845041694 0.17528636296237
2026-04-07T12:57:44.685 -126621.023357335391 -322926.667955415440 -181147.767419532262 0.27246947493860 0.43586477112719 0.17550401770358
2026-04-07T13:01:44.685 -126555.561432253191 -322822.023468939879 -181105.620267398655 0.27304600362943 0.43617291960080 0.17572236522994
2026-04-07T13:05:44.685 -126489.961544320264 -322717.304808919900 -181063.420629093511 0.27361917331462 0.43648288164781 0.17594140185487
2026-04-07T13:09:44.685 -126424.224494006310 -322612.511541782529 -181021.168339672004 0.27418903128099 0.43679464325883 0.17616112392746
2026-04-07T13:13:44.685 -126358.351070535136 -322507.643237295735 -180978.863235061232 0.27475562395939 0.43710819060293 0.17638152783258
2026-04-07T13:17:44.685 -126292.342052088061 -322402.699468525592 -180936.505152051599 0.27531899694392 0.43742351002557 0.17660260999090
2026-04-07T13:21:44.685 -126226.198206002271 -322297.679811794311 -180894.093928288348 0.27587919501065 0.43774058804653 0.17682436685892
2026-04-07T13:25:44.685 -126159.920288965121 -322192.583846638794 -180851.629402262683 0.27643626213581 0.43805941135782 0.17704679492901
2026-04-07T13:29:44.685 -126093.509047203785 -322087.411155769078 -180809.111413303501 0.27699024151357 0.43837996682168 0.17726989072936
2026-04-07T13:33:44.685 -126026.965216671000 -321982.161325028457 -180766.539801568579 0.27754117557327 0.43870224146853 0.17749365082399
2026-04-07T13:37:44.685 -125960.289523226573 -321876.833943352569 -180723.914408035984 0.27808910599624 0.43902622249488 0.17771807181264
2026-04-07T13:41:44.685 -125893.482682814822 -321771.428602730390 -180681.235074495664 0.27863407373219 0.43935189726139 0.17794315033079
2026-04-07T13:45:44.685 -125826.545401638461 -321665.944898164715 -180638.501643540687 0.27917611901520 0.43967925329084 0.17816888304951
2026-04-07T13:49:44.685 -125759.478376328232 -321560.382427633740 -180595.713958558859 0.27971528137917 0.44000827826611 0.17839526667542
2026-04-07T13:53:44.685 -125692.282294109289 -321454.740792052704 -180552.871863724082 0.28025159967306 0.44033896002827 0.17862229795053
2026-04-07T13:57:44.685 -125624.957832963744 -321349.019595236168 -180509.975203987997 0.28078511207559 0.44067128657456 0.17884997365218
2026-04-07T14:01:44.685 -125557.505661789794 -321243.218443860766 -180467.023825071461 0.28131585610963 0.44100524605648 0.17907829059286
2026-04-07T14:05:44.685 -125489.926440557465 -321137.336947428586 -180424.017573456047 0.28184386865621 0.44134082677787 0.17930724562009
2026-04-07T14:09:44.685 -125422.220820460978 -321031.374718230567 -180380.956296375807 0.28236918596817 0.44167801719296 0.17953683561627
2026-04-07T14:13:44.685 -125354.389444067900 -320925.331371310924 -180337.839841808891 0.28289184368348 0.44201680590455 0.17976705749850
2026-04-07T14:17:44.685 -125286.432945465232 -320819.206524431414 -180294.668058469077 0.28341187683824 0.44235718166205 0.17999790821844
2026-04-07T14:21:44.685 -125218.351950402168 -320712.999798036588 -180251.440795797680 0.28392931987927 0.44269913335972 0.18022938476211
2026-04-07T14:25:44.685 -125150.147076430221 -320606.710815219209 -180208.157903955260 0.28444420667652 0.44304265003475 0.18046148414971
2026-04-07T14:29:44.685 -125081.818933040136 -320500.339201686147 -180164.819233813498 0.28495657053505 0.44338772086548 0.18069420343540
2026-04-07T14:33:44.685 -125013.368121795997 -320393.884585724620 -180121.424636946933 0.28546644420677 0.44373433516961 0.18092753970715
2026-04-07T14:37:44.685 -124944.795236466714 -320287.346598169126 -180077.973965624988 0.28597385990191 0.44408248240241 0.18116149008650
2026-04-07T14:41:44.685 -124876.100863154541 -320180.724872368563 -180034.467072803935 0.28647884930015 0.44443215215494 0.18139605172835
2026-04-07T14:45:44.685 -124807.285580421318 -320074.019044153858 -179990.903812118893 0.28698144356155 0.44478333415234 0.18163122182076
2026-04-07T14:49:44.685 -124738.349959411658 -319967.228751805902 -179947.284037875826 0.28748167333712 0.44513601825210 0.18186699758471
2026-04-07T14:53:44.685 -124669.294563973992 -319860.353636024287 -179903.607605043770 0.28797956877923 0.44549019444234 0.18210337627388
2026-04-07T14:57:44.685 -124600.119950779073 -319753.393339895702 -179859.874369247002 0.28847515955172 0.44584585284015 0.18234035517442
2026-04-07T15:01:44.685 -124530.826669435846 -319646.347508863546 -179816.084186757216 0.28896847483975 0.44620298368992 0.18257793160471
2026-04-07T15:05:44.685 -124461.415262605369 -319539.215790697432 -179772.236914485868 0.28945954335946 0.44656157736170 0.18281610291517
2026-04-07T15:09:44.685 -124391.886266112211 -319431.997835463320 -179728.332409976516 0.28994839336737 0.44692162434957 0.18305486648793
2026-04-07T15:13:44.685 -124322.240209053503 -319324.693295493722 -179684.370531397144 0.29043505266954 0.44728311527004 0.18329421973667
2026-04-07T15:17:44.685 -124252.477613906143 -319217.301825358765 -179640.351137532794 0.29091954863057 0.44764604086046 0.18353416010635
2026-04-07T15:21:44.685 -124182.598996631627 -319109.823081837210 -179596.274087777914 0.29140190818234 0.44801039197749 0.18377468507295
2026-04-07T15:25:44.685 -124112.604866778827 -319002.256723888160 -179552.139242129051 0.29188215783251 0.44837615959550 0.18401579214323
2026-04-07T15:29:44.685 -124042.495727584872 -318894.602412622713 -179507.946461177460 0.29236032367295 0.44874333480510 0.18425747885449
2026-04-07T15:33:44.685 -123972.272076074005 -318786.859811276605 -179463.695606101799 0.29283643138781 0.44911190881159 0.18449974277431
2026-04-07T15:37:44.685 -123901.934403154199 -318679.028585182561 -179419.386538660881 0.29331050626155 0.44948187293350 0.18474258150030
2026-04-07T15:41:44.685 -123831.483193712542 -318571.108401743521 -179375.019121186546 0.29378257318664 0.44985321860113 0.18498599265985
2026-04-07T15:45:44.685 -123760.918926708095 -318463.098930405802 -179330.593216576497 0.29425265667123 0.45022593735508 0.18522997390989
2026-04-07T15:49:44.685 -123690.242075263319 -318354.999842632853 -179286.108688287233 0.29472078084653 0.45060002084482 0.18547452293659
2026-04-07T15:53:44.685 -123619.453106753848 -318246.810811879521 -179241.565400327119 0.29518696947407 0.45097546082731 0.18571963745517
2026-04-07T15:57:44.685 -123548.552482895990 -318138.531513565977 -179196.963217249460 0.29565124595278 0.45135224916559 0.18596531520961
2026-04-07T16:01:44.685 -123477.540659833277 -318030.161625052802 -179152.302004145429 0.29611363332593 0.45173037782740 0.18621155397238
2026-04-07T16:05:44.685 -123406.418088220787 -317921.700825615902 -179107.581626637548 0.29657415428789 0.45210983888383 0.18645835154425
2026-04-07T16:09:44.685 -123335.185213308199 -317813.148796421825 -179062.801950872759 0.29703283119072 0.45249062450801 0.18670570575397
2026-04-07T16:13:44.685 -123263.842475021098 -317704.505220503430 -179017.962843515706 0.29748968605068 0.45287272697375 0.18695361445803
2026-04-07T16:17:44.685 -123192.390308040805 -317595.769782735908 -178973.064171742240 0.29794474055452 0.45325613865427 0.18720207554045
2026-04-07T16:21:44.685 -123120.829141882787 -317486.942169813148 -178928.105803232698 0.29839801606565 0.45364085202092 0.18745108691250
2026-04-07T16:25:44.685 -123049.159400973527 -317378.022070224222 -178883.087606165587 0.29884953363021 0.45402685964190 0.18770064651243
2026-04-07T16:29:44.685 -122977.381504725767 -317269.009174230276 -178838.009449210891 0.29929931398297 0.45441415418100 0.18795075230525
2026-04-07T16:33:44.685 -122905.495867612815 -317159.903173841943 -178792.871201523900 0.29974737755309 0.45480272839642 0.18820140228249
2026-04-07T16:37:44.685 -122833.502899241110 -317050.703762796475 -178747.672732738720 0.30019374446976 0.45519257513950 0.18845259446191
2026-04-07T16:41:44.685 -122761.403004421416 -316941.410636535962 -178702.413912962103 0.30063843456777 0.45558368735359 0.18870432688730
2026-04-07T16:45:44.685 -122689.196583238998 -316832.023492185050 -178657.094612767192 0.30108146739287 0.45597605807278 0.18895659762822
2026-04-07T16:49:44.685 -122616.884031122318 -316722.542028529453 -178611.714703187317 0.30152286220707 0.45636968042085 0.18920940477972
2026-04-07T16:53:44.685 -122544.465738910454 -316612.965945994481 -178566.274055710062 0.30196263799383 0.45676454761001 0.18946274646217
2026-04-07T16:57:44.685 -122471.942092919344 -316503.294946624083 -178520.772542270977 0.30240081346309 0.45716065293986 0.18971662082096
2026-04-07T17:01:44.685 -122399.313475006929 -316393.528734059888 -178475.210035247874 0.30283740705621 0.45755798979624 0.18997102602629
2026-04-07T17:05:44.685 -122326.580262636940 -316283.667013520782 -178429.586407454655 0.30327243695087 0.45795655165011 0.19022596027290
2026-04-07T17:09:44.685 -122253.742828941613 -316173.709491782356 -178383.901532135642 0.30370592106575 0.45835633205650 0.19048142177990
2026-04-07T17:13:44.685 -122180.801542783374 -316063.655877157056 -178338.155282959633 0.30413787706521 0.45875732465346 0.19073740879047
2026-04-07T17:17:44.685 -122107.756768815161 -315953.505879474513 -178292.347534014203 0.30456832236378 0.45915952316094 0.19099391957164
2026-04-07T17:21:44.685 -122034.608867540053 -315843.259210061631 -178246.478159799968 0.30499727413067 0.45956292137982 0.19125095241410
2026-04-07T17:25:44.685 -121961.358195369510 -315732.915581723559 -178200.547035225027 0.30542474929405 0.45996751319086 0.19150850563194
2026-04-07T17:29:44.685 -121888.005104674114 -315622.474708718015 -178154.554035622597 0.30585076456089 0.46037329261483 0.19176657736976
2026-04-07T17:33:44.685 -121814.549943855935 -315511.936306741496 -178108.499036721769 0.30627533637447 0.46078025362814 0.19202516618044
2026-04-07T17:37:44.685 -121740.993057391592 -315401.300092920370 -178062.381914619589 0.30669848096516 0.46118839034519 0.19228427044689
2026-04-07T17:41:44.685 -121667.334785889427 -315290.565785784449 -178016.202545798442 0.30712021433879 0.46159769695633 0.19254388857457
2026-04-07T17:45:44.685 -121593.575466142938 -315179.733105248772 -177969.960807120748 0.30754055228062 0.46200816772691 0.19280401899122
2026-04-07T17:49:44.685 -121519.715431183227 -315068.801772595849 -177923.656575823610 0.30795951035915 0.46241979699630 0.19306466014665
2026-04-07T17:53:44.685 -121445.755010330613 -314957.771510457853 -177877.289729513577 0.30837710392984 0.46283257917703 0.19332581051251
2026-04-07T17:57:44.685 -121371.694529245287 -314846.642042799387 -177830.860146161373 0.30879334813886 0.46324650875382 0.19358746858211
2026-04-07T18:01:44.685 -121297.534309977127 -314735.413094900025 -177784.367704096745 0.30920825792660 0.46366158028272 0.19384963287019
2026-04-07T18:05:44.685 -121223.274671014631 -314624.084393337544 -177737.812282003375 0.30962184803128 0.46407778839021 0.19411230191271
2026-04-07T18:09:44.685 -121148.915927333073 -314512.655665970931 -177691.193758913781 0.31003413299234 0.46449512777232 0.19437547426664
2026-04-07T18:13:44.685 -121074.458390441752 -314401.126641923853 -177644.512014204316 0.31044512715387 0.46491359319380 0.19463914850977
2026-04-07T18:17:44.685 -120999.902368430514 -314289.497051568294 -177597.766927590157 0.31085484466788 0.46533317948725 0.19490332324049
2026-04-07T18:21:44.685 -120925.248166015430 -314177.766626508383 -177550.958379120420 0.31126329949758 0.46575388155229 0.19516799707759
2026-04-07T18:25:44.685 -120850.496084583734 -314065.935099564376 -177504.086249173328 0.31167050542059 0.46617569435474 0.19543316866007
2026-04-07T18:29:44.685 -120775.646422238002 -313954.002204756835 -177457.150418451289 0.31207647603197 0.46659861292581 0.19569883664694
2026-04-07T18:33:44.685 -120700.699473839588 -313841.967677291017 -177410.150767976185 0.31248122474738 0.46702263236129 0.19596499971703
2026-04-07T18:37:44.685 -120625.655531051336 -313729.831253541633 -177363.087179084629 0.31288476480601 0.46744774782080 0.19623165656878
2026-04-07T18:41:44.685 -120550.514882379532 -313617.592671037477 -177315.959533423273 0.31328710927354 0.46787395452696 0.19649880592006
2026-04-07T18:45:44.685 -120475.277813215274 -313505.251668446348 -177268.767712944129 0.31368827104501 0.46830124776466 0.19676644650798
2026-04-07T18:49:44.685 -120399.944605875004 -313392.807985560386 -177221.511599900055 0.31408826284764 0.46872962288031 0.19703457708872
2026-04-07T18:53:44.685 -120324.515539640503 -313280.261363281170 -177174.191076840158 0.31448709724363 0.46915907528107 0.19730319643730
2026-04-07T18:57:44.685 -120248.990890798173 -313167.611543605453 -177126.806026605278 0.31488478663283 0.46958960043415 0.19757230334744
2026-04-07T19:02:31.755 -120158.405328336987 -313033.190906379081 -177070.072040614905 0.31539611947341 0.47008370036319 0.19785459813753
2026-04-07T19:06:31.755 -120082.662811117421 -312920.318895790435 -177022.554526094784 0.31579133863359 0.47051656466871 0.19812477026576
2026-04-07T19:10:31.755 -120006.825574305723 -312807.342870650464 -176974.972112179967 0.31618545137807 0.47095048757153 0.19839542623667
2026-04-07T19:14:31.755 -119930.893882029122 -312694.262577411486 -176927.324682884209 0.31657846945290 0.47138546478369 0.19866656492020
2026-04-07T19:18:31.755 -119854.867995613749 -312581.077763548179 -176879.612122490304 0.31697040445506 0.47182149207362 0.19893818520406
2026-04-07T19:22:31.755 -119778.748173620101 -312467.788177544135 -176831.834315545857 0.31736126783488 0.47225856526546 0.19921028599354
2026-04-07T19:26:31.755 -119702.534671877933 -312354.393568878411 -176783.991146859160 0.31775107089842 0.47269668023843 0.19948286621137
2026-04-07T19:30:31.755 -119626.227743520663 -312240.893688012613 -176736.082501494966 0.31813982480972 0.47313583292614 0.19975592479757
2026-04-07T19:34:31.755 -119549.827639019131 -312127.288286377792 -176688.108264770330 0.31852754059315 0.47357601931599 0.20002946070922
2026-04-07T19:38:31.755 -119473.334606214878 -312013.577116361645 -176640.068322250620 0.31891422913556 0.47401723544852 0.20030347292037
2026-04-07T19:42:31.755 -119396.748890352872 -311899.759931295761 -176591.962559745385 0.31929990118850 0.47445947741679 0.20057796042183
2026-04-07T19:46:31.755 -119320.070734113731 -311785.836485443229 -176543.790863304370 0.31968456737037 0.47490274136576 0.20085292222101
2026-04-07T19:50:29.718 -119243.952353334200 -311672.774812028045 -176495.962815294479 0.32006498592186 0.47534324837346 0.20112601759731
2026-04-07T19:54:29.718 -119167.090813823132 -311558.639018115762 -176447.659472091793 0.32044768000816 0.47578853632804 0.20140192107429
2026-04-07T19:58:29.718 -119090.137544920392 -311444.396233730542 -176399.289855464769 0.32082939921402 0.47623483503491 0.20167829597735
2026-04-07T20:02:29.718 -119013.092779381914 -311330.046216731251 -176350.853852382832 0.32121015364684 0.47668214084029 0.20195514137870
2026-04-07T20:06:29.718 -118935.956747552686 -311215.588725847832 -176302.351350036130 0.32158995329092 0.47713045013940 0.20223245636638
2026-04-07T20:10:29.718 -118858.729677395997 -311101.023520669492 -176253.782235831808 0.32196880800944 0.47757975937587 0.20251024004414
2026-04-07T20:14:29.718 -118781.411794522370 -310986.350361633231 -176205.146397390228 0.32234672754626 0.47803006504121 0.20278849153129
2026-04-07T20:18:29.718 -118704.003322217904 -310871.569010012434 -176156.443722541298 0.32272372152784 0.47848136367424 0.20306720996253
2026-04-07T20:22:29.718 -118626.504481472264 -310756.679227905464 -176107.674099320720 0.32309979946501 0.47893365186056 0.20334639448783
2026-04-07T20:26:29.718 -118548.915491006206 -310641.680778224661 -176058.837415966438 0.32347497075472 0.47938692623204 0.20362604427231
2026-04-07T20:30:29.718 -118471.236567298707 -310526.573424685164 -176009.933560914913 0.32384924468185 0.47984118346626 0.20390615849605
2026-04-07T20:34:29.718 -118393.467924613666 -310411.356931794086 -175960.962422797631 0.32422263042086 0.48029642028605 0.20418673635397
2026-04-07T20:38:29.718 -118315.609775026198 -310296.031064839684 -175911.923890437523 0.32459513703749 0.48075263345891 0.20446777705574
2026-04-07T20:42:29.718 -118237.662328448481 -310180.595589880715 -175862.817852845474 0.32496677349044 0.48120981979657 0.20474927982555
2026-04-07T20:46:29.718 -118159.625792655337 -310065.050273735833 -175813.644199216767 0.32533754863292 0.48166797615450 0.20503124390209
2026-04-07T20:50:29.718 -118081.500373309289 -309949.394883973175 -175764.402818927716 0.32570747121433 0.48212709943135 0.20531366853833
2026-04-07T20:54:29.718 -118003.286273985315 -309833.629188900057 -175715.093601532251 0.32607654988175 0.48258718656856 0.20559655300143
2026-04-07T20:58:29.718 -117924.983696195210 -309717.752957552846 -175665.716436758434 0.32644479318151 0.48304823454984 0.20587989657261
2026-04-07T21:02:29.718 -117846.592839411576 -309601.765959686716 -175616.271214505192 0.32681220956069 0.48351024040072 0.20616369854702
2026-04-07T21:06:29.718 -117768.113901091521 -309485.667965765693 -175566.757824838947 0.32717880736859 0.48397320118808 0.20644795823359
2026-04-07T21:10:29.718 -117689.547076699862 -309369.458746952994 -175517.176157990325 0.32754459485821 0.48443711401969 0.20673267495498
2026-04-07T21:14:29.718 -117610.892559732136 -309253.138075100956 -175467.526104350924 0.32790958018765 0.48490197604381 0.20701784804736
2026-04-07T21:18:29.718 -117532.150541737181 -309136.705722741608 -175417.807554469997 0.32827377142153 0.48536778444870 0.20730347686037
2026-04-07T21:22:29.718 -117453.321212339404 -309020.161463077005 -175368.020399051311 0.32863717653236 0.48583453646220 0.20758956075696
2026-04-07T21:26:29.718 -117374.404759260709 -308903.505069969804 -175318.164528949914 0.32899980340192 0.48630222935132 0.20787609911328
2026-04-07T21:30:14.766 -117300.393440000000 -308794.017686999985 -175271.383154999989 0.32934083000000 0.48674128500000 0.20813458700000
2026-04-07T21:34:14.766 -117221.308288701388 -308677.143456278660 -175221.396373099677 0.32970197092308 0.48721079340505 0.20842200433566
2026-04-07T21:38:14.766 -117142.136554404453 -308560.156431520940 -175171.340556702315 0.33006235624932 0.48768123486961 0.20870987437892
2026-04-07T21:42:14.766 -117062.878417546279 -308443.056389103236 -175121.215597227070 0.33042199351579 0.48815260681089 0.20899819655677
2026-04-07T21:46:14.766 -116983.534056765217 -308325.843106017332 -175071.021386229171 0.33078089017514 0.48862490668325 0.20928697030883
2026-04-07T21:50:14.766 -116904.103648920995 -308208.516359861591 -175020.757815396762 0.33113905359685 0.48909813197778 0.20957619508727
2026-04-07T21:54:14.766 -116824.587369114524 -308091.075928832113 -174970.424776548025 0.33149649106842 0.48957228022196 0.20986587035668
2026-04-07T21:58:14.766 -116744.985390707414 -307973.521591714118 -174920.022161628149 0.33185320979655 0.49004734897920 0.21015599559400
2026-04-07T22:02:14.766 -116665.297885341279 -307855.853127873270 -174869.549862706364 0.33220921690833 0.49052333584855 0.21044657028838
2026-04-07T22:06:14.766 -116585.525022956645 -307738.070317247242 -174819.007771973091 0.33256451945231 0.49100023846427 0.21073759394109
2026-04-07T22:10:14.766 -116505.666971811705 -307620.172940337274 -174768.395781736937 0.33291912439969 0.49147805449551 0.21102906606542
2026-04-07T22:14:14.766 -116425.723898500728 -307502.160778199963 -174717.713784421969 0.33327303864538 0.49195678164590 0.21132098618658
2026-04-07T22:18:14.766 -116345.695967972279 -307384.033612438827 -174666.961672564707 0.33362626900912 0.49243641765322 0.21161335384160
2026-04-07T22:22:14.766 -116265.583343547070 -307265.791225196270 -174616.139338811423 0.33397882223649 0.49291696028907 0.21190616857924
2026-04-07T22:26:14.766 -116185.386186935677 -307147.433399145491 -174565.246675915259 0.33433070500000 0.49339840735850 0.21219942995987
2026-04-07T22:30:14.766 -116105.104658255950 -307028.959917482513 -174514.283576733520 0.33468192390013 0.49388075669967 0.21249313755539
2026-04-07T22:34:14.766 -116024.738916050148 -306910.370563918317 -174463.249934224848 0.33503248546628 0.49436400618352 0.21278729094916
2026-04-07T22:38:14.766 -115944.289117301916 -306791.665122670820 -174412.145641446521 0.33538239615784 0.49484815371344 0.21308188973587
2026-04-07T22:42:14.766 -115863.755417452950 -306672.843378457415 -174360.970591551741 0.33573166236510 0.49533319722493 0.21337693352144
2026-04-07T22:46:14.766 -115783.137970419455 -306553.905116487062 -174309.724677786959 0.33608029041028 0.49581913468533 0.21367242192300
2026-04-07T22:50:14.766 -115702.436928608397 -306434.850122452772 -174258.407793489198 0.33642828654842 0.49630596409342 0.21396835456871
2026-04-07T22:54:14.766 -115621.652442933497 -306315.678182524105 -174207.019832083344 0.33677565696833 0.49679368347918 0.21426473109774
2026-04-07T22:58:14.766 -115540.784662831007 -306196.389083339775 -174155.560687079647 0.33712240779353 0.49728229090343 0.21456155116015
2026-04-07T23:02:14.766 -115459.833736275279 -306076.982612000138 -174104.030252070981 0.33746854508312 0.49777178445758 0.21485881441681
2026-04-07T23:06:14.766 -115378.799809794145 -305957.458556060097 -174052.428420730343 0.33781407483266 0.49826216226328 0.21515652053934
2026-04-07T23:10:14.766 -115297.683028484011 -305837.816703521588 -174000.755086808291 0.33815900297509 0.49875342247213 0.21545466920997
2026-04-07T23:14:14.766 -115216.483536024825 -305718.056842826772 -173949.010144130327 0.33850333538153 0.49924556326544 0.21575326012152
2026-04-07T23:18:14.766 -115135.201474694783 -305598.178762850643 -173897.193486594449 0.33884707786215 0.49973858285388 0.21605229297729
2026-04-07T23:22:14.766 -115053.836985384885 -305478.182252894214 -173845.305008168623 0.33919023616701 0.50023247947722 0.21635176749098
2026-04-07T23:26:14.766 -114972.390207613251 -305358.067102677422 -173793.344602888246 0.33953281598686 0.50072725140407 0.21665168338660
2026-04-07T23:30:14.766 -114890.861279539255 -305237.833102332312 -173741.312164853764 0.33987482295395 0.50122289693158 0.21695204039844
2026-04-07T23:34:14.766 -114809.250337977457 -305117.480042396230 -173689.207588228164 0.34021626264281 0.50171941438516 0.21725283827091
2026-04-07T23:38:14.766 -114727.557518411399 -304997.007713805127 -173637.030767234537 0.34055714057106 0.50221680211826 0.21755407675856
2026-04-07T23:42:14.766 -114645.782955007133 -304876.415907886694 -173584.781596153713 0.34089746220013 0.50271505851205 0.21785575562594
2026-04-07T23:46:14.766 -114563.926780626643 -304755.704416353896 -173532.459969321790 0.34123723293605 0.50321418197519 0.21815787464753
2026-04-07T23:50:14.766 -114481.989126841028 -304634.873031298281 -173480.065781127836 0.34157645813016 0.50371417094356 0.21846043360771
2026-04-07T23:54:14.766 -114399.970123943567 -304513.921545183635 -173427.598926011502 0.34191514307989 0.50421502388003 0.21876343230065
2026-04-07T23:58:14.766 -114317.869900962556 -304392.849750839348 -173375.059298460634 0.34225329302941 0.50471673927418 0.21906687053024
2026-04-08T00:02:14.766 -114235.688585673997 -304271.657441454183 -173322.446793009003 0.34259091317040 0.50521931564206 0.21937074811004
2026-04-08T00:03:17.084 -114214.336276062328 -304240.169113869604 -173308.773586063384 0.34267849304272 0.50534995440795 0.21944972428545
2026-04-08T00:07:35.309 -114125.894038872182 -304109.546857714129 -173252.120911742561 0.34266916334253 0.50612659026453 0.21954869047347
2026-04-08T00:11:35.309 -114043.613061055323 -303988.015943389444 -173199.392646393972 0.34300556589330 0.50663117193021 0.21985359395685
2026-04-08T00:15:35.309 -113961.251408277240 -303866.363826688612 -173146.591151517292 0.34334145551943 0.50713660983464 0.22015893651544
2026-04-08T00:19:35.309 -113878.809203041776 -303744.590302279743 -173093.716321752378 0.34367683719673 0.50764290260339 0.22046471800149
2026-04-08T00:23:35.309 -113796.286566664450 -303622.695165157842 -173040.768051773455 0.34401171585206 0.50815004888724 0.22077093827659
2026-04-08T00:27:35.309 -113713.683619284144 -303500.678210638638 -172987.746236286825 0.34434609636393 0.50865804736203 0.22107759721160
2026-04-08T00:31:35.309 -113631.000479874652 -303378.539234352764 -172934.650770028704 0.34467998356315 0.50916689672837 0.22138469468662
2026-04-08T00:35:35.309 -113548.237266256023 -303256.278032239701 -172881.481547762931 0.34501338223342 0.50967659571146 0.22169223059086
2026-04-08T00:39:35.309 -113465.394095105818 -303133.894400542020 -172828.238464278897 0.34534629711200 0.51018714306089 0.22200020482267
2026-04-08T00:43:35.309 -113382.471081970172 -303011.388135799381 -172774.921414389275 0.34567873289025 0.51069853755037 0.22230861728940
2026-04-08T00:47:35.309 -113299.468341274725 -302888.759034842893 -172721.530292927899 0.34601069421425 0.51121077797755 0.22261746790737
2026-04-08T00:51:35.309 -113216.385986335445 -302766.006894789462 -172668.064994747634 0.34634218568540 0.51172386316384 0.22292675660182
2026-04-08T00:55:35.309 -113133.224129369264 -302643.131513035973 -172614.525414718199 0.34667321186097 0.51223779195416 0.22323648330684
2026-04-08T00:59:35.309 -113049.982881504620 -302520.132687253761 -172560.911447724095 0.34700377725467 0.51275256321675 0.22354664796532
2026-04-08T01:03:35.309 -112966.662352791798 -302397.010215382907 -172507.222988662455 0.34733388633724 0.51326817584298 0.22385725052887
2026-04-08T01:07:35.309 -112883.262652213249 -302273.763895626937 -172453.459932441008 0.34766354353694 0.51378462874717 0.22416829095780
2026-04-08T01:11:35.309 -112799.783887693673 -302150.393526447122 -172399.622173975979 0.34799275324016 0.51430192086635 0.22447976922104
2026-04-08T01:15:35.309 -112716.226166109991 -302026.898906557180 -172345.709608189994 0.34832151979189 0.51482005116010 0.22479168529610
2026-04-08T01:19:35.309 -112632.589593301251 -301903.279834917805 -172291.722130010050 0.34864984749629 0.51533901861038 0.22510403916901
2026-04-08T01:23:35.309 -112548.874274078349 -301779.536110731424 -172237.659634365496 0.34897774061720 0.51585882222129 0.22541683083424
2026-04-08T01:27:35.309 -112465.080312233651 -301655.667533436732 -172183.522016186005 0.34930520337862 0.51637946101893 0.22573006029471
2026-04-08T01:31:35.309 -112381.207810550492 -301531.673902703624 -172129.309170399531 0.34963223996525 0.51690093405122 0.22604372756169
2026-04-08T01:35:35.309 -112297.256870812547 -301407.555018427898 -172075.020991930331 0.34995885452296 0.51742324038769 0.22635783265477
2026-04-08T01:39:35.309 -112213.227593813077 -301283.310680726019 -172020.657375696959 0.35028505115931 0.51794637911934 0.22667237560178
2026-04-08T01:43:35.309 -112129.120079364104 -301158.940689930110 -171966.218216610316 0.35061083394397 0.51847034935843 0.22698735643880
2026-04-08T01:47:35.309 -112044.934426305423 -301034.444846582774 -171911.703409571637 0.35093620690925 0.51899515023835 0.22730277521004
2026-04-08T01:51:35.309 -111960.670732513492 -300909.822951432143 -171857.112849470606 0.35126117405055 0.51952078091341 0.22761863196786
2026-04-08T01:55:35.309 -111876.329094910267 -300785.074805426761 -171802.446431183344 0.35158573932681 0.52004724055871 0.22793492677268
2026-04-08T01:59:35.309 -111791.909609471899 -300660.200209710747 -171747.704049570515 0.35190990666097 0.52057452836996 0.22825165969295
2026-04-08T02:03:35.309 -111707.412371237297 -300535.198965618678 -171692.885599475412 0.35223367994041 0.52110264356332 0.22856883080508
2026-04-08T02:07:35.309 -111622.837474316606 -300410.070874670928 -171637.990975722001 0.35255706301740 0.52163158537522 0.22888644019344
2026-04-08T02:11:35.309 -111538.185011899637 -300284.815738568606 -171583.020073113090 0.35288005970953 0.52216135306224 0.22920448795029
2026-04-08T02:15:35.309 -111453.455076264057 -300159.433359188959 -171527.972786428378 0.35320267380014 0.52269194590095 0.22952297417573
2026-04-08T02:19:35.309 -111368.647758783642 -300033.923538580362 -171472.849010422622 0.35352490903870 0.52322336318771 0.22984189897766
2026-04-08T02:23:35.309 -111283.763149936276 -299908.286078957783 -171417.648639823747 0.35384676914132 0.52375560423859 0.23016126247177
2026-04-08T02:27:35.309 -111198.801339311962 -299782.520782697946 -171362.371569330950 0.35416825779105 0.52428866838917 0.23048106478144
2026-04-08T02:31:35.309 -111113.762415620688 -299656.627452334680 -171307.017693612928 0.35448937863835 0.52482255499439 0.23080130603776
2026-04-08T02:35:35.309 -111028.646466700200 -299530.605890554376 -171251.586907306017 0.35481013530148 0.52535726342847 0.23112198637944
2026-04-08T02:39:35.309 -110943.453579523703 -299404.455900191271 -171196.079105012293 0.35513053136687 0.52589279308468 0.23144310595280
2026-04-08T02:43:35.309 -110858.183840207435 -299278.177284223028 -171140.494181297836 0.35545057038952 0.52642914337526 0.23176466491172
2026-04-08T02:47:35.309 -110772.837334018157 -299151.769845765957 -171084.832030690915 0.35577025589339 0.52696631373127 0.23208666341761
2026-04-08T02:51:35.309 -110687.414145380579 -299025.233388070832 -171029.092547680135 0.35608959137174 0.52750430360243 0.23240910163937
2026-04-08T02:55:35.309 -110601.914357884656 -298898.567714518169 -170973.275626712653 0.35640858028754 0.52804311245702 0.23273197975335
2026-04-08T02:59:35.309 -110516.338054292850 -298771.772628613922 -170917.381162192469 0.35672722607383 0.52858273978173 0.23305529794329
2026-04-08T03:03:35.309 -110430.685316547228 -298644.847933985002 -170861.409048478527 0.35704553213404 0.52912318508150 0.23337905640035
2026-04-08T03:07:35.309 -110344.956225776579 -298517.793434375024 -170805.359179883060 0.35736350184240 0.52966444787945 0.23370325532299
2026-04-08T03:11:35.309 -110259.150862303330 -298390.608933639771 -170749.231450669788 0.35768113854424 0.53020652771673 0.23402789491700
2026-04-08T03:15:35.309 -110173.269305650450 -298263.294235743175 -170693.025755052164 0.35799844555638 0.53074942415235 0.23435297539545
2026-04-08T03:19:35.309 -110087.311634548285 -298135.849144752719 -170636.741987191606 0.35831542616743 0.53129313676313 0.23467849697863
2026-04-08T03:23:35.309 -110001.277926941242 -298008.273464835365 -170580.380041195836 0.35863208363816 0.53183766514353 0.23500445989405
2026-04-08T03:27:35.309 -109915.168259994462 -297880.567000253359 -170523.939811117103 0.35894842120178 0.53238300890554 0.23533086437639
2026-04-08T03:31:35.309 -109828.982710100390 -297752.729555359867 -170467.421190950467 0.35926444206435 0.53292916767855 0.23565771066747
2026-04-08T03:35:35.309 -109742.721352885244 -297624.760934595077 -170410.824074632110 0.35958014940502 0.53347614110928 0.23598499901622
2026-04-08T03:39:35.309 -109656.384263215456 -297496.660942481773 -170354.148356037593 0.35989554637636 0.53402392886161 0.23631272967867
2026-04-08T03:43:35.309 -109569.971515203957 -297368.429383621376 -170297.393928980222 0.36021063610475 0.53457253061649 0.23664090291787
2026-04-08T03:47:35.309 -109483.483182216514 -297240.066062689875 -170240.560687209276 0.36052542169057 0.53512194607183 0.23696951900391
2026-04-08T03:51:35.309 -109396.919336877851 -297111.570784433745 -170183.648524408432 0.36083990620859 0.53567217494239 0.23729857821386
2026-04-08T03:55:35.309 -109310.280051077789 -296982.943353665876 -170126.657334193995 0.36115409270827 0.53622321695966 0.23762808083176
2026-04-08T03:59:35.309 -109223.565395977334 -296854.183575261559 -170069.587010113290 0.36146798421398 0.53677507187177 0.23795802714858
2026-04-08T04:03:35.309 -109136.775442014565 -296725.291254154698 -170012.437445642950 0.36178158372538 0.53732773944338 0.23828841746218
2026-04-08T04:07:35.309 -109049.910258910619 -296596.266195333563 -169955.208534187317 0.36209489421766 0.53788121945555 0.23861925207733
2026-04-08T04:11:35.309 -108962.969915675480 -296467.108203837066 -169897.900169076776 0.36240791864183 0.53843551170568 0.23895053130563
2026-04-08T04:15:35.309 -108875.954480613756 -296337.817084750743 -169840.512243566103 0.36272065992503 0.53899061600738 0.23928225546550
2026-04-08T04:19:35.309 -108788.864021330402 -296208.392643203028 -169783.044650832802 0.36303312097075 0.53954653219038 0.23961442488218
2026-04-08T04:23:35.309 -108701.698604736317 -296078.834684361238 -169725.497283975565 0.36334530465917 0.54010326010044 0.23994703988767
2026-04-08T04:27:35.309 -108614.458297053949 -295949.143013427791 -169667.870036012551 0.36365721384736 0.54066079959924 0.24028010082073
2026-04-08T04:31:35.309 -108527.143163822795 -295819.317435636360 -169610.162799879792 0.36396885136962 0.54121915056427 0.24061360802681
2026-04-08T04:35:35.309 -108439.753269904817 -295689.357756248210 -169552.375468429673 0.36428022003767 0.54177831288878 0.24094756185812
2026-04-08T04:38:43.815 -108368.472068000003 -295586.318688000028 -169509.728896999994 0.36458429400000 0.54225902200000 0.24113529700000
2026-04-08T04:42:43.815 -108280.934525009579 -295456.109266369895 -169451.816263451095 0.36489518716179 0.54281962677971 0.24147005715990
2026-04-08T04:46:43.815 -108193.322399056648 -295325.765202254406 -169393.823233747156 0.36520581914416 0.54338104270185 0.24180526502115
2026-04-08T04:50:43.815 -108105.635752496397 -295195.286300985492 -169335.749700394663 0.36551619267576 0.54394326971847 0.24214092096115
2026-04-08T04:54:43.815 -108017.874647031713 -295064.672367904626 -169277.595555808803 0.36582631046391 0.54450630779693 0.24247702536388
2026-04-08T04:58:43.815 -107930.039143718255 -294933.923208359454 -169219.360692311748 0.36613617519482 0.54507015691981 0.24281357861991
2026-04-08T05:02:43.815 -107842.129302969508 -294803.038627699832 -169161.045002131228 0.36644578953384 0.54563481708480 0.24315058112634
2026-04-08T05:06:43.815 -107754.145184561741 -294672.018431274395 -169102.648377398815 0.36675515612572 0.54620028830467 0.24348803328683
2026-04-08T05:10:43.815 -107666.086847638944 -294540.862424427003 -169044.170710148435 0.36706427759481 0.54676657060715 0.24382593551153
2026-04-08T05:14:43.815 -107577.954350717671 -294409.570412492962 -168985.611892314831 0.36737315654531 0.54733366403484 0.24416428821708
2026-04-08T05:18:43.815 -107489.747751691888 -294278.142200795701 -168926.971815731929 0.36768179556151 0.54790156864516 0.24450309182660
2026-04-08T05:22:43.815 -107401.467107837685 -294146.577594642935 -168868.250372131384 0.36799019720795 0.54847028451026 0.24484234676967
2026-04-08T05:26:43.815 -107313.112475817994 -294014.876399323461 -168809.447453140951 0.36829836402975 0.54903981171694 0.24518205348228
2026-04-08T05:30:43.815 -107224.683911687258 -293883.038420103432 -168750.562950282969 0.36860629855273 0.54961015036657 0.24552221240687
2026-04-08T05:34:43.815 -107136.181470896001 -293751.063462222868 -168691.596754972823 0.36891400328367 0.55018130057504 0.24586282399226
2026-04-08T05:38:43.815 -107047.605208295383 -293618.951330892334 -168632.548758517427 0.36922148071052 0.55075326247264 0.24620388869364
2026-04-08T05:42:43.815 -106958.955178141681 -293486.701831289334 -168573.418852113682 0.36952873330262 0.55132603620403 0.24654540697260
2026-04-08T05:47:24.034 -106855.355975270591 -293332.115983193915 -168504.276210064010 0.36988719379014 0.55199582239488 0.24694473118690
2026-04-08T05:51:24.034 -106766.546231558488 -293199.568057983823 -168444.968383308908 0.37019396742139 0.55257035640390 0.24728723424553
2026-04-08T05:55:24.034 -106677.662888278966 -293066.882147129218 -168385.578301219648 0.37050052391911 0.55314570279888 0.24763019238562
2026-04-08T05:59:24.034 -106588.705997256446 -292934.058055633272 -168326.105854518275 0.37080686567724 0.55372186178354 0.24797360609509
2026-04-08T06:03:24.034 -106499.675609742902 -292801.095588448574 -168266.550933808932 0.37111299507215 0.55429883357561 0.24831747586817
2026-04-08T06:07:24.034 -106410.571776422104 -292667.994550473872 -168206.913429576438 0.37141891446280 0.55487661840674 0.24866180220532
2026-04-08T06:11:24.034 -106321.394547413714 -292534.754746550578 -168147.193232184742 0.37172462619099 0.55545521652246 0.24900658561328
2026-04-08T06:15:24.034 -106232.143972277408 -292401.375981459569 -168087.390231875383 0.37203013258151 0.55603462818210 0.24935182660504
2026-04-08T06:19:24.034 -106142.820100016921 -292267.858059917809 -168027.504318766092 0.37233543594233 0.55661485365873 0.24969752569979
2026-04-08T06:23:24.034 -106053.422979084105 -292134.200786575093 -167967.535382849223 0.37264053856482 0.55719589323910 0.25004368342298
2026-04-08T06:27:24.034 -105963.952657382833 -292000.403966010723 -167907.483313990291 0.37294544272389 0.55777774722359 0.25039030030621
2026-04-08T06:31:24.034 -105874.409182272968 -291866.467402730370 -167847.348001926439 0.37325015067817 0.55836041592612 0.25073737688732
2026-04-08T06:35:24.034 -105784.792600574234 -291732.390901162580 -167787.129336265032 0.37355466467025 0.55894389967413 0.25108491371029
2026-04-08T06:39:24.034 -105695.102958570045 -291598.174265655864 -167726.827206482150 0.37385898692678 0.55952819880850 0.25143291132531
2026-04-08T06:43:24.034 -105605.340302011304 -291463.817300475261 -167666.441501921043 0.37416311965868 0.56011331368349 0.25178137028868
2026-04-08T06:47:24.034 -105515.504676120181 -291329.319809799141 -167605.972111790732 0.37446706506131 0.56069924466671 0.25213029116289
2026-04-08T06:51:24.034 -105425.596125593787 -291194.681597716117 -167545.418925164529 0.37477082531465 0.56128599213902 0.25247967451653
2026-04-08T06:55:24.034 -105335.614694607881 -291059.902468221786 -167484.781830978493 0.37507440258345 0.56187355649453 0.25282952092433
2026-04-08T06:59:24.034 -105245.560426820492 -290924.982225215528 -167424.060718030058 0.37537779901738 0.56246193814052 0.25317983096715
2026-04-08T07:03:24.034 -105155.433365375517 -290789.920672497479 -167363.255474976526 0.37568101675124 0.56305113749737 0.25353060523193
2026-04-08T07:07:24.034 -105065.233552906269 -290654.717613765271 -167302.365990333550 0.37598405790509 0.56364115499855 0.25388184431172
2026-04-08T07:11:24.034 -104974.961031539002 -290519.372852610948 -167241.392152473767 0.37628692458441 0.56423199109053 0.25423354880566
2026-04-08T07:15:24.034 -104884.615842896397 -290383.886192517821 -167180.333849625284 0.37658961888026 0.56482364623278 0.25458571931896
2026-04-08T07:19:24.034 -104794.198028100975 -290248.257436857442 -167119.190969870222 0.37689214286946 0.56541612089766 0.25493835646291
2026-04-08T07:23:24.034 -104703.707627778538 -290112.486388886347 -167057.963401143264 0.37719449861471 0.56600941557043 0.25529146085487
2026-04-08T07:27:24.034 -104613.144682061495 -289976.572851743200 -166996.651031230198 0.37749668816475 0.56660353074916 0.25564503311824
2026-04-08T07:31:24.034 -104522.509230592244 -289840.516628445475 -166935.253747766459 0.37779871355451 0.56719846694470 0.25599907388249
2026-04-08T07:35:24.034 -104431.801312526411 -289704.317521886551 -166873.771438235708 0.37810057680529 0.56779422468067 0.25635358378310
2026-04-08T07:39:24.034 -104341.020966536162 -289567.975334832619 -166812.203989968344 0.37840227992486 0.56839080449335 0.25670856346161
2026-04-08T07:43:24.034 -104250.168230813390 -289431.489869919722 -166750.551290140109 0.37870382490763 0.56898820693170 0.25706401356560
2026-04-08T07:47:24.034 -104159.243143072919 -289294.860929650487 -166688.813225770544 0.37900521373479 0.56958643255726 0.25741993474864
2026-04-08T07:51:24.034 -104068.245740555663 -289158.088316391339 -166626.989683721680 0.37930644837445 0.57018548194416 0.25777632767035
2026-04-08T07:55:24.034 -103977.176060031736 -289021.171832369466 -166565.080550696468 0.37960753078179 0.57078535567905 0.25813319299634
2026-04-08T07:59:24.034 -103886.034137803566 -288884.111279669683 -166503.085713237379 0.37990846289916 0.57138605436108 0.25849053139823
2026-04-08T08:03:24.034 -103794.820009708928 -288746.906460231519 -166441.005057725037 0.38020924665629 0.57198757860184 0.25884834355367
2026-04-08T08:07:24.034 -103703.533711123964 -288609.557175846247 -166378.838470376650 0.38050988397033 0.57258992902533 0.25920663014628
2026-04-08T08:11:24.034 -103612.175276966198 -288472.063228153856 -166316.585837244696 0.38081037674608 0.57319310626792 0.25956539186567
2026-04-08T08:15:24.034 -103520.744741697476 -288334.424418640207 -166254.247044215357 0.38111072687603 0.57379711097833 0.25992462940747
2026-04-08T08:19:24.034 -103429.242139326903 -288196.640548633935 -166191.821977007203 0.38141093624058 0.57440194381757 0.26028434347328
2026-04-08T08:23:24.034 -103337.667503413730 -288058.711419303610 -166129.310521169682 0.38171100670808 0.57500760545895 0.26064453477068
2026-04-08T08:27:24.034 -103246.020867070227 -287920.636831654643 -166066.712562081695 0.38201094013505 0.57561409658796 0.26100520401325
2026-04-08T08:31:24.034 -103154.302262964527 -287782.416586526553 -166004.027984950168 0.38231073836622 0.57622141790233 0.26136635192051
2026-04-08T08:35:24.034 -103062.511723323420 -287644.050484589941 -165941.256674808654 0.38261040323469 0.57682957011195 0.26172797921801
2026-04-08T08:39:24.034 -102970.649279935125 -287505.538326343463 -165878.398516515823 0.38290993656210 0.57743855393883 0.26209008663723
2026-04-08T08:43:24.034 -102878.714964152052 -287366.879912111210 -165815.453394754062 0.38320934015865 0.57804837011710 0.26245267491565
2026-04-08T08:47:24.034 -102786.708806893497 -287228.075042039505 -165752.421194028109 0.38350861582330 0.57865901939296 0.26281574479670
2026-04-08T08:51:24.034 -102694.630838648358 -287089.123516094172 -165689.301798663510 0.38380776534388 0.57927050252465 0.26317929702980
2026-04-08T08:55:24.034 -102602.481089477777 -286950.025134057621 -165626.095092805248 0.38410679049718 0.57988282028244 0.26354333237033
2026-04-08T08:59:24.034 -102510.259589017791 -286810.779695525940 -165562.800960416265 0.38440569304906 0.58049597344855 0.26390785157963
2026-04-08T09:03:24.034 -102417.966366481909 -286671.386999906099 -165499.419285276148 0.38470447475462 0.58110996281721 0.26427285542504
2026-04-08T09:07:24.034 -102325.601450663700 -286531.846846412984 -165435.949950979528 0.38500313735824 0.58172478919455 0.26463834467982
2026-04-08T09:11:24.034 -102233.164869939370 -286392.159034066601 -165372.392840934772 0.38530168259376 0.58234045339860 0.26500432012324
2026-04-08T09:15:24.034 -102140.656652270249 -286252.323361689167 -165308.747838362498 0.38560011218454 0.58295695625930 0.26537078254053
2026-04-08T09:19:24.034 -102048.076825205309 -286112.339627902315 -165245.014826294151 0.38589842784359 0.58357429861842 0.26573773272287
2026-04-08T09:23:24.034 -101955.425415883627 -285972.207631124184 -165181.193687570572 0.38619663127368 0.58419248132958 0.26610517146743
2026-04-08T09:27:24.034 -101862.702451036821 -285831.927169566741 -165117.284304840578 0.38649472416747 0.58481150525819 0.26647309957736
2026-04-08T09:31:24.034 -101769.907956991505 -285691.498041232699 -165053.286560559500 0.38679270820754 0.58543137128146 0.26684151786175
2026-04-08T09:35:24.034 -101677.041959671653 -285550.920043912949 -164989.200336987793 0.38709058506660 0.58605208028837 0.26721042713571
2026-04-08T09:39:24.034 -101584.104484600961 -285410.192975183541 -164925.025516189547 0.38738835640749 0.58667363317961 0.26757982822029
2026-04-08T09:43:24.034 -101491.095556905231 -285269.316632403003 -164860.761980031064 0.38768602388337 0.58729603086764 0.26794972194255
2026-04-08T09:47:24.034 -101398.015201314643 -285128.290812709427 -164796.409610179486 0.38798358913777 0.58791927427657 0.26832010913551
2026-04-08T09:51:24.034 -101304.863442166083 -284987.115313017741 -164731.968288101256 0.38828105380469 0.58854336434223 0.26869099063819
2026-04-08T09:55:24.034 -101211.640303405395 -284845.789930016850 -164667.437895060779 0.38857841950874 0.58916830201210 0.26906236729560
2026-04-08T09:59:24.034 -101118.345808589671 -284704.314460166905 -164602.818312118907 0.38887568786518 0.58979408824530 0.26943423995874
2026-04-08T10:03:24.034 -101024.979980889417 -284562.688699696446 -164538.109420131572 0.38917286048008 0.59042072401258 0.26980660948461
2026-04-08T10:07:24.034 -100931.542843090778 -284420.912444599613 -164473.311099748244 0.38946993895035 0.59104821029630 0.27017947673620
2026-04-08T10:11:24.034 -100838.034417597752 -284278.985490633408 -164408.423231410619 0.38976692486389 0.59167654809041 0.27055284258251
2026-04-08T10:15:24.034 -100744.454726434298 -284136.907633314957 -164343.445695351082 0.39006381979966 0.59230573840045 0.27092670789855
2026-04-08T10:19:24.034 -100650.803791246493 -283994.678667918604 -164278.378371591272 0.39036062532777 0.59293578224352 0.27130107356536
2026-04-08T10:23:24.034 -100557.081633304639 -283852.298389473173 -164213.221139940695 0.39065734300958 0.59356668064826 0.27167594046998
2026-04-08T10:27:24.034 -100463.288273505357 -283709.766592759290 -164147.973879995232 0.39095397439777 0.59419843465484 0.27205130950549
2026-04-08T10:31:24.034 -100369.423732373645 -283567.083072306588 -164082.636471135687 0.39125052103649 0.59483104531497 0.27242718157097
2026-04-08T10:35:24.034 -100275.488030064924 -283424.247622390802 -164017.208792526362 0.39154698446136 0.59546451369185 0.27280355757158
2026-04-08T10:39:24.034 -100181.481186367091 -283281.260037031199 -163951.690723113628 0.39184336619962 0.59609884086019 0.27318043841849
2026-04-08T10:43:24.034 -100087.403220702487 -283138.120109987736 -163886.082141624414 0.39213966777022 0.59673402790619 0.27355782502893
2026-04-08T10:47:24.034 -99993.254152129914 -282994.827634758258 -163820.382926564809 0.39243589068386 0.59737007592749 0.27393571832618
2026-04-08T10:51:24.034 -99899.033999346560 -282851.382404575823 -163754.592956218577 0.39273203644312 0.59800698603324 0.27431411923961
2026-04-08T10:55:24.034 -99804.742780689980 -282707.784212405910 -163688.712108645705 0.39302810654251 0.59864475934401 0.27469302870461
2026-04-08T10:59:24.034 -99710.380514139993 -282564.032850943739 -163622.740261680941 0.39332410246859 0.59928339699183 0.27507244766269
2026-04-08T11:03:24.034 -99615.947217320601 -282420.128112611419 -163556.677292932378 0.39362002570001 0.59992290012016 0.27545237706143
2026-04-08T11:07:24.034 -99521.442907501871 -282276.069789555273 -163490.523079779930 0.39391587770764 0.60056326988389 0.27583281785449
2026-04-08T11:11:24.034 -99426.867601601771 -282131.857673643040 -163424.277499373915 0.39421165995459 0.60120450744933 0.27621377100164
2026-04-08T11:15:24.034 -99332.221316188065 -281987.491556461260 -163357.940428633563 0.39450737389635 0.60184661399421 0.27659523746877
2026-04-08T11:19:24.034 -99237.504067480084 -281842.971229312359 -163291.511744245567 0.39480302098085 0.60248959070766 0.27697721822788
2026-04-08T11:23:24.034 -99142.715871350578 -281698.296483212092 -163224.991322662594 0.39509860264850 0.60313343879022 0.27735971425708
2026-04-08T11:27:24.034 -99047.856743327487 -281553.467108886631 -163158.379040101834 0.39539412033231 0.60377815945381 0.27774272654064
2026-04-08T11:31:24.034 -98952.926698595693 -281408.482896769943 -163091.674772543513 0.39568957545799 0.60442375392177 0.27812625606896
2026-04-08T11:35:24.034 -98857.925751998802 -281263.343637001060 -163024.878395729436 0.39598496944393 0.60507022342878 0.27851030383859
2026-04-08T11:39:24.034 -98762.853918040855 -281118.049119421339 -162957.989785161481 0.39628030370139 0.60571756922097 0.27889487085228
2026-04-08T11:43:24.034 -98667.711210888054 -280972.599133571610 -162891.008816100133 0.39657557963449 0.60636579255578 0.27927995811890
2026-04-08T11:47:24.034 -98572.497644370465 -280826.993468689674 -162823.935363562981 0.39687079864032 0.60701489470210 0.27966556665355
2026-04-08T11:51:24.034 -98477.213231983667 -280681.231913707335 -162756.769302323286 0.39716596210901 0.60766487694013 0.28005169747750
2026-04-08T11:55:24.034 -98381.857986890449 -280535.314257247781 -162689.510506908438 0.39746107142379 0.60831574056149 0.28043835161824
2026-04-08T11:59:24.034 -98286.431921922442 -280389.240287622903 -162622.158851598506 0.39775612796109 0.60896748686916 0.28082553010947
2026-04-08T12:03:24.034 -98190.935049581734 -280243.009792830562 -162554.714210424689 0.39805113309056 0.60962011717749 0.28121323399112
2026-04-08T12:07:24.034 -98095.367382042532 -280096.622560551681 -162487.176457167865 0.39834608817519 0.61027363281221 0.28160146430936
2026-04-08T12:11:24.034 -97999.728931152698 -279950.078378147678 -162419.545465357078 0.39864099457136 0.61092803511042 0.28199022211662
2026-04-08T12:15:24.034 -97904.019708435357 -279803.377032657736 -162351.821108268079 0.39893585362888 0.61158332542060 0.28237950847158
2026-04-08T12:19:24.034 -97808.239725090447 -279656.518310796062 -162284.003258921730 0.39923066669113 0.61223950510262 0.28276932443922
2026-04-08T12:23:24.034 -97712.388991996268 -279509.501998949097 -162216.091790082573 0.39952543509504 0.61289657552770 0.28315967109078
2026-04-08T12:27:24.034 -97616.467519711034 -279362.327883172780 -162148.086574257264 0.39982016017121 0.61355453807847 0.28355054950383
2026-04-08T12:31:24.034 -97520.475318474346 -279214.995749189926 -162079.987483693112 0.40011484324398 0.61421339414893 0.28394196076223
2026-04-08T12:35:24.034 -97424.412398208733 -279067.505382387317 -162011.794390376570 0.40040948563146 0.61487314514449 0.28433390595619
2026-04-08T12:39:24.034 -97328.278768521093 -278919.856567813200 -161943.507166031603 0.40070408864562 0.61553379248192 0.28472638618225
2026-04-08T12:43:24.034 -97232.074438704207 -278772.049090174376 -161875.125682118291 0.40099865359234 0.61619533758944 0.28511940254332
2026-04-08T12:47:24.034 -97135.799417738162 -278624.082733833522 -161806.649809831259 0.40129318177149 0.61685778190661 0.28551295614866
2026-04-08T12:51:24.034 -97039.453714291783 -278475.957282806397 -161738.079420098133 0.40158767447697 0.61752112688447 0.28590704811392
2026-04-08T12:55:24.034 -96943.037336724068 -278327.672520759166 -161669.414383578027 0.40188213299679 0.61818537398542 0.28630167956117
2026-04-08T12:59:24.034 -96846.550293085587 -278179.228231005662 -161600.654570659943 0.40217655861312 0.61885052468332 0.28669685161887
2026-04-08T13:03:24.034 -96749.992591119910 -278030.624196504592 -161531.799851461343 0.40247095260238 0.61951658046344 0.28709256542192
2026-04-08T13:07:24.034 -96653.364238264941 -277881.860199856921 -161462.850095826492 0.40276531623523 0.62018354282250 0.28748882211165
2026-04-08T13:11:24.034 -96556.665241654293 -277732.936023302900 -161393.805173325003 0.40305965077671 0.62085141326867 0.28788562283588
2026-04-08T13:15:24.034 -96459.895608118662 -277583.851448719448 -161324.664953250205 0.40335395748626 0.62152019332157 0.28828296874888
2026-04-08T13:19:24.034 -96363.055344187116 -277434.606257617532 -161255.429304617603 0.40364823761777 0.62218988451228 0.28868086101141
2026-04-08T13:23:24.034 -96266.144456088485 -277285.200231139141 -161186.098096163390 0.40394249241965 0.62286048838337 0.28907930079076
2026-04-08T13:27:24.034 -96169.162949752601 -277135.633150054782 -161116.671196342795 0.40423672313490 0.62353200648890 0.28947828926072
2026-04-08T13:31:24.034 -96072.110830811638 -276985.904794760514 -161047.148473328562 0.40453093100113 0.62420444039440 0.28987782760164
2026-04-08T13:35:24.034 -95974.988104601376 -276836.014945275325 -160977.529795009381 0.40482511725067 0.62487779167693 0.29027791700043
2026-04-08T13:39:24.034 -95877.794776162467 -276685.963381238340 -160907.815028988261 0.40511928311057 0.62555206192507 0.29067855865056
2026-04-08T13:43:24.034 -95780.530850241703 -276535.749881906027 -160838.004042581015 0.40541342980270 0.62622725273892 0.29107975375209
2026-04-08T13:47:24.034 -95683.196331293249 -276385.374226149463 -160768.096702814626 0.40570755854375 0.62690336573015 0.29148150351172
2026-04-08T13:51:24.034 -95585.791223479857 -276234.836192451534 -160698.092876425682 0.40600167054536 0.62758040252195 0.29188380914276
2026-04-08T13:55:24.034 -95488.315530674095 -276084.135558904149 -160627.992429858801 0.40629576701411 0.62825836474913 0.29228667186516
2026-04-08T13:59:24.034 -95390.769256459578 -275933.272103205440 -160557.795229264972 0.40658984915159 0.62893725405805 0.29269009290555
2026-04-08T14:03:24.034 -95293.152404132095 -275782.245602657145 -160487.501140500040 0.40688391815446 0.62961707210669 0.29309407349724
2026-04-08T14:07:24.034 -95195.464976700852 -275631.055834161525 -160417.110029123025 0.40717797521451 0.63029782056463 0.29349861488024
2026-04-08T14:11:24.034 -95097.706976889589 -275479.702574218914 -160346.621760394512 0.40747202151869 0.63097950111310 0.29390371830129
2026-04-08T14:15:24.034 -94999.878407137759 -275328.185598924640 -160276.036199275113 0.40776605824917 0.63166211544499 0.29430938501388
2026-04-08T14:19:24.034 -94901.979269601667 -275176.504683966341 -160205.353210423753 0.40806008658340 0.63234566526482 0.29471561627824
2026-04-08T14:23:24.034 -94804.009566155597 -275024.659604621236 -160134.572658196092 0.40835410769413 0.63303015228882 0.29512241336139
2026-04-08T14:27:24.034 -94705.969298392898 -274872.650135753211 -160063.694406642899 0.40864812274951 0.63371557824491 0.29552977753717
2026-04-08T14:31:24.034 -94607.858467627157 -274720.476051810023 -159992.718319508393 0.40894213291310 0.63440194487275 0.29593771008623
2026-04-08T14:35:24.034 -94509.677074893218 -274568.137126820511 -159921.644260228641 0.40923613934391 0.63508925392370 0.29634621229607
2026-04-08T14:39:24.034 -94411.425120948319 -274415.633134391799 -159850.472091929871 0.40953014319649 0.63577750716090 0.29675528546104
2026-04-08T14:43:24.034 -94313.102606273140 -274262.963847706444 -159779.201677426841 0.40982414562094 0.63646670635928 0.29716493088240
2026-04-08T14:47:24.034 -94214.709531072847 -274110.129039519583 -159707.832879221183 0.41011814776299 0.63715685330555 0.29757514986830
2026-04-08T14:51:24.034 -94116.245895278174 -273957.128482156142 -159636.365559499711 0.41041215076400 0.63784794979822 0.29798594373383
2026-04-08T14:55:24.034 -94017.711698546438 -273803.961947507923 -159564.799580132822 0.41070615576106 0.63853999764767 0.29839731380103
2026-04-08T14:59:24.034 -93919.106940262558 -273650.629207030928 -159493.134802672779 0.41100016388699 0.63923299867613 0.29880926139891
2026-04-08T15:03:24.034 -93820.431619540075 -273497.130031742330 -159421.371088352025 0.41129417627043 0.63992695471770 0.29922178786348
2026-04-08T15:07:24.034 -93721.685735222185 -273343.464192217740 -159349.508298081550 0.41158819403585 0.64062186761840 0.29963489453778
2026-04-08T15:11:24.034 -93622.869285882669 -273189.631458588177 -159277.546292449144 0.41188221830360 0.64131773923617 0.30004858277188
2026-04-08T15:15:24.034 -93523.982269826956 -273035.631600537454 -159205.484931717714 0.41217625018996 0.64201457144090 0.30046285392293
2026-04-08T15:19:24.034 -93425.024685093013 -272881.464387299086 -159133.324075823650 0.41247029080719 0.64271236611447 0.30087770935515
2026-04-08T15:23:24.034 -93325.996529452357 -272727.129587653559 -159061.063584375050 0.41276434126359 0.64341112515073 0.30129315043990
2026-04-08T15:27:24.034 -93226.897800410996 -272572.626969925303 -158988.703316650033 0.41305840266347 0.64411085045557 0.30170917855565
2026-04-08T15:31:24.034 -93127.728495210366 -272417.956301980012 -158916.243131595023 0.41335247610730 0.64481154394695 0.30212579508807
2026-04-08T15:35:24.034 -93028.488610828252 -272263.117351221503 -158843.682887823030 0.41364656269165 0.64551320755487 0.30254300142998
2026-04-08T15:39:24.034 -92929.178143979705 -272108.109884589037 -158771.022443611902 0.41394066350930 0.64621584322145 0.30296079898143
2026-04-08T15:43:24.034 -92829.797091117987 -271952.933668554237 -158698.261656902614 0.41423477964927 0.64691945290095 0.30337918914972
2026-04-08T15:47:24.034 -92730.345448435430 -271797.588469118287 -158625.400385297544 0.41452891219684 0.64762403855976 0.30379817334940
2026-04-08T15:51:24.034 -92630.823211864350 -271642.074051808973 -158552.438486058672 0.41482306223358 0.64832960217648 0.30421775300230
2026-04-08T15:55:24.034 -92531.230377077925 -271486.390181677707 -158479.375816105865 0.41511723083746 0.64903614574190 0.30463792953758
2026-04-08T15:59:24.034 -92431.566939491051 -271330.536623296735 -158406.212232015125 0.41541141908280 0.64974367125907 0.30505870439175
2026-04-08T16:03:24.034 -92331.832894261199 -271174.513140755997 -158332.947590016818 0.41570562804038 0.65045218074330 0.30548007900867
2026-04-08T16:07:24.034 -92232.028236289305 -271018.319497660385 -158259.581745993870 0.41599985877743 0.65116167622220 0.30590205483960
2026-04-08T16:11:24.034 -92132.152960220570 -270861.955457126605 -158186.114555480017 0.41629411235771 0.65187215973571 0.30632463334323
2026-04-08T16:15:24.034 -92032.207060445318 -270705.420781780325 -158112.545873658033 0.41658838984153 0.65258363333614 0.30674781598570
2026-04-08T16:19:24.034 -91932.190531099797 -270548.715233753144 -158038.875555357896 0.41688269228578 0.65329609908819 0.30717160424061
2026-04-08T16:23:24.034 -91832.103366067022 -270391.838574679685 -157965.103455055068 0.41717702074397 0.65400955906897 0.30759599958910
2026-04-08T16:27:24.034 -91731.945558977546 -270234.790565694566 -157891.229426868580 0.41747137626629 0.65472401536807 0.30802100351981
2026-04-08T16:31:24.034 -91631.717103210307 -270077.570967429376 -157817.253324559308 0.41776575989963 0.65543947008754 0.30844661752897
2026-04-08T16:35:24.034 -91531.417991893351 -269920.179540009762 -157743.175001528114 0.41806017268761 0.65615592534198 0.30887284312037
2026-04-08T16:39:24.034 -91431.048217904652 -269762.616043052287 -157668.994310814043 0.41835461567063 0.65687338325853 0.30929968180546
2026-04-08T16:43:24.034 -91330.607773872864 -269604.880235661520 -157594.711105092487 0.41864908988590 0.65759184597692 0.30972713510331
2026-04-08T16:47:24.034 -91230.096652178108 -269446.971876427007 -157520.325236673321 0.41894359636750 0.65831131564951 0.31015520454067
2026-04-08T16:51:24.034 -91129.514844952675 -269288.890723420249 -157445.836557499075 0.41923813614636 0.65903179444132 0.31058389165203
2026-04-08T16:55:24.034 -91028.862344081834 -269130.636534191493 -157371.244919143064 0.41953271025035 0.65975328453006 0.31101319797959
2026-04-08T16:59:24.034 -90928.139141204505 -268972.209065766889 -157296.550172807591 0.41982731970431 0.66047578810617 0.31144312507333
2026-04-08T17:03:24.034 -90827.345227714017 -268813.608074645337 -157221.752169321961 0.42012196553003 0.66119930737287 0.31187367449104
2026-04-08T17:07:24.034 -90726.480594758832 -268654.833316795412 -157146.850759140740 0.42041664874638 0.66192384454617 0.31230484779833
2026-04-08T17:11:24.034 -90625.545233243232 -268495.884547652386 -157071.845792341745 0.42071137036924 0.66264940185494 0.31273664656868
2026-04-08T17:15:24.034 -90524.539133828031 -268336.761522114917 -156996.737118624238 0.42100613141161 0.66337598154092 0.31316907238347
2026-04-08T17:19:24.034 -90423.462286931288 -268177.463994542195 -156921.524587307009 0.42130093288361 0.66410358585876 0.31360212683201
2026-04-08T17:23:24.034 -90322.314682728946 -268017.991718750738 -156846.208047326421 0.42159577579253 0.66483221707608 0.31403581151155
2026-04-08T17:27:24.034 -90221.096311155561 -267858.344448011252 -156770.787347234582 0.42189066114285 0.66556187747350 0.31447012802736
2026-04-08T17:31:24.034 -90119.807161904930 -267698.521935045545 -156695.262335197360 0.42218558993628 0.66629256934468 0.31490507799273
2026-04-08T17:35:24.034 -90018.447224430769 -267538.523932023381 -156619.632858992438 0.42248056317179 0.66702429499634 0.31534066302899
2026-04-08T17:39:24.034 -89917.016487947389 -267378.350190559286 -156543.898766007449 0.42277558184563 0.66775705674835 0.31577688476559
2026-04-08T17:43:24.034 -89815.514941430301 -267218.000461709511 -156468.059903237969 0.42307064695141 0.66849085693372 0.31621374484008
2026-04-08T17:47:24.034 -89713.942573616878 -267057.474495968781 -156392.116117285565 0.42336575948006 0.66922569789867 0.31665124489820
2026-04-08T17:51:24.034 -89612.299373006972 -266896.772043267090 -156316.067254355847 0.42366092041991 0.66996158200266 0.31708938659386
2026-04-08T17:55:24.034 -89510.585327863548 -266735.892852966615 -156239.913160256547 0.42395613075674 0.67069851161844 0.31752817158922
2026-04-08T17:59:24.034 -89408.800426213304 -266574.836673858459 -156163.653680395422 0.42425139147374 0.67143648913212 0.31796760155469
2026-04-08T18:03:24.034 -89306.944655847270 -266413.603254159447 -156087.288659778395 0.42454670355161 0.67217551694315 0.31840767816900
2026-04-08T18:07:24.034 -89205.018004321391 -266252.192341508984 -156010.817943007452 0.42484206796856 0.67291559746443 0.31884840311918
2026-04-08T18:11:24.034 -89103.020458957166 -266090.603682965680 -155934.241374278703 0.42513748570033 0.67365673312230 0.31928977810068
2026-04-08T18:15:24.034 -89000.952006842184 -265928.837025004206 -155857.558797380334 0.42543295772025 0.67439892635664 0.31973180481732
2026-04-08T18:19:24.034 -88898.812634830727 -265766.892113512149 -155780.770055690606 0.42572848499925 0.67514217962088 0.32017448498140
2026-04-08T18:23:24.034 -88796.602329544330 -265604.768693786522 -155703.874992175814 0.42602406850589 0.67588649538205 0.32061782031366
2026-04-08T18:27:24.034 -88694.321077372384 -265442.466510530619 -155626.873449388251 0.42631970920641 0.67663187612084 0.32106181254341
2026-04-08T18:31:24.034 -88591.968864472627 -265279.985307850817 -155549.765269464173 0.42661540806473 0.67737832433165 0.32150646340848
2026-04-08T18:35:24.034 -88489.545676771755 -265117.324829253077 -155472.550294121669 0.42691116604249 0.67812584252261 0.32195177465530
2026-04-08T18:39:24.034 -88387.051499965921 -264954.484817639808 -155395.228364658687 0.42720698409908 0.67887443321567 0.32239774803896
2026-04-08T18:43:24.034 -88284.486319521311 -264791.465015306545 -155317.799321950937 0.42750286319169 0.67962409894661 0.32284438532320
2026-04-08T18:47:24.034 -88181.850120674630 -264628.265163938457 -155240.263006449735 0.42779880427530 0.68037484226512 0.32329168828048
2026-04-08T18:51:24.034 -88079.142888433664 -264464.885004607204 -155162.619258179999 0.42809480830272 0.68112666573484 0.32373965869199
2026-04-08T18:55:24.034 -87976.364607577765 -264301.324277767446 -155084.867916738061 0.42839087622464 0.68187957193341 0.32418829834776
2026-04-08T18:59:24.034 -87873.515262658388 -264137.582723253581 -155007.008821289637 0.42868700898965 0.68263356345250 0.32463760904659
2026-04-08T19:03:24.034 -87770.594837999568 -263973.660080276197 -154929.041810567636 0.42898320754423 0.68338864289792 0.32508759259621
2026-04-08T19:07:24.034 -87667.603317698435 -263809.556087418925 -154850.966722870071 0.42927947283284 0.68414481288962 0.32553825081321
2026-04-08T19:11:24.034 -87564.540685625689 -263645.270482634776 -154772.783396057872 0.42957580579789 0.68490207606176 0.32598958552318
2026-04-08T19:15:24.034 -87461.406925426098 -263480.803003242996 -154694.491667552764 0.42987220737981 0.68566043506275 0.32644159856066
2026-04-08T19:19:24.034 -87358.202020518962 -263316.153385925398 -154616.091374335083 0.43016867851703 0.68641989255535 0.32689429176926
2026-04-08T19:23:24.034 -87254.925954098580 -263151.321366722987 -154537.582352941623 0.43046522014607 0.68718045121667 0.32734766700166
2026-04-08T19:27:24.034 -87151.578709134730 -262986.306681032584 -154458.964439463452 0.43076183320151 0.68794211373825 0.32780172611965
2026-04-08T19:31:24.034 -87048.160268373118 -262821.109063603333 -154380.237469543703 0.43105851861604 0.68870488282613 0.32825647099419
2026-04-08T19:35:24.034 -86944.670614335831 -262655.728248533153 -154301.401278375328 0.43135527732049 0.68946876120088 0.32871190350545
2026-04-08T19:39:24.034 -86841.109729321775 -262490.163969265239 -154222.455700699007 0.43165211024383 0.69023375159767 0.32916802554285
2026-04-08T19:43:24.034 -86737.477595407108 -262324.415958584577 -154143.400570800790 0.43194901831323 0.69099985676633 0.32962483900510
2026-04-08T19:47:24.034 -86633.774194445708 -262158.483948614507 -154064.235722509940 0.43224600245408 0.69176707947140 0.33008234580025
2026-04-08T19:51:24.034 -86529.999508069552 -261992.367670813081 -153984.960989196668 0.43254306358998 0.69253542249221 0.33054054784574
2026-04-08T19:55:24.034 -86426.153517689163 -261826.066855969490 -153905.576203769830 0.43284020264280 0.69330488862290 0.33099944706843
2026-04-08T19:59:24.034 -86322.236204494038 -261659.581234200596 -153826.081198674743 0.43313742053270 0.69407548067252 0.33145904540466
2026-04-08T20:03:24.034 -86218.247549453023 -261492.910534947267 -153746.475805890863 0.43343471817814 0.69484720146508 0.33191934480029
2026-04-08T20:07:24.034 -86114.187533314733 -261326.054486970825 -153666.759856929450 0.43373209649593 0.69562005383959 0.33238034721073
2026-04-08T20:11:24.034 -86010.056136607964 -261159.012818349409 -153586.933182831359 0.43402955640122 0.69639404065015 0.33284205460102
2026-04-08T20:15:24.034 -85905.853339642053 -260991.785256474366 -153506.995614164625 0.43432709880755 0.69716916476599 0.33330446894585
2026-04-08T20:19:24.034 -85801.579122507290 -260824.371528046584 -153426.946981022251 0.43462472462687 0.69794542907157 0.33376759222963
2026-04-08T20:23:24.034 -85697.233465075289 -260656.771359072882 -153346.787113019789 0.43492243476954 0.69872283646658 0.33423142644651
2026-04-08T20:27:24.034 -85592.816346999345 -260488.984474862315 -153266.515839292988 0.43522023014440 0.69950138986607 0.33469597360045
2026-04-08T20:31:24.034 -85488.327747714822 -260321.010600022419 -153186.132988495519 0.43551811165875 0.70028109220048 0.33516123570525
2026-04-08T20:35:24.034 -85383.767646439519 -260152.849458455661 -153105.638388796535 0.43581608021841 0.70106194641571 0.33562721478462
2026-04-08T20:39:24.034 -85279.136022174018 -259984.500773355539 -153025.031867878279 0.43611413672768 0.70184395547318 0.33609391287222
2026-04-08T20:43:24.034 -85174.432853702034 -259815.964267203031 -152944.313252933760 0.43641228208946 0.70262712234992 0.33656133201170
2026-04-08T20:47:24.034 -85069.658119590764 -259647.239661762665 -152863.482370664249 0.43671051720518 0.70341145003863 0.33702947425677
2026-04-08T20:51:24.034 -84964.811798191222 -259478.326678078884 -152782.539047276980 0.43700884297487 0.70419694154772 0.33749834167124
2026-04-08T20:55:24.034 -84859.893867638602 -259309.225036472228 -152701.483108482615 0.43730726029719 0.70498359990141 0.33796793632905
2026-04-08T20:59:24.034 -84754.904305852571 -259139.934456535470 -152620.314379492862 0.43760577006942 0.70577142813979 0.33843826031437
2026-04-08T21:03:24.034 -84649.843090537615 -258970.454657129914 -152539.032685017999 0.43790437318750 0.70656042931888 0.33890931572159
2026-04-08T21:07:24.034 -84544.710199183333 -258800.785356381442 -152457.637849264400 0.43820307054606 0.70735060651073 0.33938110465545
2026-04-08T21:11:24.034 -84439.505609064800 -258630.926271676726 -152376.129695932090 0.43850186303841 0.70814196280346 0.33985362923100
2026-04-08T21:15:24.034 -84334.229297242826 -258460.877119659388 -152294.508048212185 0.43880075155661 0.70893450130134 0.34032689157375
2026-04-08T21:19:24.034 -84228.881240564297 -258290.637616226071 -152212.772728784475 0.43909973699144 0.70972822512486 0.34080089381963
2026-04-08T21:23:24.034 -84123.461415662430 -258120.207476522512 -152130.923559814837 0.43939882023248 0.71052313741083 0.34127563811511
2026-04-08T21:27:24.034 -84017.969798957129 -257949.586414939666 -152048.960362952726 0.43969800216807 0.71131924131241 0.34175112661725
2026-04-08T21:31:24.034 -83912.406366655210 -257778.774145109783 -151966.882959328650 0.43999728368536 0.71211653999922 0.34222736149370
2026-04-08T21:35:24.034 -83806.771094750729 -257607.770379902388 -151884.691169551574 0.44029666567034 0.71291503665741 0.34270434492283
2026-04-08T21:39:24.034 -83701.063959025239 -257436.574831420352 -151802.384813706391 0.44059614900785 0.71371473448972 0.34318207909372
2026-04-08T21:43:24.034 -83595.284935048054 -257265.187210995879 -151719.963711351302 0.44089573458160 0.71451563671555 0.34366056620626
2026-04-08T21:47:24.034 -83489.433998176552 -257093.607229186542 -151637.427681515226 0.44119542327418 0.71531774657108 0.34413980847119
2026-04-08T21:51:24.034 -83383.511123556411 -256921.834595771186 -151554.776542695239 0.44149521596711 0.71612106730930 0.34461980811016
2026-04-08T21:55:24.034 -83277.516286121871 -256749.869019745907 -151472.010112853866 0.44179511354083 0.71692560220013 0.34510056735578
2026-04-08T21:59:24.034 -83171.449460595992 -256577.710209320008 -151389.128209416493 0.44209511687475 0.71773135453047 0.34558208845169
2026-04-08T22:03:24.034 -83065.310621490906 -256405.357871911867 -151306.130649268685 0.44239522684722 0.71853832760427 0.34606437365262
2026-04-08T22:07:24.034 -82959.099743108047 -256232.811714144860 -151223.017248753575 0.44269544433561 0.71934652474265 0.34654742522442
2026-04-08T22:11:24.034 -82852.816799538428 -256060.071441843204 -151139.787823669147 0.44299577021630 0.72015594928396 0.34703124544416
2026-04-08T22:15:24.034 -82746.461764662818 -255887.136760027905 -151056.442189265508 0.44329620536468 0.72096660458387 0.34751583660016
2026-04-08T22:19:24.034 -82640.034612152012 -255714.007372912456 -150972.980160242238 0.44359675065522 0.72177849401543 0.34800120099207
2026-04-08T22:23:24.034 -82533.535315467059 -255540.682983898761 -150889.401550745592 0.44389740696144 0.72259162096918 0.34848734093092
2026-04-08T22:27:24.034 -82426.963847859457 -255367.163295572886 -150805.706174365856 0.44419817515596 0.72340598885321 0.34897425873918
2026-04-08T22:31:24.034 -82320.320182371390 -255193.448009700805 -150721.893844134524 0.44449905611049 0.72422160109329 0.34946195675082
2026-04-08T22:35:24.034 -82213.604291835945 -255019.536827224190 -150637.964372521557 0.44480005069590 0.72503846113290 0.34995043731139
2026-04-08T22:39:24.034 -82106.816148877289 -254845.429448256182 -150553.917571432597 0.44510115978218 0.72585657243336 0.35043970277807
2026-04-08T22:43:24.034 -81999.955725910899 -254671.125572077028 -150469.753252206137 0.44540238423848 0.72667593847388 0.35092975551973
2026-04-08T22:47:24.034 -81893.022995143750 -254496.624897129805 -150385.471225610730 0.44570372493316 0.72749656275168 0.35142059791698
2026-04-08T22:51:24.034 -81786.017928574511 -254321.927121016080 -150301.071301842167 0.44600518273377 0.72831844878207 0.35191223236229
2026-04-08T22:55:24.034 -81678.940497993724 -254147.031940491579 -150216.553290520649 0.44630675850707 0.72914160009853 0.35240466125997
2026-04-08T22:59:24.034 -81571.790674984019 -253971.939051461814 -150131.917000687914 0.44660845311906 0.72996602025281 0.35289788702634
2026-04-08T23:03:24.034 -81464.568430920262 -253796.648148977663 -150047.162240804289 0.44691026743501 0.73079171281502 0.35339191208968
2026-04-08T23:07:24.034 -81357.273736969742 -253621.158927230950 -149962.288818745903 0.44721220231946 0.73161868137372 0.35388673889039
2026-04-08T23:11:24.034 -81249.906564092336 -253445.471079550043 -149877.296541801741 0.44751425863623 0.73244692953601 0.35438236988102
2026-04-08T23:15:24.034 -81142.466883040703 -253269.584298395377 -149792.185216670681 0.44781643724847 0.73327646092764 0.35487880752632
2026-04-08T23:19:24.034 -81034.954664360426 -253093.498275354941 -149706.954649458610 0.44811873901863 0.73410727919307 0.35537605430335
2026-04-08T23:23:24.034 -80927.369878390178 -252917.212701139797 -149621.604645675427 0.44842116480853 0.73493938799560 0.35587411270151
2026-04-08T23:27:24.034 -80819.712495261861 -252740.727265579568 -149536.135010232101 0.44872371547934 0.73577279101745 0.35637298522263
2026-04-08T23:31:24.034 -80711.982484900771 -252564.041657617840 -149450.545547437621 0.44902639189162 0.73660749195987 0.35687267438104
2026-04-08T23:35:24.034 -80604.179817025768 -252387.155565307621 -149364.836060996080 0.44932919490532 0.73744349454321 0.35737318270362
2026-04-08T23:39:24.034 -80496.304461149368 -252210.068675806717 -149279.006354003592 0.44963212537979 0.73828080250705 0.35787451272992
2026-04-08T23:43:24.034 -80388.356386577914 -252032.780675373127 -149193.056228945265 0.44993518417383 0.73911941961027 0.35837666701215
2026-04-08T23:47:24.034 -80280.335562411710 -251855.291249360424 -149106.985487692116 0.45023837214569 0.73995934963119 0.35887964811535
2026-04-08T23:51:24.034 -80172.241957545149 -251677.600082212972 -149020.793931498018 0.45054169015307 0.74080059636763 0.35938345861736
2026-04-08T23:55:24.034 -80064.075540666832 -251499.706857461366 -148934.481360996637 0.45084513905315 0.74164316363702 0.35988810110900
2026-04-08T23:59:24.034 -79955.836280259697 -251321.611257717625 -148848.047576198267 0.45114871970262 0.74248705527654 0.36039357819404
2026-04-09T00:03:24.034 -79847.524144601135 -251143.312964670506 -148761.492376486713 0.45145243295769 0.74333227514318 0.36089989248935
2026-04-09T00:07:24.034 -79739.139101763110 -250964.811659080646 -148674.815560616174 0.45175627967407 0.74417882711384 0.36140704662495
2026-04-09T00:11:24.034 -79630.681119612258 -250786.107020775846 -148588.016926708078 0.45206026070704 0.74502671508549 0.36191504324408
2026-04-09T00:15:24.034 -79522.150165810017 -250607.198728646210 -148501.096272247843 0.45236437691144 0.74587594297523 0.36242388500328
2026-04-09T00:19:24.034 -79413.546207812702 -250428.086460639344 -148414.053394081740 0.45266862914168 0.74672651472040 0.36293357457245
2026-04-09T00:23:24.034 -79304.869212871621 -250248.769893755409 -148326.888088413631 0.45297301825177 0.74757843427869 0.36344411463498
2026-04-09T00:27:24.034 -79196.119148033176 -250069.248704042315 -148239.600150801765 0.45327754509533 0.74843170562829 0.36395550788777
2026-04-09T00:31:24.034 -79087.295980138922 -249889.522566590691 -148152.189376155467 0.45358221052561 0.74928633276795 0.36446775704132
2026-04-09T00:35:24.034 -78978.399675825713 -249709.591155528993 -148064.655558731960 0.45388701539549 0.75014231971708 0.36498086481985
2026-04-09T00:39:24.034 -78869.430201525713 -249529.454144018557 -147976.998492132931 0.45419196055751 0.75099967051593 0.36549483396134
2026-04-09T00:43:24.034 -78760.387523466547 -249349.111204248533 -147889.217969301360 0.45449704686389 0.75185838922564 0.36600966721761
2026-04-09T00:47:24.034 -78651.271607671340 -249168.562007430854 -147801.313782518060 0.45480227516653 0.75271847992838 0.36652536735442
2026-04-09T00:51:24.034 -78542.082419958781 -248987.806223795254 -147713.285723398440 0.45510764631704 0.75357994672747 0.36704193715154
2026-04-09T00:55:24.034 -78432.819925943229 -248806.843522584066 -147625.133582889015 0.45541316116673 0.75444279374747 0.36755937940286
2026-04-09T00:59:24.034 -78323.484091034741 -248625.673572047177 -147536.857151264121 0.45571882056667 0.75530702513432 0.36807769691642
2026-04-09T01:03:24.034 -78214.074880439148 -248444.296039436915 -147448.456218122417 0.45602462536765 0.75617264505545 0.36859689251454
2026-04-09T01:07:24.034 -78104.592259158133 -248262.710591002775 -147359.930572383484 0.45633057642023 0.75703965769991 0.36911696903388
2026-04-09T01:11:24.034 -77995.036191989275 -248080.916891986300 -147271.280002284388 0.45663667457476 0.75790806727847 0.36963792932556
2026-04-09T01:15:24.034 -77885.406643526076 -247898.914606615843 -147182.504295376217 0.45694292068138 0.75877787802374 0.37015977625518
2026-04-09T01:19:24.034 -77775.703578158049 -247716.703398101265 -147093.603238520504 0.45724931559002 0.75964909419032 0.37068251270299
2026-04-09T01:23:24.034 -77665.926960070734 -247534.282928628701 -147004.576617885788 0.45755586015043 0.76052172005490 0.37120614156389
2026-04-09T01:27:24.034 -77556.076753245739 -247351.652859355207 -146915.424218944070 0.45786255521222 0.76139575991636 0.37173066574760
2026-04-09T01:31:24.034 -77446.152921460802 -247168.812850403454 -146826.145826467196 0.45816940162482 0.76227121809597 0.37225608817870
2026-04-09T01:35:24.034 -77336.155428289814 -246985.762560856267 -146736.741224523372 0.45847640023755 0.76314809893743 0.37278241179672
2026-04-09T01:39:24.034 -77226.084237102841 -246802.501648751291 -146647.210196473490 0.45878355189959 0.76402640680706 0.37330963955626
2026-04-09T01:43:24.034 -77115.939311066148 -246619.029771075555 -146557.552524967527 0.45909085746000 0.76490614609388 0.37383777442704
2026-04-09T01:47:24.034 -77005.720613142257 -246435.346583759965 -146467.767991940869 0.45939831776777 0.76578732120978 0.37436681939404
2026-04-09T01:51:24.034 -76895.428106089923 -246251.451741673809 -146377.856378610712 0.45970593367180 0.76666993658963 0.37489677745755
2026-04-09T01:55:24.034 -76785.061752464186 -246067.344898619252 -146287.817465472326 0.46001370602092 0.76755399669140 0.37542765163328
2026-04-09T01:59:24.034 -76674.621514616374 -245883.025707325753 -146197.651032295311 0.46032163566390 0.76843950599633 0.37595944495246
2026-04-09T02:03:24.034 -76564.107354694104 -245698.493819444469 -146107.356858119951 0.46062972344948 0.76932646900902 0.37649216046194
2026-04-09T02:07:24.034 -76453.519234641310 -245513.748885542620 -146016.934721253405 0.46093797022637 0.77021489025758 0.37702580122425
2026-04-09T02:11:24.034 -76342.857116198240 -245328.790555097890 -145926.384399265866 0.46124637684326 0.77110477429379 0.37756037031774
2026-04-09T02:15:24.034 -76232.120960901448 -245143.618476492615 -145835.705668986891 0.46155494414885 0.77199612569320 0.37809587083665
2026-04-09T02:19:24.034 -76121.310730083802 -244958.232297008188 -145744.898306501476 0.46186367299185 0.77288894905529 0.37863230589122
2026-04-09T02:23:24.034 -76010.426384874474 -244772.631662819244 -145653.962087146210 0.46217256422098 0.77378324900360 0.37916967860778
2026-04-09T02:27:24.034 -75899.467886198938 -244586.816218987806 -145562.896785505436 0.46248161868501 0.77467903018587 0.37970799212888
2026-04-09T02:31:24.034 -75788.435194778969 -244400.785609457584 -145471.702175407321 0.46279083723278 0.77557629727421 0.38024724961332
2026-04-09T02:35:24.034 -75677.328271132603 -244214.539477048034 -145380.378029919986 0.46310022071315 0.77647505496518 0.38078745423634
2026-04-09T02:39:24.034 -75566.147075574132 -244028.077463448455 -145288.924121347489 0.46340976997511 0.77737530797999 0.38132860918965
2026-04-09T02:43:24.034 -75454.891568214094 -243841.399209212104 -145197.340221225895 0.46371948586770 0.77827706106464 0.38187071768157
2026-04-09T02:47:24.034 -75343.561708959256 -243654.504353750235 -145105.626100319292 0.46402936924007 0.77918031899004 0.38241378293715
2026-04-09T02:51:24.034 -75232.157457512541 -243467.392535326013 -145013.781528615684 0.46433942094149 0.78008508655215 0.38295780819820
2026-04-09T02:55:24.034 -75120.678773373060 -243280.063391048636 -144921.806275323062 0.46464964182136 0.78099136857219 0.38350279672350
2026-04-09T02:59:24.034 -75009.125615836048 -243092.516556867078 -144829.700108865247 0.46496003272922 0.78189916989673 0.38404875178881
2026-04-09T03:03:24.034 -74897.497943992828 -242904.751667564153 -144737.462796877837 0.46527059451474 0.78280849539784 0.38459567668705
2026-04-09T03:07:24.034 -74785.795716730776 -242716.768356750254 -144645.094106204051 0.46558132802777 0.78371934997330 0.38514357472836
2026-04-09T03:11:24.034 -74674.018892733293 -242528.566256857215 -144552.593802890624 0.46589223411835 0.78463173854669 0.38569244924023
2026-04-09T03:15:24.034 -74562.167430479749 -242340.144999132113 -144459.961652183556 0.46620331363668 0.78554566606759 0.38624230356761
2026-04-09T03:19:24.034 -74450.241288245437 -242151.504213630978 -144367.197418523981 0.46651456743316 0.78646113751170 0.38679314107302
2026-04-09T03:23:24.034 -74338.240424101532 -241962.643529212539 -144274.300865543890 0.46682599635842 0.78737815788105 0.38734496513666
2026-04-09T03:27:24.034 -74226.164795915029 -241773.562573531846 -144181.271756061935 0.46713760126331 0.78829673220407 0.38789777915652
2026-04-09T03:31:24.034 -74114.014361348687 -241584.260973033961 -144088.109852079040 0.46744938299889 0.78921686553587 0.38845158654849
2026-04-09T03:35:24.034 -74001.789077861002 -241394.738352947461 -143994.814914774208 0.46776134241648 0.79013856295829 0.38900639074650
2026-04-09T03:39:24.034 -73889.488902706085 -241204.994337278098 -143901.386704500124 0.46807348036767 0.79106182958014 0.38956219520259
2026-04-09T03:43:24.034 -73777.113792933684 -241015.028548802249 -143807.824980778736 0.46838579770430 0.79198667053731 0.39011900338709
2026-04-09T03:47:24.034 -73664.663705389015 -240824.840609060397 -143714.129502297001 0.46869829527849 0.79291309099298 0.39067681878866
2026-04-09T03:51:24.034 -73552.138596712801 -240634.430138350581 -143620.300026902289 0.46901097394266 0.79384109613778 0.39123564491449
2026-04-09T03:55:24.034 -73439.538423341117 -240443.796755721763 -143526.336311598076 0.46932383454952 0.79477069118992 0.39179548529035
2026-04-09T03:59:24.034 -73326.863141505368 -240252.940078967222 -143432.238112539402 0.46963687795210 0.79570188139540 0.39235634346075
2026-04-09T04:03:24.034 -73214.112707232183 -240061.859724617854 -143338.005185028334 0.46995010500375 0.79663467202818 0.39291822298905
2026-04-09T04:07:24.034 -73101.287076343346 -239870.555307935429 -143243.637283509481 0.47026351655815 0.79756906839033 0.39348112745759
2026-04-09T04:11:24.034 -72988.386204455732 -239679.026442905801 -143149.134161565395 0.47057711346933 0.79850507581223 0.39404506046781
2026-04-09T04:15:24.034 -72875.410046981182 -239487.272742232162 -143054.495571911975 0.47089089659167 0.79944269965272 0.39461002564037
2026-04-09T04:19:24.034 -72762.358559126456 -239295.293817328085 -142959.721266393870 0.47120486677992 0.80038194529931 0.39517602661527
2026-04-09T04:23:24.034 -72649.231695893133 -239103.089278310770 -142864.810995979758 0.47151902488921 0.80132281816831 0.39574306705200
2026-04-09T04:27:24.034 -72536.029412077507 -238910.658733993943 -142769.764510757697 0.47183337177503 0.80226532370508 0.39631115062964
2026-04-09T04:31:24.034 -72422.751662270515 -238718.001791881019 -142674.581559930404 0.47214790829330 0.80320946738416 0.39688028104701
2026-04-09T04:35:24.034 -72309.398400857623 -238525.118058157939 -142579.261891810514 0.47246263530033 0.80415525470944 0.39745046202280
2026-04-09T04:39:24.034 -72195.969582018719 -238332.007137686189 -142483.805253815750 0.47277755365284 0.80510269121442 0.39802169729569
2026-04-09T04:43:24.034 -72082.465159728046 -238138.668633995665 -142388.211392464174 0.47309266420800 0.80605178246231 0.39859399062448
2026-04-09T04:47:24.034 -71968.885087754068 -237945.102149277489 -142292.480053369276 0.47340796782338 0.80700253404629 0.39916734578824
2026-04-09T04:51:24.034 -71855.229319659367 -237751.307284376788 -142196.610981235135 0.47372346535702 0.80795495158964 0.39974176658642
2026-04-09T04:55:24.034 -71741.497808800559 -237557.283638785506 -142100.603919851506 0.47403915766742 0.80890904074598 0.40031725683902
2026-04-09T04:59:24.034 -71627.690508328145 -237363.030810635042 -142004.458612088871 0.47435504561353 0.80986480719945 0.40089382038670
2026-04-09T05:03:24.034 -71513.807371186442 -237168.548396688915 -141908.174799893430 0.47467113005478 0.81082225666487 0.40147146109092
2026-04-09T05:07:24.034 -71399.848350113447 -236973.835992335371 -141811.752224282158 0.47498741185108 0.81178139488799 0.40205018283409
2026-04-09T05:11:24.034 -71285.813397640697 -236778.893191579991 -141715.190625337709 0.47530389186284 0.81274222764567 0.40262998951972
2026-04-09T05:15:24.034 -71171.702466093178 -236583.719587038126 -141618.489742203354 0.47562057095097 0.81370476074605 0.40321088507252
2026-04-09T05:19:24.034 -71057.515507589211 -236388.314769927383 -141521.649313077884 0.47593744997689 0.81466900002880 0.40379287343859
2026-04-09T05:23:24.034 -70943.252474040302 -236192.678330060095 -141424.669075210404 0.47625452980254 0.81563495136529 0.40437595858555
2026-04-09T05:27:24.034 -70828.913317151018 -235996.809855835570 -141327.548764895240 0.47657181129038 0.81660262065880 0.40496014450266
2026-04-09T05:31:24.034 -70714.497988418894 -235800.708934232563 -141230.288117466669 0.47688929530344 0.81757201384475 0.40554543520102
2026-04-09T05:35:24.034 -70600.006439134260 -235604.375150801381 -141132.886867293681 0.47720698270524 0.81854313689089 0.40613183471364
2026-04-09T05:39:24.034 -70485.438620380140 -235407.808089656202 -141035.344747774652 0.47752487435992 0.81951599579749 0.40671934709567
2026-04-09T05:43:24.034 -70370.794483032092 -235211.007333467191 -140937.661491332081 0.47784297113213 0.82049059659761 0.40730797642452
2026-04-09T05:47:24.034 -70256.073977758089 -235013.972463452665 -140839.836829407228 0.47816127388713 0.82146694535726 0.40789772679997
2026-04-09T05:51:24.034 -70141.277055018378 -234816.703059371095 -140741.870492454647 0.47847978349074 0.82244504817563 0.40848860234440
2026-04-09T05:55:24.034 -70026.403665065329 -234619.198699513130 -140643.762209936860 0.47879850080936 0.82342491118534 0.40908060720289
2026-04-09T05:59:24.034 -69911.453757943324 -234421.458960693592 -140545.511710318766 0.47911742671002 0.82440654055261 0.40967374554339
2026-04-09T06:03:24.034 -69796.427283488563 -234223.483418243355 -140447.118721062259 0.47943656206031 0.82538994247754 0.41026802155687
2026-04-09T06:07:24.034 -69681.324191328953 -234025.271646001143 -140348.582968620554 0.47975590772848 0.82637512319426 0.41086343945751
2026-04-09T06:11:24.034 -69566.144430883956 -233826.823216305376 -140249.904178432742 0.48007546458336 0.82736208897124 0.41146000348283
2026-04-09T06:15:24.034 -69450.887951364450 -233628.137699985964 -140151.082074918028 0.48039523349442 0.82835084611145 0.41205771789384
2026-04-09T06:19:24.034 -69335.554701772533 -233429.214666355896 -140052.116381470143 0.48071521533179 0.82934140095261 0.41265658697524
2026-04-09T06:23:24.034 -69220.144630901428 -233230.053683202917 -139953.006820451672 0.48103541096620 0.83033375986746 0.41325661503557
2026-04-09T06:27:24.034 -69104.657687335290 -233030.654316781089 -139853.753113188228 0.48135582126906 0.83132792926394 0.41385780640737
2026-04-09T06:31:24.034 -68989.093819449045 -232831.016131802317 -139754.354979962751 0.48167644711243 0.83232391558544 0.41446016544734
2026-04-09T06:35:24.034 -68873.452975408261 -232631.138691427826 -139654.812140009628 0.48199728936903 0.83332172531107 0.41506369653652
2026-04-09T06:39:24.034 -68757.735103168976 -232431.021557259548 -139555.124311508902 0.48231834891225 0.83432136495587 0.41566840408047
2026-04-09T06:43:24.034 -68641.940150477531 -232230.664289331471 -139455.291211580276 0.48263962661617 0.83532284107105 0.41627429250942
2026-04-09T06:47:24.034 -68526.068064870386 -232030.066446100915 -139355.312556277233 0.48296112335554 0.83632616024424 0.41688136627846
2026-04-09T06:51:24.034 -68410.118793674003 -231829.227584439766 -139255.188060581044 0.48328284000581 0.83733132909978 0.41748962986770
2026-04-09T06:55:24.034 -68294.092284004641 -231628.147259625635 -139154.917438394739 0.48360477744313 0.83833835429888 0.41809908778248
2026-04-09T06:59:24.034 -68177.988482768196 -231426.825025333033 -139054.500402537029 0.48392693654434 0.83934724253995 0.41870974455350
2026-04-09T07:03:24.034 -68061.807336660044 -231225.260433624324 -138953.936664736131 0.48424931818701 0.84035800055881 0.41932160473702
2026-04-09T07:07:24.034 -67945.548792164860 -231023.453034940787 -138853.225935623748 0.48457192324942 0.84137063512899 0.41993467291505
2026-04-09T07:11:24.034 -67829.212795556436 -230821.402378093480 -138752.367924728780 0.48489475261057 0.84238515306192 0.42054895369555
2026-04-09T07:15:24.034 -67712.799292897515 -230619.108010254160 -138651.362340471038 0.48521780715018 0.84340156120726 0.42116445171256
2026-04-09T07:19:24.034 -67596.308230039635 -230416.569476946053 -138550.208890155074 0.48554108774872 0.84441986645310 0.42178117162643
2026-04-09T07:23:24.034 -67479.739552622923 -230213.786322034575 -138448.907279963722 0.48586459528739 0.84544007572630 0.42239911812401
2026-04-09T07:27:24.034 -67363.093206075922 -230010.758087718074 -138347.457214951835 0.48618833064815 0.84646219599267 0.42301829591879
2026-04-09T07:31:24.034 -67246.369135615430 -229807.484314518340 -138245.858399039775 0.48651229471369 0.84748623425730 0.42363870975116
2026-04-09T07:35:24.034 -67129.567286246296 -229603.964541271242 -138144.110535006970 0.48683648836748 0.84851219756484 0.42426036438855
2026-04-09T07:39:24.034 -67012.687602761245 -229400.198305117141 -138042.213324485376 0.48716091249372 0.84954009299971 0.42488326462567
2026-04-09T07:43:24.034 -66895.730029740720 -229196.185141491354 -137940.166467952979 0.48748556797741 0.85056992768644 0.42550741528464
2026-04-09T07:47:24.034 -66778.694511552647 -228991.924584114429 -137837.969664727105 0.48781045570429 0.85160170878993 0.42613282121527
2026-04-09T07:51:24.034 -66661.580992352290 -228787.416164982511 -137735.622612957784 0.48813557656091 0.85263544351572 0.42675948729520
2026-04-09T07:55:24.034 -66544.389416082049 -228582.659414357506 -137633.125009621086 0.48846093143458 0.85367113911028 0.42738741843010
2026-04-09T07:59:24.034 -66427.119726471283 -228377.653860757186 -137530.476550512307 0.48878652121338 0.85470880286132 0.42801661955395
2026-04-09T08:03:24.034 -66309.771867036106 -228172.399030945322 -137427.676930239162 0.48911234678622 0.85574844209804 0.42864709562914
2026-04-09T08:07:24.034 -66192.345781079202 -227966.894449921703 -137324.725842215004 0.48943840904276 0.85679006419145 0.42927885164674
2026-04-09T08:11:24.034 -66074.841411689646 -227761.139640911977 -137221.622978651809 0.48976470887349 0.85783367655467 0.42991189262672
2026-04-09T08:15:24.034 -65957.258701742685 -227555.134125357552 -137118.368030553334 0.49009124716969 0.85887928664321 0.43054622361812
2026-04-09T08:19:24.034 -65839.597593899583 -227348.877422905469 -137014.960687708022 0.49041802482344 0.85992690195526 0.43118184969928
2026-04-09T08:23:24.034 -65721.858030607400 -227142.369051397982 -136911.400638681953 0.49074504272763 0.86097653003204 0.43181877597807
2026-04-09T08:27:24.034 -65604.039954098800 -226935.608526862285 -136807.687570811802 0.49107230177597 0.86202817845805 0.43245700759208
2026-04-09T08:31:24.034 -65486.143306391852 -226728.595363500062 -136703.821170197596 0.49139980286297 0.86308185486143 0.43309654970887
2026-04-09T08:35:24.034 -65368.168029289860 -226521.329073676985 -136599.801121695578 0.49172754688397 0.86413756691423 0.43373740752616
2026-04-09T08:39:24.034 -65250.114064381138 -226313.809167912113 -136495.627108910849 0.49205553473514 0.86519532233273 0.43437958627209
2026-04-09T08:43:24.034 -65131.981353038820 -226106.035154867277 -136391.298814190086 0.49238376731346 0.86625512887781 0.43502309120540
2026-04-09T08:47:24.034 -65013.769836420681 -225898.006541336305 -136286.815918614186 0.49271224551672 0.86731699435519 0.43566792761570
2026-04-09T08:51:24.034 -64895.479455468907 -225689.722832234256 -136182.178101990808 0.49304097024358 0.86838092661580 0.43631410082367
2026-04-09T08:55:24.034 -64777.110150909917 -225481.183530586481 -136077.385042846930 0.49336994239351 0.86944693355613 0.43696161618132
2026-04-09T08:59:24.034 -64658.661863254158 -225272.388137517672 -135972.436418421217 0.49369916286679 0.87051502311848 0.43761047907219
2026-04-09T09:03:24.034 -64540.134532795899 -225063.336152240867 -135867.331904656487 0.49402863256457 0.87158520329138 0.43826069491160
2026-04-09T09:07:24.034 -64421.528099613046 -224854.027072046272 -135762.071176192054 0.49435835238883 0.87265748210987 0.43891226914692
2026-04-09T09:11:24.034 -64302.842503566921 -224644.460392290057 -135656.653906356019 0.49468832324238 0.87373186765585 0.43956520725775
2026-04-09T09:15:24.034 -64184.077684302072 -224434.635606383061 -135551.079767157411 0.49501854602886 0.87480836805845 0.44021951475622
2026-04-09T09:19:24.034 -64065.233581246073 -224224.552205779473 -135445.348429278500 0.49534902165278 0.87588699149432 0.44087519718721
2026-04-09T09:23:24.034 -63946.310133609317 -224014.209679965308 -135339.459562066797 0.49567975101946 0.87696774618803 0.44153226012857
2026-04-09T09:27:24.034 -63827.307280384819 -223803.607516446908 -135233.412833527138 0.49601073503508 0.87805064041240 0.44219070919143
2026-04-09T09:31:24.034 -63708.224960348001 -223592.745200739329 -135127.207910313708 0.49634197460667 0.87913568248886 0.44285055002040
2026-04-09T09:35:24.034 -63589.063112056509 -223381.622216354590 -135020.844457721891 0.49667347064209 0.88022288078778 0.44351178829387
2026-04-09T09:39:24.034 -63469.821673849998 -223170.238044789934 -134914.322139680211 0.49700522405004 0.88131224372888 0.44417442972422
2026-04-09T09:43:24.034 -63350.500583849927 -222958.592165515933 -134807.640618742094 0.49733723574008 0.88240377978157 0.44483848005810
2026-04-09T09:47:24.034 -63231.099779959368 -222746.684055964433 -134700.799556077633 0.49766950662260 0.88349749746530 0.44550394507672
2026-04-09T09:51:24.034 -63111.619199862791 -222534.513191516628 -134593.798611465289 0.49800203760884 0.88459340534998 0.44617083059605
2026-04-09T09:55:24.034 -62992.058781025866 -222322.079045490827 -134486.637443283485 0.49833482961088 0.88569151205628 0.44683914246716
2026-04-09T09:59:24.034 -62872.418460695269 -222109.381089130242 -134379.315708502108 0.49866788354165 0.88679182625611 0.44750888657644
2026-04-09T10:03:24.034 -62752.698175898477 -221896.418791590666 -134271.833062674094 0.49900120031490 0.88789435667290 0.44818006884588
2026-04-09T10:07:24.034 -62632.897863443555 -221683.191619927995 -134164.189159926755 0.49933478084524 0.88899911208205 0.44885269523337
2026-04-09T10:11:24.034 -62513.017459918963 -221469.699039085797 -134056.383652953198 0.49966862604811 0.89010610131131 0.44952677173294
2026-04-09T10:15:24.034 -62393.056901693359 -221255.940511882654 -133948.416193003621 0.50000273683979 0.89121533324115 0.45020230437508
2026-04-09T10:19:24.034 -62273.016124915390 -221041.915498999442 -133840.286429876462 0.50033711413738 0.89232681680520 0.45087929922698
2026-04-09T10:23:24.034 -62152.895065513505 -220827.623458966584 -133731.994011909643 0.50067175885883 0.89344056099058 0.45155776239285
2026-04-09T10:27:24.034 -62032.693659195742 -220613.063848151098 -133623.538585971546 0.50100667192292 0.89455657483839 0.45223770001420
2026-04-09T10:31:24.034 -61912.411841449531 -220398.236120743677 -133514.919797452138 0.50134185424923 0.89567486744405 0.45291911827012
2026-04-09T10:35:24.034 -61792.049547541501 -220183.139728745475 -133406.137290253857 0.50167730675819 0.89679544795776 0.45360202337759
2026-04-09T10:39:24.034 -61671.606712517285 -219967.774121955037 -133297.190706782450 0.50201303037105 0.89791832558488 0.45428642159175
2026-04-09T10:43:24.034 -61551.083271201322 -219752.138747954945 -133188.079687937890 0.50234902600986 0.89904350958637 0.45497231920625
2026-04-09T10:47:24.034 -61430.479158196649 -219536.233052098425 -133078.803873104946 0.50268529459750 0.90017100927923 0.45565972255348
2026-04-09T10:51:24.034 -61309.794307884724 -219320.056477495877 -132969.362900143984 0.50302183705765 0.90130083403687 0.45634863800495
2026-04-09T10:55:24.034 -61189.028654425223 -219103.608465001278 -132859.756405381457 0.50335865431480 0.90243299328963 0.45703907197155
2026-04-09T10:59:24.034 -61068.182131755842 -218886.888453198393 -132749.984023600467 0.50369574729424 0.90356749652513 0.45773103090388
2026-04-09T11:03:24.034 -60947.254673592121 -218669.895878387120 -132640.045388031198 0.50403311692205 0.90470435328877 0.45842452129255
2026-04-09T11:07:24.034 -60826.246213427243 -218452.630174569407 -132529.940130341187 0.50437076412511 0.90584357318417 0.45911954966855
2026-04-09T11:11:24.034 -60705.156684531838 -218235.090773435368 -132419.667880625697 0.50470868983109 0.90698516587358 0.45981612260347
2026-04-09T11:15:24.034 -60583.986019953816 -218017.277104349021 -132309.228267397906 0.50504689496842 0.90812914107837 0.46051424670993
2026-04-09T11:19:24.034 -60462.734152518155 -217799.188594334206 -132198.620917579014 0.50538538046631 0.90927550857949 0.46121392864185
2026-04-09T11:23:24.034 -60341.401014826741 -217580.824668060057 -132087.845456488256 0.50572414725477 0.91042427821792 0.46191517509479
2026-04-09T11:27:24.034 -60219.986539258163 -217362.184747826657 -131976.901507832954 0.50606319626451 0.91157545989513 0.46261799280629
2026-04-09T11:31:24.034 -60098.490657967552 -217143.268253550457 -131865.788693698298 0.50640252842706 0.91272906357357 0.46332238855619
2026-04-09T11:35:24.034 -59976.913302886373 -216924.074602749519 -131754.506634537218 0.50674214467465 0.91388509927714 0.46402836916701
2026-04-09T11:39:24.034 -59855.254405722277 -216704.603210528730 -131643.054949160112 0.50708204594027 0.91504357709168 0.46473594150425
2026-04-09T11:43:24.034 -59733.513897958903 -216484.853489564935 -131531.433254724456 0.50742223315763 0.91620450716543 0.46544511247677
2026-04-09T11:47:24.034 -59611.691710855717 -216264.824850091856 -131419.641166724352 0.50776270726119 0.91736789970956 0.46615588903712
2026-04-09T11:51:24.034 -59489.787775447825 -216044.516699884931 -131307.678298979998 0.50810346918609 0.91853376499865 0.46686827818190
2026-04-09T11:55:24.034 -59367.802022545817 -215823.928444246005 -131195.544263627118 0.50844451986821 0.91970211337115 0.46758228695211
2026-04-09T11:59:24.034 -59245.734382735587 -215603.059485988022 -131083.238671106199 0.50878586024410 0.92087295522996 0.46829792243356
2026-04-09T12:03:24.034 -59123.584786378175 -215381.909225419455 -130970.761130151746 0.50912749125101 0.92204630104290 0.46901519175716
2026-04-09T12:07:24.034 -59001.353163609594 -215160.477060328616 -130858.111247781388 0.50946941382687 0.92322216134322 0.46973410209935
2026-04-09T12:11:24.034 -58879.039444340677 -214938.762385967944 -130745.288629284914 0.50981162891028 0.92440054673014 0.47045466068243
2026-04-09T12:15:24.034 -58756.643558256917 -214716.764595038141 -130632.292878213193 0.51015413744048 0.92558146786936 0.47117687477497
2026-04-09T12:19:24.034 -58634.165434818307 -214494.483077672048 -130519.123596367077 0.51049694035738 0.92676493549360 0.47190075169218
2026-04-09T12:23:24.034 -58511.605003259196 -214271.917221418582 -130405.780383786128 0.51084003860151 0.92795096040316 0.47262629879628
2026-04-09T12:27:24.034 -58388.962192588115 -214049.066411226435 -130292.262838737282 0.51118343311403 0.92913955346642 0.47335352349691
2026-04-09T12:31:24.034 -58266.236931587649 -213825.930029427633 -130178.570557703439 0.51152712483671 0.93033072562041 0.47408243325150
2026-04-09T12:35:24.034 -58143.429148814292 -213602.507455721061 -130064.703135371936 0.51187111471190 0.93152448787138 0.47481303556570
2026-04-09T12:39:24.034 -58020.538772598295 -213378.798067155731 -129950.660164622939 0.51221540368257 0.93272085129532 0.47554533799373
2026-04-09T12:43:24.034 -57897.565731043534 -213154.801238113956 -129836.441236517712 0.51255999269224 0.93391982703856 0.47627934813885
2026-04-09T12:47:24.034 -57774.509952027372 -212930.516340294475 -129722.045940286844 0.51290488268498 0.93512142631832 0.47701507365371
2026-04-09T12:51:24.034 -57651.371363200524 -212705.942742695333 -129607.473863318286 0.51325007460543 0.93632566042330 0.47775252224078
2026-04-09T12:55:24.034 -57528.149891986934 -212481.079811596603 -129492.724591145408 0.51359556939874 0.93753254071426 0.47849170165278
2026-04-09T12:59:24.034 -57404.845465583647 -212255.926910543116 -129377.797707434831 0.51394136801059 0.93874207862460 0.47923261969311
2026-04-09T13:03:24.034 -57281.458010960683 -212030.483400326892 -129262.692793974231 0.51428747138713 0.93995428566096 0.47997528421624
2026-04-09T13:07:24.034 -57157.987454860922 -211804.748638969526 -129147.409430660060 0.51463388047502 0.94116917340382 0.48071970312817
2026-04-09T13:11:24.034 -57034.433723799993 -211578.721981704351 -129031.947195485103 0.51498059622139 0.94238675350811 0.48146588438686
2026-04-09T13:15:24.034 -56910.796744066174 -211352.402780958539 -128916.305664525935 0.51532761957379 0.94360703770382 0.48221383600266
2026-04-09T13:19:24.034 -56787.076441720259 -211125.790386334964 -128800.484411930345 0.51567495148022 0.94483003779660 0.48296356603876
2026-04-09T13:23:24.034 -56663.272742595473 -210898.884144594049 -128684.483009904536 0.51602259288911 0.94605576566843 0.48371508261164
2026-04-09T13:27:24.034 -56539.385572297389 -210671.683399635280 -128568.301028700342 0.51637054474924 0.94728423327822 0.48446839389153
2026-04-09T13:31:24.034 -56415.414856203803 -210444.187492478755 -128451.938036602238 0.51671880800982 0.94851545266244 0.48522350810285
2026-04-09T13:35:24.034 -56291.360519464673 -210216.395761246386 -128335.393599914285 0.51706738362038 0.94974943593580 0.48598043352469
2026-04-09T13:39:24.034 -56167.222487002029 -209988.307541143149 -128218.667282946961 0.51741627253080 0.95098619529188 0.48673917849128
2026-04-09T13:43:24.034 -56043.000683509890 -209759.922164438030 -128101.758648003859 0.51776547569126 0.95222574300377 0.48749975139243
2026-04-09T13:47:24.034 -55918.695033454183 -209531.238960444840 -127984.667255368302 0.51811499405227 0.95346809142478 0.48826216067405
2026-04-09T13:51:24.034 -55794.305461072698 -209302.257255502889 -127867.392663289822 0.51846482856459 0.95471325298909 0.48902641483863
2026-04-09T13:55:24.034 -55669.831890374997 -209072.976372957579 -127749.934427970511 0.51881498017922 0.95596124021241 0.48979252244569
2026-04-09T13:59:24.034 -55545.274245142384 -208843.395633140608 -127632.292103551285 0.51916544984741 0.95721206569269 0.49056049211232
2026-04-09T14:03:24.034 -55420.632448927834 -208613.514353350271 -127514.465242097984 0.51951623852061 0.95846574211083 0.49133033251364
2026-04-09T14:07:24.034 -55295.906425055953 -208383.331847831432 -127396.453393587421 0.51986734715045 0.95972228223135 0.49210205238333
2026-04-09T14:11:24.034 -55171.096096622940 -208152.847427755361 -127278.256105893248 0.52021877668871 0.96098169890309 0.49287566051414
2026-04-09T14:15:24.034 -55046.201386496548 -207922.060401199386 -127159.872924771713 0.52057052808730 0.96224400505998 0.49365116575837
2026-04-09T14:19:24.034 -54921.222217316048 -207690.970073126431 -127041.303393847324 0.52092260229826 0.96350921372172 0.49442857702844
2026-04-09T14:23:24.034 -54796.158511492227 -207459.575745364331 -126922.547054598312 0.52127500027367 0.96477733799450 0.49520790329740
2026-04-09T14:27:24.034 -54671.010191207359 -207227.876716584957 -126803.603446342080 0.52162772296569 0.96604839107179 0.49598915359943
2026-04-09T14:31:24.034 -54545.777178415192 -206995.872282283235 -126684.472106220433 0.52198077132650 0.96732238623504 0.49677233703042
2026-04-09T14:35:24.034 -54420.459394840960 -206763.561734755873 -126565.152569184691 0.52233414630826 0.96859933685447 0.49755746274849
2026-04-09T14:39:24.034 -54295.056761981381 -206530.944363080052 -126445.644367980698 0.52268784886311 0.96987925638979 0.49834453997457
2026-04-09T14:43:24.034 -54169.569201104656 -206298.019453091751 -126325.947033133692 0.52304187994313 0.97116215839104 0.49913357799289
2026-04-09T14:47:24.034 -54043.996633250506 -206064.786287364055 -126206.060092933054 0.52339624050030 0.97244805649929 0.49992458615162
2026-04-09T14:51:24.034 -53918.338979230197 -205831.244145185163 -126085.983073416850 0.52375093148646 0.97373696444749 0.50071757386339
2026-04-09T14:55:24.034 -53792.596159626555 -205597.392302536260 -125965.715498356338 0.52410595385331 0.97502889606122 0.50151255060588
2026-04-09T14:59:24.034 -53666.768094794032 -205363.230032069230 -125845.256889240278 0.52446130855235 0.97632386525955 0.50230952592239
2026-04-09T15:03:24.034 -53540.854704858742 -205128.756603084068 -125724.606765259086 0.52481699653488 0.97762188605581 0.50310850942243
2026-04-09T15:07:24.034 -53414.855909718528 -204893.971281506179 -125603.764643288901 0.52517301875189 0.97892297255840 0.50390951078233
2026-04-09T15:11:24.034 -53288.771629043018 -204658.873329863447 -125482.730037875459 0.52552937615413 0.98022713897169 0.50471253974581
2026-04-09T15:15:24.034 -53162.601782273698 -204423.462007263093 -125361.502461217868 0.52588606969199 0.98153439959679 0.50551760612464
2026-04-09T15:19:24.034 -53036.346288624009 -204187.736569368397 -125240.081423152165 0.52624310031550 0.98284476883244 0.50632471979916
2026-04-09T15:23:24.034 -52910.005067079437 -203951.696268375148 -125118.466431134832 0.52660046897428 0.98415826117585 0.50713389071901
2026-04-09T15:27:24.034 -52783.578036397601 -203715.340352987900 -124996.656990226038 0.52695817661753 0.98547489122359 0.50794512890368
2026-04-09T15:31:24.034 -52657.065115108373 -203478.668068396015 -124874.652603072856 0.52731622419393 0.98679467367245 0.50875844444317
2026-04-09T15:35:24.034 -52530.466221514005 -203241.678656249482 -124752.452769892232 0.52767461265168 0.98811762332032 0.50957384749862
2026-04-09T15:39:24.034 -52403.781273689252 -203004.371354634612 -124630.056988453798 0.52803334293838 0.98944375506711 0.51039134830299
2026-04-09T15:43:24.034 -52277.010189481509 -202766.745398049388 -124507.464754062647 0.52839241600104 0.99077308391567 0.51121095716168
2026-04-09T15:47:24.034 -52150.152886510965 -202528.800017378700 -124384.675559541764 0.52875183278603 0.99210562497265 0.51203268445321
2026-04-09T15:51:24.034 -52023.209282170770 -202290.534439869225 -124261.688895214495 0.52911159423900 0.99344139344949 0.51285654062989
2026-04-09T15:55:24.034 -51896.179293627203 -202051.947889104282 -124138.504248886675 0.52947170130490 0.99478040466332 0.51368253621850
2026-04-09T15:59:24.034 -51769.062837819845 -201813.039584978251 -124015.121105828715 0.52983215492787 0.99612267403794 0.51451068182096
2026-04-09T16:03:24.034 -51641.859831461792 -201573.808743670961 -123891.538948757487 0.53019295605122 0.99746821710474 0.51534098811504
2026-04-09T16:07:24.034 -51514.570191039835 -201334.254577621672 -123767.757257818026 0.53055410561739 0.99881704950370 0.51617346585506
2026-04-09T16:11:24.034 -51387.193832814701 -201094.376295502938 -123643.775510565058 0.53091560456788 1.00016918698436 0.51700812587261
2026-04-09T16:15:24.034 -51259.730672821264 -200854.173102194123 -123519.593181944409 0.53127745384324 1.00152464540684 0.51784497907724
2026-04-09T16:19:24.034 -51132.180626868794 -200613.644198754861 -123395.209744274165 0.53163965438297 1.00288344074277 0.51868403645721
2026-04-09T16:23:24.034 -51004.543610541215 -200372.788782398071 -123270.624667225726 0.53200220712548 1.00424558907639 0.51952530908020
2026-04-09T16:27:24.034 -50876.819539197357 -200131.606046462839 -123145.837417804622 0.53236511300806 1.00561110660553 0.52036880809409
2026-04-09T16:31:24.034 -50749.008327971249 -199890.095180387085 -123020.847460331206 0.53272837296682 1.00698000964265 0.52121454472769
2026-04-09T16:35:24.034 -50621.109891772401 -199648.255369679799 -122895.654256421141 0.53309198793660 1.00835231461590 0.52206253029148
2026-04-09T16:39:24.034 -50493.124145286114 -199406.085795893276 -122770.257264965665 0.53345595885097 1.00972803807017 0.52291277617842
2026-04-09T16:43:24.034 -50365.051002973792 -199163.585636594915 -122644.655942111771 0.53382028664210 1.01110719666818 0.52376529386471
2026-04-09T16:47:24.034 -50236.890379073295 -198920.754065338842 -122518.849741242069 0.53418497224079 1.01248980719154 0.52462009491056
2026-04-09T16:51:24.034 -50108.642187599260 -198677.590251637157 -122392.838112954560 0.53455001657631 1.01387588654190 0.52547719096100
2026-04-09T16:55:24.034 -49980.306342343494 -198434.093360931089 -122266.620505042185 0.53491542057643 1.01526545174199 0.52633659374672
2026-04-09T16:59:24.034 -49851.882756875311 -198190.262554561748 -122140.196362472168 0.53528118516729 1.01665851993678 0.52719831508481
2026-04-09T17:03:24.034 -49723.371344541971 -197946.096989740705 -122013.565127365160 0.53564731127337 1.01805510839463 0.52806236687966
2026-04-09T17:07:24.034 -49594.772018469048 -197701.595819520182 -121886.726238974225 0.53601379981742 1.01945523450843 0.52892876112374
2026-04-09T17:11:24.034 -49466.084691560885 -197456.758192763053 -121759.679133663551 0.53638065172038 1.02085891579673 0.52979750989848
2026-04-09T17:15:24.034 -49337.309276501022 -197211.583254112513 -121632.423244887046 0.53674786790132 1.02226616990498 0.53066862537510
2026-04-09T17:19:24.034 -49208.445685752638 -196966.070143961551 -121504.958003166656 0.53711544927738 1.02367701460665 0.53154211981549
2026-04-09T17:23:24.034 -49079.493831559055 -196720.217998421984 -121377.282836070488 0.53748339676367 1.02509146780449 0.53241800557307
2026-04-09T17:27:24.034 -48950.453625944210 -196474.025949293398 -121249.397168190786 0.53785171127323 1.02650954753171 0.53329629509370
2026-04-09T17:31:24.034 -48821.324980713165 -196227.493124031578 -121121.300421121588 0.53822039371693 1.02793127195325 0.53417700091655
2026-04-09T17:35:24.034 -48692.107807452652 -195980.618645716808 -120992.992013436247 0.53858944500341 1.02935665936699 0.53506013567501
2026-04-09T17:39:24.034 -48562.802017531591 -195733.401633021829 -120864.471360664713 0.53895886603900 1.03078572820502 0.53594571209763
2026-04-09T17:43:24.034 -48433.407522101683 -195485.841200179420 -120735.737875270555 0.53932865772763 1.03221849703494 0.53683374300901
2026-04-09T17:47:24.034 -48303.924232097961 -195237.936456949741 -120606.790966627828 0.53969882097076 1.03365498456113 0.53772424133078
2026-04-09T17:51:24.034 -48174.352058239434 -194989.686508587358 -120477.630040997654 0.54006935666729 1.03509520962604 0.53861722008253
2026-04-09T17:55:24.034 -48044.690911029676 -194741.090455807978 -120348.254501504605 0.54044026571350 1.03653919121156 0.53951269238275
2026-04-09T17:59:24.034 -47914.940700757492 -194492.147394754749 -120218.663748112856 0.54081154900290 1.03798694844032 0.54041067144985
2026-04-09T18:03:24.034 -47785.101337497559 -194242.856416964380 -120088.857177602054 0.54118320742624 1.03943850057705 0.54131117060312
2026-04-09T18:07:24.034 -47655.172731111146 -193993.216609332856 -119958.834183543033 0.54155524187134 1.04089386702995 0.54221420326374
2026-04-09T18:11:24.034 -47525.154791246787 -193743.227054080839 -119828.594156273219 0.54192765322301 1.04235306735209 0.54311978295575
2026-04-09T18:15:24.034 -47395.047427341029 -193492.886828718736 -119698.136482871807 0.54230044236300 1.04381612124280 0.54402792330713
2026-04-09T18:19:24.034 -47264.850548619186 -193242.195006011432 -119567.460547134702 0.54267361016988 1.04528304854909 0.54493863805081
2026-04-09T18:23:24.034 -47134.564064096106 -192991.150653942634 -119436.565729549213 0.54304715751890 1.04675386926709 0.54585194102569
2026-04-09T18:27:24.034 -47004.187882576982 -192739.752835678955 -119305.451407268483 0.54342108528198 1.04822860354350 0.54676784617776
2026-04-09T18:31:24.034 -46873.721912658148 -192488.000609533599 -119174.116954085679 0.54379539432753 1.04970727167707 0.54768636756111
2026-04-09T18:35:24.034 -46743.166062727963 -192235.893028929626 -119042.561740407880 0.54417008552040 1.05118989412009 0.54860751933906
2026-04-09T18:39:24.034 -46612.520240967664 -191983.429142363020 -118910.785133229772 0.54454515972173 1.05267649147987 0.54953131578524
2026-04-09T18:43:24.034 -46481.784355352262 -191730.607993365236 -118778.786496107001 0.54492061778887 1.05416708452031 0.55045777128473
2026-04-09T18:47:24.034 -46350.958313651456 -191477.428620465478 -118646.565189129324 0.54529646057528 1.05566169416341 0.55138690033514
2026-04-09T18:51:24.034 -46220.042023430622 -191223.890057152486 -118514.120568893457 0.54567268893039 1.05716034149087 0.55231871754779
2026-04-09T18:55:24.034 -46089.035392051745 -190969.991331836121 -118381.451988475616 0.54604930369950 1.05866304774560 0.55325323764887
2026-04-09T18:59:24.034 -45957.938326674448 -190715.731467808393 -118248.558797403864 0.54642630572369 1.06016983433342 0.55419047548057
2026-04-09T19:03:24.034 -45826.750734257024 -190461.109483204258 -118115.440341630063 0.54680369583963 1.06168072282460 0.55513044600233
2026-04-09T19:07:24.034 -45695.472521557494 -190206.124390961864 -117982.095963501633 0.54718147487955 1.06319573495556 0.55607316429197
2026-04-09T19:11:24.034 -45564.103595134700 -189950.775198782532 -117848.525001733011 0.54755964367103 1.06471489263049 0.55701864554694
2026-04-09T19:15:24.034 -45432.643861349432 -189695.060909090273 -117714.726791376743 0.54793820303696 1.06623821792305 0.55796690508558
2026-04-09T19:19:24.034 -45301.093226365556 -189438.980518990924 -117580.700663794341 0.54831715379532 1.06776573307808 0.55891795834829
2026-04-09T19:23:24.034 -45169.451596151230 -189182.533020230854 -117446.445946626860 0.54869649675914 1.06929746051330 0.55987182089888
2026-04-09T19:27:24.034 -45037.718876480089 -188925.717399155226 -117311.961963765105 0.54907623273629 1.07083342282111 0.56082850842579
2026-04-09T19:31:24.034 -44905.894972932518 -188668.532636665914 -117177.248035319571 0.54945636252939 1.07237364277028 0.56178803674338
2026-04-09T19:35:24.034 -44773.979790896912 -188410.977708178922 -117042.303477590045 0.54983688693566 1.07391814330781 0.56275042179330
2026-04-09T19:39:24.034 -44641.973235571000 -188153.051583581429 -116907.127603034925 0.55021780674677 1.07546694756072 0.56371567964576
2026-04-09T19:43:24.034 -44509.875211963183 -187894.753227188339 -116771.719720240217 0.55059912274870 1.07702007883787 0.56468382650090
2026-04-09T19:47:24.034 -44377.685624893929 -187636.081597698416 -116636.079133888124 0.55098083572160 1.07857756063182 0.56565487869014
2026-04-09T19:51:24.034 -44245.404378997191 -187377.035648149962 -116500.205144725449 0.55136294643962 1.08013941662075 0.56662885267758
2026-04-09T19:55:24.034 -44113.031378721847 -187117.614325876086 -116364.097049531541 0.55174545567078 1.08170567067032 0.56760576506140
2026-04-09T19:59:24.034 -43980.566528333213 -186857.816572459444 -116227.754141085941 0.55212836417680 1.08327634683563 0.56858563257523
2026-04-09T20:03:24.034 -43848.009731914557 -186597.641323686519 -116091.175708135750 0.55251167271295 1.08485146936316 0.56956847208965
2026-04-09T20:07:24.034 -43715.360893368677 -186337.087509501493 -115954.361035362526 0.55289538202786 1.08643106269276 0.57055430061359
2026-04-09T20:11:24.034 -43582.619916419513 -186076.154053959559 -115817.309403348947 0.55327949286338 1.08801515145966 0.57154313529585
2026-04-09T20:15:24.034 -43449.786704613791 -185814.839875179809 -115680.020088545032 0.55366400595443 1.08960376049649 0.57253499342653
2026-04-09T20:19:24.034 -43316.861161322704 -185553.143885297613 -115542.492363234080 0.55404892202876 1.09119691483532 0.57352989243862
2026-04-09T20:23:24.034 -43183.843189743668 -185291.064990416548 -115404.725495498176 0.55443424180684 1.09279463970980 0.57452784990947
2026-04-09T20:27:24.034 -43050.732692902064 -185028.602090559638 -115266.718749183361 0.55481996600165 1.09439696055722 0.57552888356234
2026-04-09T20:31:24.034 -42917.529573653090 -184765.754079620354 -115128.471383864424 0.55520609531849 1.09600390302066 0.57653301126803
2026-04-09T20:35:24.034 -42784.233734683607 -184502.519845312927 -114989.982654809297 0.55559263045482 1.09761549295117 0.57754025104642
2026-04-09T20:39:24.034 -42650.845078514045 -184238.898269122117 -114851.251812943083 0.55597957210003 1.09923175640996 0.57855062106811
2026-04-09T20:43:24.034 -42517.363507500362 -183974.888226252573 -114712.278104811718 0.55636692093529 1.10085271967061 0.57956413965603
2026-04-09T20:47:24.034 -42383.788923836059 -183710.488585577579 -114573.060772545155 0.55675467763331 1.10247840922134 0.58058082528713
2026-04-09T20:51:24.034 -42250.121229554206 -183445.698209587281 -114433.599053820246 0.55714284285817 1.10410885176729 0.58160069659403
2026-04-09T20:55:24.034 -42116.360326529553 -183180.515954336297 -114293.892181823176 0.55753141726508 1.10574407423280 0.58262377236677
2026-04-09T20:59:24.034 -41982.506116480690 -182914.940669390897 -114153.939385211430 0.55792040150020 1.10738410376382 0.58365007155446
2026-04-09T21:03:24.034 -41848.558500972227 -182648.971197775449 -114013.739888075463 0.55830979620040 1.10902896773020 0.58467961326711
2026-04-09T21:07:24.034 -41714.517381417070 -182382.606375918491 -113873.292909899843 0.55869960199307 1.11067869372817 0.58571241677733
2026-04-09T21:11:24.034 -41580.382659078714 -182115.845033598016 -113732.597665524008 0.55908981949587 1.11233330958273 0.58674850152220
2026-04-09T21:15:24.034 -41446.154235073598 -181848.685993886378 -113591.653365102597 0.55948044931649 1.11399284335014 0.58778788710502
2026-04-09T21:19:24.034 -41311.832010373539 -181581.128073094354 -113450.459214065297 0.55987149205246 1.11565732332041 0.58883059329721
2026-04-09T21:23:24.034 -41177.415885808194 -181313.170080714888 -113309.014413076322 0.56026294829087 1.11732677801984 0.58987664004014
2026-04-09T21:27:24.034 -41042.905762067581 -181044.810819365928 -113167.318157993359 0.56065481860816 1.11900123621361 0.59092604744707
2026-04-09T21:31:24.034 -40908.301539704691 -180776.049084732920 -113025.369639826109 0.56104710356985 1.12068072690834 0.59197883580503
2026-04-09T21:35:24.034 -40773.603119138126 -180506.883665510453 -112883.168044694321 0.56143980373027 1.12236527935479 0.59303502557680
2026-04-09T21:39:24.034 -40638.810400654802 -180237.313343343354 -112740.712553785386 0.56183291963237 1.12405492305047 0.59409463740288
2026-04-09T21:43:24.034 -40503.923284412725 -179967.336892767198 -112598.002343311469 0.56222645180737 1.12574968774241 0.59515769210347
2026-04-09T21:47:24.034 -40368.941670443848 -179696.953081148036 -112455.036584466099 0.56262040077457 1.12744960342986 0.59622421068055
2026-04-09T21:51:24.034 -40233.865458656954 -179426.160668621567 -112311.814443380325 0.56301476704102 1.12915470036712 0.59729421431989
2026-04-09T21:55:24.034 -40098.694548840620 -179154.958408031554 -112168.335081078345 0.56340955110126 1.13086500906633 0.59836772439317
2026-04-09T21:59:24.034 -39963.428840666274 -178883.345044867630 -112024.597653432618 0.56380475343703 1.13258056030035 0.59944476246008
2026-04-09T22:03:24.034 -39828.068233691272 -178611.319317202375 -111880.601311118531 0.56420037451701 1.13430138510565 0.60052535027049
2026-04-09T22:07:24.034 -39692.612627362112 -178338.879955627694 -111736.345199568445 0.56459641479648 1.13602751478528 0.60160950976661
2026-04-09T22:11:24.034 -39557.061921017637 -178066.025683190412 -111591.828458925287 0.56499287471703 1.13775898091183 0.60269726308520
2026-04-09T22:15:24.034 -39421.416013892405 -177792.755215327372 -111447.050223995597 0.56538975470626 1.13949581533042 0.60378863255981
2026-04-09T22:19:24.034 -39285.674805120041 -177519.067259799514 -111302.009624202023 0.56578705517746 1.14123805016186 0.60488364072306
2026-04-09T22:23:24.034 -39149.838193736738 -177244.960516625433 -111156.705783535261 0.56618477652930 1.14298571780566 0.60598231030895
2026-04-09T22:27:24.034 -39013.906078684791 -176970.433678014058 -111011.137820505450 0.56658291914547 1.14473885094325 0.60708466425516
2026-04-09T22:31:24.034 -38877.878358816248 -176695.485428296612 -110865.304848093016 0.56698148339438 1.14649748254113 0.60819072570548
2026-04-09T22:35:24.034 -38741.754932896605 -176420.114443857863 -110719.205973698874 0.56738046962880 1.14826164585415 0.60930051801215
2026-04-09T22:39:24.034 -38605.535699608597 -176144.319393066486 -110572.840299094183 0.56777987818550 1.15003137442876 0.61041406473836
2026-04-09T22:43:24.034 -38469.220557556102 -175868.098936204624 -110426.206920369354 0.56817970938493 1.15180670210638 0.61153138966068
2026-04-09T22:47:24.034 -38332.809405268068 -175591.451725396793 -110279.304927882564 0.56857996353082 1.15358766302674 0.61265251677157
2026-04-09T22:51:24.034 -38196.302141202614 -175314.376404537848 -110132.133406207635 0.56898064090981 1.15537429163137 0.61377747028198
2026-04-09T22:55:24.034 -38059.698663751129 -175036.871609220078 -109984.691434081295 0.56938174179112 1.15716662266698 0.61490627462385
2026-04-09T22:59:24.034 -37922.998871242533 -174758.935966659599 -109836.978084349830 0.56978326642610 1.15896469118909 0.61603895445280
2026-04-09T23:03:24.034 -37786.202661947609 -174480.568095621798 -109688.992423915042 0.57018521504787 1.16076853256553 0.61717553465077
2026-04-09T23:07:24.034 -37649.309934083409 -174201.766606345947 -109540.733513679676 0.57058758787091 1.16257818248011 0.61831604032870
2026-04-09T23:11:24.034 -37512.320585817783 -173922.530100468895 -109392.200408492077 0.57099038509066 1.16439367693630 0.61946049682928
2026-04-09T23:15:24.034 -37375.234515274024 -173642.857170947944 -109243.392157090260 0.57139360688308 1.16621505226091 0.62060892972974
2026-04-09T23:19:24.034 -37238.051620535553 -173362.746401982760 -109094.307802045281 0.57179725340425 1.16804234510797 0.62176136484464
2026-04-09T23:23:24.034 -37100.771799650771 -173082.196368936420 -108944.946379703935 0.57220132478988 1.16987559246248 0.62291782822878
2026-04-09T23:27:24.034 -36963.394950637994 -172801.205638255487 -108795.306920130752 0.57260582115495 1.17171483164435 0.62407834618003
2026-04-09T23:31:24.034 -36825.920971490486 -172519.772767389164 -108645.388447049292 0.57301074259316 1.17356010031238 0.62524294524236
2026-04-09T23:35:24.034 -36688.349760181605 -172237.896304707450 -108495.189977782764 0.57341608917654 1.17541143646822 0.62641165220877
2026-04-09T23:39:24.034 -36550.681214670083 -171955.574789418431 -108344.710523193833 0.57382186095493 1.17726887846046 0.62758449412435
2026-04-09T23:43:24.034 -36412.915232905398 -171672.806751484488 -108193.949087623812 0.57422805795553 1.17913246498879 0.62876149828934
2026-04-09T23:47:24.034 -36275.051712833265 -171389.590711537487 -108042.904668831005 0.57463468018236 1.18100223510813 0.62994269226230
2026-04-09T23:51:24.034 -36137.090552401271 -171105.925180793100 -107891.576257928376 0.57504172761582 1.18287822823295 0.63112810386324
2026-04-09T23:55:24.034 -35999.031649564582 -170821.808660963929 -107739.962839320360 0.57544920021209 1.18476048414156 0.63231776117688
2026-04-09T23:59:24.034 -35860.874902291849 -170537.239644171699 -107588.063390638970 0.57585709790270 1.18664904298045 0.63351169255589
2026-04-10T00:03:24.034 -35722.620208571170 -170252.216612858349 -107435.876882679120 0.57626542059391 1.18854394526881 0.63470992662421
2026-04-10T00:07:24.034 -35584.267466416219 -169966.738039696036 -107283.402279333051 0.57667416816621 1.19044523190299 0.63591249228047
2026-04-10T00:11:24.034 -35445.816573872500 -169680.802387496049 -107130.638537524064 0.57708334047375 1.19235294416108 0.63711941870136
2026-04-10T00:15:24.034 -35307.267429023748 -169394.408109116688 -106977.584607139317 0.57749293734376 1.19426712370761 0.63833073534514
2026-04-10T00:19:24.034 -35168.619929998451 -169107.553647369932 -106824.239430961868 0.57790295857595 1.19618781259818 0.63954647195513
2026-04-10T00:23:24.034 -35029.873974976515 -168820.237434926996 -106670.601944601774 0.57831340394197 1.19811505328434 0.64076665856335
2026-04-10T00:27:24.034 -34891.029462196093 -168532.457894222694 -106516.671076426443 0.57872427318474 1.20004888861840 0.64199132549413
2026-04-10T00:31:24.034 -34752.086289960534 -168244.213437358761 -106362.445747489968 0.57913556601787 1.20198936185837 0.64322050336779
2026-04-10T00:35:24.034 -34613.044356645514 -167955.502466005797 -106207.924871461684 0.57954728212499 1.20393651667299 0.64445422310443
2026-04-10T00:39:24.034 -34473.903560706291 -167666.323371304112 -106053.107354553737 0.57995942115914 1.20589039714679 0.64569251592771
2026-04-10T00:43:24.034 -34334.663800685143 -167376.674533763289 -105897.992095447786 0.58037198274206 1.20785104778529 0.64693541336876
2026-04-10T00:47:24.034 -34195.324975218929 -167086.554323160584 -105742.577985220749 0.58078496646357 1.20981851352022 0.64818294727007
2026-04-10T00:51:24.034 -34055.886983046876 -166795.961098437954 -105586.863907269551 0.58119837188084 1.21179283971485 0.64943514978952
2026-04-10T00:55:24.034 -33916.349723018466 -166504.893207597837 -105430.848737235006 0.58161219851769 1.21377407216940 0.65069205340442
2026-04-10T00:59:24.034 -33776.713094101542 -166213.348987597623 -105274.531342924602 0.58202644586387 1.21576225712652 0.65195369091563
2026-04-10T01:03:24.034 -33636.976995390571 -165921.326764242840 -105117.910584234385 0.58244111337434 1.21775744127692 0.65322009545178
2026-04-10T01:07:24.034 -33497.141326115066 -165628.824852078920 -104960.985313069788 0.58285620046850 1.21975967176494 0.65449130047349
2026-04-10T01:11:24.034 -33357.205985648252 -165335.841554281593 -104803.754373265416 0.58327170652942 1.22176899619438 0.65576733977769
2026-04-10T01:15:24.034 -33217.170873515832 -165042.375162546028 -104646.216600503802 0.58368763090307 1.22378546263433 0.65704824750205
2026-04-10T01:19:24.034 -33077.035889405015 -164748.423956974322 -104488.370822233119 0.58410397289750 1.22580911962506 0.65833405812941
2026-04-10T01:23:24.034 -32936.800933173712 -164453.986205961817 -104330.215857583782 0.58452073178205 1.22784001618411 0.65962480649233
2026-04-10T01:27:24.034 -32796.465904859935 -164159.060166081734 -104171.750517283959 0.58493790678646 1.22987820181236 0.66092052777770
2026-04-10T01:31:24.034 -32656.030704691369 -163863.644081968436 -104012.973603573992 0.58535549710007 1.23192372650029 0.66222125753141
2026-04-10T01:35:24.034 -32515.495233095207 -163567.736186199239 -103853.883910119635 0.58577350187094 1.23397664073427 0.66352703166313
2026-04-10T01:39:24.034 -32374.859390708156 -163271.334699174564 -103694.480221924197 0.58619192020489 1.23603699550301 0.66483788645112
2026-04-10T01:43:24.034 -32234.123078386674 -162974.437828996597 -103534.761315239462 0.58661075116469 1.23810484230404 0.66615385854718
2026-04-10T01:47:24.034 -32093.286197217421 -162677.043771346391 -103374.725957475501 0.58702999376904 1.24018023315038 0.66747498498162
2026-04-10T01:51:24.034 -31952.348648527950 -162379.150709359383 -103214.372907109137 0.58744964699166 1.24226322057727 0.66880130316836
2026-04-10T01:55:24.034 -31811.310333897614 -162080.756813499145 -103053.700913591339 0.58786970976033 1.24435385764897 0.67013285091008
2026-04-10T01:59:24.034 -31670.171155168715 -161781.860241429706 -102892.708717253234 0.58829018095584 1.24645219796577 0.67146966640347
2026-04-10T02:03:24.034 -31528.931014457903 -161482.459137885977 -102731.395049210943 0.58871105941102 1.24855829567102 0.67281178824457
2026-04-10T02:07:24.034 -31387.589814167808 -161182.551634542557 -102569.758631269055 0.58913234390969 1.25067220545832 0.67415925543421
2026-04-10T02:11:24.034 -31246.147456998933 -160882.135849880840 -102407.798175822856 0.58955403318559 1.25279398257885 0.67551210738349
2026-04-10T02:15:24.034 -31104.603845961803 -160581.209889054298 -102245.512385759168 0.58997612592127 1.25492368284872 0.67687038391945
2026-04-10T02:19:24.034 -30962.958884389376 -160279.771843751980 -102082.899954355831 0.59039862074704 1.25706136265660 0.67823412529070
2026-04-10T02:23:24.034 -30821.212475949724 -159977.819792060152 -101919.959565179874 0.59082151623978 1.25920707897130 0.67960337217328
2026-04-10T02:27:24.034 -30679.364524658995 -159675.351798322255 -101756.689891984177 0.59124481092179 1.26136088934962 0.68097816567651
2026-04-10T02:31:24.034 -30537.414934894645 -159372.365912996640 -101593.089598602790 0.59166850325964 1.26352285194426 0.68235854734905
2026-04-10T02:35:24.034 -30395.363611408979 -159068.860172512796 -101429.157338844772 0.59209259166290 1.26569302551185 0.68374455918494
2026-04-10T02:39:24.034 -30253.210459342954 -158764.832599125279 -101264.891756386525 0.59251707448293 1.26787146942118 0.68513624362983
2026-04-10T02:43:24.034 -30110.955384240318 -158460.281200765836 -101100.291484662681 0.59294195001161 1.27005824366147 0.68653364358729
2026-04-10T02:47:24.034 -29968.598292062034 -158155.203970893548 -100935.355146755435 0.59336721648005 1.27225340885090 0.68793680242526
2026-04-10T02:51:24.034 -29826.139089201024 -157849.598888342764 -100770.081355282295 0.59379287205724 1.27445702624515 0.68934576398251
2026-04-10T02:53:28.122 -29752.442856405796 -157691.383192088950 -100684.496494400126 0.59401310215842 1.27559970500650 0.69007653433693
2026-04-10T02:57:31.351 -29607.945881631607 -157380.942659448134 -100516.391380356639 0.59429370873471 1.27745329205319 0.69186148154131
2026-04-10T03:01:31.351 -29465.264203365667 -157074.087008171104 -100350.173882574425 0.59472034071970 1.27967857554185 0.69328532270640
2026-04-10T03:05:31.351 -29322.480087494860 -156766.696249299333 -100183.613948720274 0.59514735509354 1.28191253266212 0.69471512310437
2026-04-10T03:09:31.351 -29179.593442499467 -156458.768293464003 -100016.710143064396 0.59557474973131 1.28415522767128 0.69615092876843
2026-04-10T03:13:31.351 -29036.604177378107 -156150.301035792247 -99849.461018768154 0.59600252243821 1.28640672551452 0.69759278624055
2026-04-10T03:17:31.351 -28893.512201664700 -155841.292355740792 -99681.865117761045 0.59643067094795 1.28866709183451 0.69904074257878
2026-04-10T03:21:31.351 -28750.317425445810 -155531.740116927453 -99513.920970615945 0.59685919292121 1.29093639298120 0.70049484536470
2026-04-10T03:25:31.351 -28607.019759378352 -155221.642166960228 -99345.627096422599 0.59728808594404 1.29321469602179 0.70195514271097
2026-04-10T03:29:31.351 -28463.619114707719 -154910.996337263874 -99176.982002659191 0.59771734752620 1.29550206875083 0.70342168326906
2026-04-10T03:33:31.351 -28320.115403286276 -154599.800442904176 -99007.984185062131 0.59814697509949 1.29779857970052 0.70489451623706
2026-04-10T03:37:31.351 -28176.508537592286 -154288.052282409568 -98838.632127493882 0.59857696601602 1.30010429815122 0.70637369136769
2026-04-10T03:41:31.351 -28032.798430749248 -153975.749637590430 -98668.924301808904 0.59900731754646 1.30241929414206 0.70785925897641
2026-04-10T03:45:31.351 -27888.984996545652 -153662.890273355559 -98498.859167717586 0.59943802687822 1.30474363848186 0.70935126994970
2026-04-10T03:49:31.351 -27745.068149455179 -153349.471937526192 -98328.435172648184 0.59986909111361 1.30707740276010 0.71084977575348
2026-04-10T03:53:31.351 -27601.047804657363 -153035.492360647273 -98157.650751606750 0.60030050726798 1.30942065935823 0.71235482844169
2026-04-10T03:57:31.351 -27456.923878058675 -152720.949255796033 -97986.504327034971 0.60073227226774 1.31177348146106 0.71386648066502
2026-04-10T04:01:31.351 -27312.696286314123 -152405.840318387811 -97814.994308665860 0.60116438294843 1.31413594306843 0.71538478567979
2026-04-10T04:05:31.351 -27168.364946849295 -152090.163225978933 -97643.119093377332 0.60159683605265 1.31650811900705 0.71690979735702
2026-04-10T04:09:31.351 -27023.929777882902 -151773.915638066945 -97470.877065043576 0.60202962822803 1.31889008494259 0.71844157019167
2026-04-10T04:13:31.351 -26879.390698449843 -151457.095195887698 -97298.266594384186 0.60246275602509 1.32128191739190 0.71998015931197
2026-04-10T04:17:31.351 -26734.747628424757 -151139.699522209616 -97125.286038811028 0.60289621589505 1.32368369373562 0.72152562048906
2026-04-10T04:21:31.351 -26590.000488546128 -150821.726221124845 -96951.933742272769 0.60333000418766 1.32609549223079 0.72307801014667
2026-04-10T04:25:31.351 -26445.149200440912 -150503.172877837409 -96778.208035097079 0.60376411714885 1.32851739202393 0.72463738537111
2026-04-10T04:29:31.351 -26300.193686649720 -150184.037058448041 -96604.107233830393 0.60419855091846 1.33094947316417 0.72620380392132
2026-04-10T04:33:31.351 -26155.133870652575 -149864.316309736110 -96429.629641075269 0.60463330152784 1.33339181661669 0.72777732423920
2026-04-10T04:37:31.351 -26009.969676895242 -149544.008158937970 -96254.773545325195 0.60506836489738 1.33584450427646 0.72935800546014
2026-04-10T04:41:31.351 -25864.701030816155 -149223.110113522271 -96079.537220796890 0.60550373683403 1.33830761898216 0.73094590742364
2026-04-10T04:45:31.351 -25719.327858873949 -148901.619660961704 -95903.918927260005 0.60593941302873 1.34078124453037 0.73254109068427
2026-04-10T04:49:31.351 -25573.850088575615 -148579.534268501389 -95727.916909864172 0.60637538905378 1.34326546569005 0.73414361652276
2026-04-10T04:53:31.351 -25428.267648505298 -148256.851382923749 -95551.529398963394 0.60681166036016 1.34576036821727 0.73575354695729
2026-04-10T04:57:31.351 -25282.580468353743 -147933.568430309766 -95374.754609937649 0.60724822227477 1.34826603887023 0.73737094475509
2026-04-10T05:01:31.351 -25136.788478948405 -147609.682815796696 -95197.590743011722 0.60768506999760 1.35078256542455 0.73899587344412
2026-04-10T05:05:31.351 -24990.891612284264 -147285.191923331993 -95020.035983071211 0.60812219859886 1.35331003668886 0.74062839732511
2026-04-10T05:09:31.351 -24844.889801555320 -146960.093115423486 -94842.088499475591 0.60855960301597 1.35584854252067 0.74226858148376
2026-04-10T05:13:31.351 -24698.782981186825 -146634.383732885733 -94663.746445868310 0.60899727805059 1.35839817384256 0.74391649180320
2026-04-10T05:17:31.351 -24552.571086868240 -146308.061094582430 -94485.007959983923 0.60943521836544 1.36095902265865 0.74557219497668
2026-04-10T05:21:31.351 -24406.254055586956 -145981.122497164819 -94305.871163452102 0.60987341848118 1.36353118207143 0.74723575852053
2026-04-10T05:25:31.351 -24259.831825662786 -145653.565214806003 -94126.334161598497 0.61031187277308 1.36611474629885 0.74890725078733
2026-04-10T05:29:31.351 -24113.304336783254 -145325.386498931184 -93946.395043242461 0.61075057546772 1.36870981069182 0.75058674097945
2026-04-10T05:33:31.351 -23966.671530039694 -144996.583577943646 -93766.051880491417 0.61118952063951 1.37131647175198 0.75227429916270
2026-04-10T05:37:31.351 -23819.933347964190 -144667.153656946379 -93585.302728531999 0.61162870220723 1.37393482714983 0.75396999628037
2026-04-10T05:41:31.351 -23673.089734567355 -144337.093917459308 -93404.145625417703 0.61206811393037 1.37656497574325 0.75567390416750
2026-04-10T05:45:31.351 -23526.140635377011 -144006.401517132123 -93222.578591853176 0.61250774940546 1.37920701759633 0.75738609556549
2026-04-10T05:49:31.351 -23379.085997477741 -143675.073589452455 -93040.599630974888 0.61294760206227 1.38186105399861 0.75910664413691
2026-04-10T05:53:31.351 -23231.925769551388 -143343.107243449456 -92858.206728128207 0.61338766515992 1.38452718748466 0.76083562448069
2026-04-10T05:57:31.351 -23084.659901918476 -143010.499563392572 -92675.397850640889 0.61382793178292 1.38720552185413 0.76257311214759
2026-04-10T06:01:31.351 -22937.288346580612 -142677.247608485486 -92492.170947592676 0.61426839483702 1.38989616219205 0.76431918365601
2026-04-10T06:05:31.351 -22789.811057263887 -142343.348412555148 -92308.523949581184 0.61470904704509 1.39259921488968 0.76607391650802
2026-04-10T06:09:31.351 -22642.227989463285 -142008.798983735760 -92124.454768483862 0.61514988094279 1.39531478766573 0.76783738920591
2026-04-10T06:13:31.351 -22494.539100488135 -141673.596304147562 -91939.961297215894 0.61559088887413 1.39804298958795 0.76960968126886
2026-04-10T06:17:31.351 -22346.744349508648 -141337.737329570460 -91755.041409484140 0.61603206298699 1.40078393109522 0.77139087325014
2026-04-10T06:21:31.351 -22198.843697603545 -141001.218989112240 -91569.692959536827 0.61647339522846 1.40353772402009 0.77318104675456
2026-04-10T06:25:31.351 -22050.837107808813 -140664.038184871315 -91383.913781909068 0.61691487734008 1.40630448161170 0.77498028445631
2026-04-10T06:29:31.351 -21902.724545167632 -140326.191791594028 -91197.701691164024 0.61735650085295 1.40908431855930 0.77678867011716
2026-04-10T06:33:31.351 -21754.505976781456 -139987.676656326075 -91011.054481629661 0.61779825708272 1.41187735101607 0.77860628860512
2026-04-10T06:37:31.351 -21606.181371862367 -139648.489598058281 -90823.969927130995 0.61824013712445 1.41468369662363 0.78043322591334
2026-04-10T06:41:31.351 -21457.750701786616 -139308.627407366381 -90636.445780717724 0.61868213184730 1.41750347453689 0.78226956917957
2026-04-10T06:45:31.351 -21309.213940149508 -138968.086846044811 -90448.479774387146 0.61912423188918 1.42033680544950 0.78411540670594
2026-04-10T06:49:31.351 -21160.571062821560 -138626.864646734262 -90260.069618802328 0.61956642765110 1.42318381161983 0.78597082797919
2026-04-10T06:53:31.351 -21011.822048006037 -138284.957512543042 -90071.213003005294 0.62000870929153 1.42604461689743 0.78783592369129
2026-04-10T06:57:31.351 -20862.966876297865 -137942.362116661883 -89881.907594125252 0.62045106672049 1.42891934675011 0.78971078576061
2026-04-10T07:01:31.351 -20714.005530743980 -137599.075101972354 -89692.151037081698 0.62089348959356 1.43180812829155 0.79159550735341
2026-04-10T07:05:31.351 -20564.937996905119 -137255.093080648367 -89501.940954282283 0.62133596730570 1.43471109030953 0.79349018290589
2026-04-10T07:09:31.351 -20415.764262919150 -136910.412633751024 -89311.274945315308 0.62177848898487 1.43762836329471 0.79539490814671
2026-04-10T07:13:31.351 -20266.484319565909 -136565.030310816393 -89120.150586636839 0.62222104348558 1.44056007947003 0.79730978011994
2026-04-10T07:17:31.351 -20117.098160333640 -136218.942629436147 -88928.565431252136 0.62266361938210 1.44350637282079 0.79923489720859
2026-04-10T07:21:31.351 -19967.605781487069 -135872.146074830962 -88736.517008391500 0.62310620496169 1.44646737912533 0.80117035915860
2026-04-10T07:25:31.351 -19818.007182137131 -135524.637099416403 -88544.002823180184 0.62354878821746 1.44944323598634 0.80311626710341
2026-04-10T07:29:31.351 -19668.302364312432 -135176.412122361304 -88351.020356302426 0.62399135684115 1.45243408286295 0.80507272358901
2026-04-10T07:33:31.351 -19518.491333032471 -134827.467529138230 -88157.567063659357 0.62443389821565 1.45544006110337 0.80703983259963
2026-04-10T07:37:31.351 -19368.574096382672 -134477.799671066139 -87963.640376020689 0.62487639940740 1.45846131397841 0.80901769958391
2026-04-10T07:41:31.351 -19218.550665591287 -134127.404864844924 -87769.237698670055 0.62531884715844 1.46149798671555 0.81100643148174
2026-04-10T07:45:31.351 -19068.421055108200 -133776.279392081575 -87574.356411043816 0.62576122787837 1.46455022653394 0.81300613675170
2026-04-10T07:49:31.351 -18918.185282685718 -133424.419498807925 -87378.993866363249 0.62620352763604 1.46761818268002 0.81501692539901
2026-04-10T07:53:31.351 -18767.843369461367 -133071.821394989733 -87183.147391259932 0.62664573215096 1.47070200646404 0.81703890900429
2026-04-10T07:57:31.351 -18617.395340042782 -132718.481254026934 -86986.814285394095 0.62708782678459 1.47380185129730 0.81907220075282
2026-04-10T08:01:31.351 -18466.841222594721 -132364.395212244854 -86789.991821065953 0.62752979653122 1.47691787273031 0.82111691546460
2026-04-10T08:05:31.351 -18316.181048928291 -132009.559368376038 -86592.677242819715 0.62797162600878 1.48005022849174 0.82317316962495
2026-04-10T08:09:31.351 -18165.414854592422 -131653.969783032837 -86394.867767040123 0.62841329944919 1.48319907852825 0.82524108141602
2026-04-10T08:13:31.351 -18014.542678967675 -131297.622478170175 -86196.560581541387 0.62885480068863 1.48636458504530 0.82732077074882
2026-04-10T08:17:31.351 -17863.564565362423 -130940.513436538429 -85997.752845148323 0.62929611315740 1.48954691254875 0.82941235929614
2026-04-10T08:21:31.351 -17712.480561111515 -130582.638601126309 -85798.441687269500 0.62973721986952 1.49274622788754 0.83151597052621
2026-04-10T08:25:31.351 -17561.290717677453 -130223.993874593216 -85598.624207462242 0.63017810341207 1.49596270029729 0.83363172973710
2026-04-10T08:29:31.351 -17409.995090754161 -129864.575118691180 -85398.297474989231 0.63061874593419 1.49919650144485 0.83575976409201
2026-04-10T08:33:31.351 -17258.593740373457 -129504.378153675876 -85197.458528366566 0.63105912913577 1.50244780547403 0.83790020265531
2026-04-10T08:37:31.351 -17107.086731014257 -129143.398757706585 -84996.104374903065 0.63149923425579 1.50571678905219 0.84005317642956
2026-04-10T08:41:31.351 -16955.474131714618 -128781.632666234800 -84794.231990230590 0.63193904206039 1.50900363141809 0.84221881839326
2026-04-10T08:45:31.351 -16803.756016186700 -128419.075571381283 -84591.838317825168 0.63237853283049 1.51230851443079 0.84439726353967
2026-04-10T08:49:31.351 -16651.932462934736 -128055.723121301184 -84388.920268518705 0.63281768634912 1.51563162261965 0.84658864891644
2026-04-10T08:53:31.351 -16500.003555376075 -127691.570919537073 -84185.474720001133 0.63325648188836 1.51897314323561 0.84879311366624
2026-04-10T08:57:31.351 -16347.969381965424 -127326.614524359466 -83981.498516312538 0.63369489819589 1.52233326630362 0.85101079906844
2026-04-10T09:01:31.351 -16195.830036322355 -126960.849448094654 -83776.988467325325 0.63413291348114 1.52571218467631 0.85324184858174
2026-04-10T09:05:31.351 -16043.585617362192 -126594.271156439470 -83571.941348215929 0.63457050540103 1.52911009408902 0.85548640788785
2026-04-10T09:09:31.351 -15891.236229430362 -126226.875067762769 -83366.353898925940 0.63500765104526 1.53252719321605 0.85774462493627
2026-04-10T09:13:31.351 -15738.781982440336 -125858.656552393106 -83160.222823612363 0.63544432692122 1.53596368372835 0.86001664999021
2026-04-10T09:17:31.351 -15586.222992015244 -125489.610931892530 -82953.544790086700 0.63588050893837 1.53941977035257 0.86230263567359
2026-04-10T09:21:31.351 -15433.559379633300 -125119.733478315975 -82746.316429242608 0.63631617239221 1.54289566093157 0.86460273701929
2026-04-10T09:25:31.351 -15280.791272777124 -124749.019413455957 -82538.534334471842 0.63675129194771 1.54639156648636 0.86691711151853
2026-04-10T09:29:31.351 -15127.918805087103 -124377.463908072255 -82330.195061068240 0.63718584162227 1.54990770127963 0.86924591917154
2026-04-10T09:33:31.351 -14974.942116518909 -124005.062081106094 -82121.295125619275 0.63761979476816 1.55344428288083 0.87158932253959
2026-04-10T09:37:31.351 -14821.861353505288 -123631.808998878580 -81911.831005385116 0.63805312405440 1.55700153223281 0.87394748679819
2026-04-10T09:41:31.351 -14668.676669122278 -123257.699674272881 -81701.799137664624 0.63848580144808 1.56057967372022 0.87632057979179
2026-04-10T09:45:31.351 -14515.388223259964 -122882.729065899883 -81491.195919148129 0.63891779819512 1.56417893523951 0.87870877208982
2026-04-10T09:49:31.351 -14361.996182797931 -122506.892077246710 -81280.017705256585 0.63934908480041 1.56779954827079 0.88111223704420
2026-04-10T09:53:31.351 -14208.500721785551 -122130.183555807904 -81068.260809466679 0.63977963100735 1.57144174795146 0.88353115084838
2026-04-10T09:57:31.351 -14054.902021627262 -121752.598292198600 -80855.921502621655 0.64020940577675 1.57510577315170 0.88596569259780
2026-04-10T10:01:31.351 -13901.200271272995 -121374.131019249457 -80642.996012227421 0.64063837726502 1.57879186655190 0.88841604435213
2026-04-10T10:05:31.351 -13747.395667413912 -120994.776411082668 -80429.480521733480 0.64106651280170 1.58250027472211 0.89088239119897
2026-04-10T10:09:31.351 -13593.488414683610 -120614.529082168767 -80215.371169798455 0.64149377886634 1.58623124820345 0.89336492131932
2026-04-10T10:13:31.351 -13439.478725864992 -120233.383586363503 -80000.664049539599 0.64192014106448 1.58998504159174 0.89586382605482
2026-04-10T10:17:31.351 -13285.366822102958 -119851.334415924546 -79785.355207766028 0.64234556410306 1.59376191362320 0.89837929997675
2026-04-10T10:21:31.351 -13131.152933123130 -119468.376000507255 -79569.440644195100 0.64277001176486 1.59756212726249 0.90091154095686
2026-04-10T10:25:31.351 -12976.837297456776 -119084.502706139028 -79352.916310651664 0.64319344688221 1.60138594979293 0.90346075024018
2026-04-10T10:29:31.351 -12822.420162672162 -118699.708834171790 -79135.778110249506 0.64361583130987 1.60523365290927 0.90602713251977
2026-04-10T10:33:31.351 -12667.901785612530 -118313.988620211880 -78918.021896554652 0.64403712589690 1.60910551281279 0.90861089601351
2026-04-10T10:37:31.351 -12513.282432640903 -117927.336233026785 -78699.643472729993 0.64445729045778 1.61300181030895 0.91121225254299
2026-04-10T10:41:31.351 -12358.562379891977 -117539.745773428192 -78480.638590660703 0.64487628374239 1.61692283090776 0.91383141761462
2026-04-10T10:45:31.351 -12203.741913531298 -117151.211273130553 -78261.002950059919 0.64529406340517 1.62086886492672 0.91646861050294
2026-04-10T10:49:31.351 -12048.821330021985 -116761.726693584686 -78040.732197554200 0.64571058597316 1.62484020759661 0.91912405433627
2026-04-10T10:53:31.351 -11893.800936399250 -116371.285924785581 -77819.821925748052 0.64612580681298 1.62883715917017 0.92179797618475
2026-04-10T10:57:31.351 -11738.681050552963 -115979.882784053800 -77598.267672267102 0.64653968009671 1.63286002503373 0.92449060715088
2026-04-10T11:01:31.351 -11583.462001518554 -115587.511014789721 -77376.064918779230 0.64695215876666 1.63690911582192 0.92720218246261
2026-04-10T11:05:31.351 -11428.144129776507 -115194.164285199877 -77153.209089992990 0.64736319449888 1.64098474753549 0.92993294156905
2026-04-10T11:09:31.351 -11272.727787560760 -114799.836186994580 -76929.695552632795 0.64777273766548 1.64508724166252 0.93268312823897
2026-04-10T11:13:31.351 -11117.213339176302 -114404.520234056108 -76705.519614390098 0.64818073729565 1.64921692530289 0.93545299066207
2026-04-10T11:17:31.351 -10961.601161326289 -114008.209861076597 -76480.676522849899 0.64858714103532 1.65337413129633 0.93824278155327
2026-04-10T11:21:31.351 -10805.891643448997 -113610.898422164741 -76255.161464391931 0.64899189510547 1.65755919835404 0.94105275825989
2026-04-10T11:25:31.351 -10650.085188064962 -113212.579189420459 -76028.969563065650 0.64939494425896 1.66177247119402 0.94388318287211
2026-04-10T11:29:31.351 -10494.182211134665 -112813.245351476668 -75802.095879438406 0.64979623173587 1.66601430068032 0.94673432233656
2026-04-10T11:33:31.351 -10338.183142427099 -112412.890012007090 -75574.535409415912 0.65019569921729 1.67028504396624 0.94960644857330
2026-04-10T11:37:31.351 -10182.088425899652 -112011.506188199273 -75346.283083034243 0.65059328677743 1.67458506464165 0.95249983859634
2026-04-10T11:41:31.351 -10025.898520089655 -111609.086809191678 -75117.333763222472 0.65098893283414 1.67891473288458 0.95541477463761
2026-04-10T11:45:31.351 -9869.613898518031 -111205.624714473903 -74887.682244535128 0.65138257409758 1.68327442561728 0.95835154427480
2026-04-10T11:49:31.351 -9713.235050105488 -110801.112652248892 -74657.323251853464 0.65177414551709 1.68766452666673 0.96131044056298
2026-04-10T11:53:31.351 -9556.762479601670 -110395.543277756064 -74426.251439054715 0.65216358022616 1.69208542693000 0.96429176217020
2026-04-10T11:57:31.351 -9400.196708027766 -109988.909151554166 -74194.461387648305 0.65255080948541 1.69653752454446 0.96729581351728
2026-04-10T12:01:31.351 -9243.538273133050 -109581.202737762651 -73961.947605377951 0.65293576262351 1.70102122506297 0.97032290492187
2026-04-10T12:05:31.351 -9086.787729865850 -109172.416402260438 -73728.704524788700 0.65331836697596 1.70553694163450 0.97337335274692
2026-04-10T12:09:31.351 -8929.945650859479 -108762.542410840630 -73494.726501757817 0.65369854782157 1.71008509519001 0.97644747955384
2026-04-10T12:13:31.351 -8773.012626933694 -108351.572927319939 -73260.007813988268 0.65407622831670 1.71466611463401 0.97954561426030
2026-04-10T12:17:31.351 -8615.989267612224 -107939.500011601514 -73024.542659463783 0.65445132942696 1.71928043704204 0.98266809230318
2026-04-10T12:21:31.351 -8458.876201656985 -107526.315617689543 -72788.325154864200 0.65482376985649 1.72392850786405 0.98581525580648
2026-04-10T12:25:31.351 -8301.674077619606 -107112.011591654387 -72551.349333939856 0.65519346597446 1.72861078113415 0.98898745375465
2026-04-10T12:29:31.351 -8144.383564410888 -106696.579669546598 -72313.609145843744 0.65556033173892 1.73332771968680 0.99218504217147
2026-04-10T12:33:31.351 -7987.005351888915 -106280.011475258172 -72075.098453420011 0.65592427861775 1.73807979537978 0.99540838430465
2026-04-10T12:37:31.351 -7829.540151466484 -105862.298518329510 -71835.811031447520 0.65628521550654 1.74286748932407 0.99865785081637
2026-04-10T12:41:31.351 -7671.988696738606 -105443.432191700354 -71595.740564836829 0.65664304864342 1.74769129212107 1.00193381998006
2026-04-10T12:45:31.351 -7514.351744130854 -105023.403769402881 -71354.880646779289 0.65699768152056 1.75255170410725 1.00523667788362
2026-04-10T12:49:31.351 -7356.630073569348 -104602.204404195130 -71113.224776846488 0.65734901479230 1.75744923560666 1.00856681863929
2026-04-10T12:53:31.351 -7198.824489173215 -104179.825125132891 -70870.766359038549 0.65769694617967 1.76238440719152 1.01192464460048
2026-04-10T12:57:31.351 -7040.935819970416 -103756.256835078006 -70627.498699779506 0.65804137037119 1.76735774995119 1.01531056658583
2026-04-10T13:01:31.351 -6882.964920637829 -103331.490308141147 -70383.415005857998 0.65838217891983 1.77236980576994 1.01872500411080
2026-04-10T13:05:31.351 -6724.912672266570 -102905.516187056783 -70138.508382311498 0.65871926013579 1.77742112761371 1.02216838562700
2026-04-10T13:09:31.351 -6566.779983153526 -102478.324980488222 -69892.771830252081 0.65905249897516 1.78251227982635 1.02564114876974
2026-04-10T13:13:31.351 -6408.567789620165 -102049.907060260404 -69646.198244631785 0.65938177692398 1.78764383843565 1.02914374061392
2026-04-10T13:17:31.351 -6250.277056859707 -101620.252658518017 -69398.780411945554 0.65970697187781 1.79281639146947 1.03267661793880
2026-04-10T13:21:31.351 -6091.908779813792 -101189.351864806478 -69150.511007869471 0.66002795801626 1.79803053928262 1.03624024750190
2026-04-10T13:25:31.351 -5933.463984079854 -100757.194623073156 -68901.382594832190 0.66034460567259 1.80328689489452 1.03983510632237
2026-04-10T13:29:31.351 -5774.943726850444 -100323.770728586198 -68651.387619517147 0.66065678119780 1.80858608433853 1.04346168197440
2026-04-10T13:33:31.351 -5616.349097885818 -99889.069824768070 -68400.518410293109 0.66096434681931 1.81392874702305 1.04712047289084
2026-04-10T13:37:31.351 -5457.681220521151 -99453.081399941017 -68148.767174570574 0.66126716049366 1.81931553610505 1.05081198867768
2026-04-10T13:41:31.351 -5298.941252709829 -99015.794783981240 -67896.125996081362 0.66156507575312 1.82474711887650 1.05453675043974
2026-04-10T13:45:31.351 -5140.130388104320 -98577.199144878847 -67642.586832078683 0.66185794154591 1.83022417716428 1.05829529111803
2026-04-10T13:49:31.351 -4981.249857176193 -98137.283485200038 -67388.141510454720 0.66214560206960 1.83574740774403 1.06208815583932
2026-04-10T13:53:31.351 -4822.300928376960 -97696.036638448320 -67132.781726772839 0.66242789659756 1.84131752276856 1.06591590227851
2026-04-10T13:57:31.351 -4663.284909341458 -97253.447265321069 -66876.499041211224 0.66270465929791 1.84693525021154 1.06977910103417
2026-04-10T14:01:31.351 -4504.203148135604 -96809.503849857676 -66619.284875414756 0.66297571904474 1.85260133432691 1.07367833601801
2026-04-10T14:05:31.351 -4345.057034550430 -96364.194695475540 -66361.130509251714 0.66324089922114 1.85831653612487 1.07761420485883
2026-04-10T14:09:31.351 -4185.848001444402 -95917.507920889708 -66102.027077471619 0.66350001751374 1.86408163386509 1.08158731932157
2026-04-10T14:13:31.351 -4026.577526136135 -95469.431455912054 -65841.965566260798 0.66375288569815 1.86989742356780 1.08559830574206
2026-04-10T14:17:31.351 -3867.247131849712 -95019.953037125539 -65580.936809691470 0.66399930941504 1.87576471954368 1.08964780547842
2026-04-10T14:21:31.351 -3707.858389214938 -94569.060203428948 -65318.931486060574 0.66423908793625 1.88168435494332 1.09373647537957
2026-04-10T14:25:31.351 -3548.412917824963 -94116.740291447350 -65055.940114113939 0.66447201392044 1.88765718232704 1.09786498827182
2026-04-10T14:29:31.351 -3388.912387853847 -93662.980430803305 -64791.953049151438 0.66469787315785 1.89368407425608 1.10203403346425
2026-04-10T14:33:31.351 -3229.358521736778 -93207.767539243418 -64526.960479008521 0.66491644430339 1.89976592390604 1.10624431727391
2026-04-10T14:37:31.351 -3069.753095915773 -92751.088317615024 -64260.952419909234 0.66512749859770 1.90590364570360 1.11049656357155
2026-04-10T14:41:31.351 -2910.097942653857 -92292.929244687039 -63993.918712185681 0.66533079957534 1.91209817598760 1.11479151434897
2026-04-10T14:45:31.351 -2750.394951920875 -91833.276571809227 -63725.849015858636 0.66552610275954 1.91835047369551 1.11912993030906
2026-04-10T14:49:31.351 -2590.646073354252 -91372.116317403474 -63456.732806073735 0.66571315534278 1.92466152107658 1.12351259147942
2026-04-10T14:53:31.351 -2430.853318298196 -90909.434261280636 -63186.559368387425 0.66589169585239 1.93103232443275 1.12794029785085
2026-04-10T14:57:31.351 -2271.018761925018 -90445.215938776077 -62915.317793896596 0.66606145380042 1.93746391488877 1.13241387004193
2026-04-10T15:01:31.351 -2111.144545442480 -89979.446634696724 -62642.996974205445 0.66622214931689 1.94395734919278 1.13693414999073
2026-04-10T15:05:31.351 -1951.232878391231 -89512.111377072215 -62369.585596222947 0.66637349276547 1.95051371054888 1.14150200167530
2026-04-10T15:09:31.351 -1791.286041036684 -89043.194930702259 -62095.072136783820 0.66651518434073 1.95713410948310 1.14611831186403
2026-04-10T15:13:31.351 -1631.306386859877 -88572.681790491901 -61819.444857085640 0.66664691364581 1.96381968474458 1.15078399089769
2026-04-10T15:17:31.351 -1471.296345152153 -88100.556174566227 -61542.691796934370 0.66676835924946 1.97057160424335 1.15549997350443
2026-04-10T15:21:31.351 -1311.258423718722 -87626.802017155365 -61264.800768790090 0.66687918822132 1.97739106602686 1.16026721964960
2026-04-10T15:25:31.351 -1151.195211696519 -87151.402961240310 -60985.759351604487 0.66697905564414 1.98427929929678 1.16508671542213
2026-04-10T15:29:31.351 -991.109382492006 -86674.342350949606 -60705.554884440993 0.66706760410162 1.99123756546844 1.16995947395924
2026-04-10T15:33:31.351 -831.003696844961 -86195.603223696584 -60424.174459868213 0.66714446314055 1.99826715927474 1.17488653641160
2026-04-10T15:37:31.351 -670.881006024608 -85715.168302045960 -60141.604917116652 0.66720924870557 2.00536940991690 1.17986897295094
2026-04-10T15:41:31.351 -510.744255164810 -85233.019985298481 -59857.832834988301 0.66726156254516 2.01254568226439 1.18490788382241
2026-04-10T15:45:31.351 -350.596486745489 -84749.140340781392 -59572.844524508066 0.66730099158697 2.01979737810661 1.19000440044396
2026-04-10T15:49:31.351 -190.440844227800 -84263.511094832051 -59286.626021305390 0.66732710728076 2.02712593745887 1.19515968655538
2026-04-10T15:53:31.351 -30.280575851085 -83776.113623461322 -58999.163077713987 0.66733946490697 2.03453283992555 1.20037493941958
2026-04-10T15:57:31.351 129.880961399888 -83286.928942682600 -58710.441154576620 0.66733760284884 2.04201960612348 1.20565139107889
2026-04-10T16:01:31.351 290.040297648414 -82795.937698491733 -58420.445412741508 0.66732104182586 2.04958779916861 1.21099030966959
2026-04-10T16:05:31.351 450.193845790472 -82303.120156482197 -58129.160704235968 0.66728928408610 2.05723902622940 1.21639300079760
2026-04-10T16:09:31.351 610.337896960338 -81808.456191079109 -57836.571563102145 0.66724181255497 2.06497494015046 1.22186080897903
2026-04-10T16:13:31.351 770.468615786388 -81311.925274374720 -57542.662195878926 0.66717808993760 2.07279724115034 1.22739511914895
2026-04-10T16:17:31.351 930.582035425610 -80813.506464547172 -57247.416471713157 0.66709755777188 2.08070767859733 1.23299735824242
2026-04-10T16:21:31.351 1090.674052364639 -80313.178393843293 -56950.817912082312 0.66699963542918 2.08870805286776 1.23866899685188
2026-04-10T16:25:31.351 1250.740420974302 -79810.919256105015 -56652.849680109837 0.66688371905908 2.09680021729119 1.24441155096515
2026-04-10T16:29:31.351 1410.776747803881 -79306.706793817997 -56353.494569453178 0.66674918047481 2.10498608018746 1.25022658378902
2026-04-10T16:33:31.351 1570.778485600329 -78800.518284659920 -56052.734992743441 0.66659536597529 2.11326760700081 1.25611570766304
2026-04-10T16:37:31.351 1730.740927036779 -78292.330527524333 -55750.552969554323 0.66642159509965 2.12164682253640 1.26208058606923
2026-04-10T16:41:31.351 1890.659198133586 -77782.119827994844 -55446.930113876675 0.66622715930976 2.13012581330536 1.26812293574323
2026-04-10T16:45:31.351 2050.528251354046 -77269.861983242896 -55141.847621073626 0.66601132059588 2.13870672998446 1.27424452889293
2026-04-10T16:49:31.351 2210.342858355737 -76755.532266320792 -54835.286254289618 0.66577331000024 2.14739178999718 1.28044719553141
2026-04-10T16:53:31.351 2370.097602377110 -76239.105409819938 -54527.226330285215 0.66551232605287 2.15618328022336 1.28673282593080
2026-04-10T16:57:31.351 2529.786870237552 -75720.555588862670 -54217.647704667645 0.66522753311378 2.16508355984498 1.29310337320490
2026-04-10T17:01:31.351 2689.404843927668 -75199.856403393875 -53906.529756485324 0.66491805961466 2.17409506333634 1.29956085602846
2026-04-10T17:05:31.351 2848.945491764841 -74676.980859736766 -53593.851372152480 0.66458299619337 2.18322030360739 1.30610736150165
2026-04-10T17:09:31.351 3008.402559087413 -74151.901351375025 -53279.590928667931 0.66422139371326 2.19246187530947 1.31274504816922
2026-04-10T17:13:31.351 3167.769558458896 -73624.589638920996 -52963.726276089779 0.66383226115935 2.20182245831363 1.31947614920404
2026-04-10T17:17:31.351 3327.039759351569 -73095.016829227359 -52646.234719225184 0.66341456340214 2.21130482137220 1.32630297576594
2026-04-10T17:21:31.351 3486.206177276577 -72563.153353596848 -52327.092998491913 0.66296721881965 2.22091182597518 1.33322792054720
2026-04-10T17:25:31.351 3645.261562325240 -72028.968945041910 -52006.277269905317 0.66248909676695 2.23064643041380 1.34025346151711
2026-04-10T17:29:31.351 3804.198387083636 -71492.432614542791 -51683.763084141377 0.66197901488196 2.24051169406463 1.34738216587900
2026-04-10T17:33:31.351 3963.008833879689 -70953.512626249692 -51359.525364623172 0.66143573621505 2.25051078190844 1.35461669425407
2026-04-10T17:37:31.351 4121.684781318892 -70412.176471570638 -51033.538384574473 0.66085796616903 2.26064696929924 1.36195980510749
2026-04-10T17:41:31.351 4280.217790061431 -69868.390842083099 -50705.775742980310 0.66024434923501 2.27092364700000 1.36941435943362
2026-04-10T17:45:31.351 4438.599087789823 -69322.121601203296 -50376.210339390207 0.65959346550800 2.28134432650302 1.37698332571845
2026-04-10T17:49:31.351 4596.819553312179 -68773.333754542517 -50044.814347495259 0.65890382696523 2.29191264565388 1.38466978519864
2026-04-10T17:53:31.351 4754.869699741881 -68221.991418875274 -49711.559187405277 0.65817387348797 2.30263237460004 1.39247693743869
2026-04-10T17:57:31.351 4912.739656689715 -67668.057789638537 -49376.415496547037 0.65740196860654 2.31350742208614 1.40040810624879
2026-04-10T18:01:31.351 5070.419151399316 -67111.495106876144 -49039.353099098829 0.65658639494573 2.32454184212039 1.40846674596861
2026-04-10T18:05:31.351 5227.897488751152 -66552.264619536101 -48700.340973870356 0.65572534934619 2.33573984103809 1.41665644814367
2026-04-10T18:09:31.351 5385.163530054067 -65990.326548022276 -48359.347220530253 0.65481693763470 2.34710578499052 1.42498094862388
2026-04-10T18:13:31.351 5542.205670536643 -65425.640044894579 -48016.339024076166 0.65385916901386 2.35864420788989 1.43344413511598
2026-04-10T18:17:31.351 5699.011815443217 -64858.163153604357 -47671.282617434321 0.65284995003887 2.37035981984348 1.44205005522456
2026-04-10T18:21:31.351 5855.569354631220 -64287.852765143376 -47324.143242066886 0.65178707814569 2.38225751611302 1.45080292501937
2026-04-10T18:25:31.351 6011.865135557615 -63714.664572475587 -46974.885106455920 0.65066823469167 2.39434238663834 1.45970713817024
2026-04-10T18:29:31.351 6167.885434532287 -63138.553022611333 -46623.471342322431 0.64949097746556 2.40661972616774 1.46876727569432
2026-04-10T18:33:31.351 6323.615926105505 -62559.471266172826 -46269.863958427704 0.64825273261962 2.41909504504146 1.47798811636475
2026-04-10T18:37:31.351 6479.041650444554 -61977.371104288322 -45914.023791791878 0.64695078597161 2.43177408067822 1.48737464783450
2026-04-10T18:41:31.351 6634.146978541537 -61392.202932639630 -45555.910456151185 0.64558227361904 2.44466280981998 1.49693207853390
2026-04-10T18:45:31.351 6788.915575079754 -60803.915682474028 -45195.482287460538 0.64414417180193 2.45776746159448 1.50666585040632
2026-04-10T18:49:31.351 6943.330358770000 -60212.456758376546 -44832.696286232014 0.64263328594375 2.47109453146092 1.51658165255249
2026-04-10T18:53:28.174 7095.337028107117 -59625.664621350581 -44472.357630520688 0.64106775780001 2.48446983622006 1.52655044634420
2026-04-10T18:57:31.438 7251.119309033045 -59019.504467700521 -44099.835653724549 0.63953203238746 2.49878665878680 1.53657832656876
2026-04-10T19:01:31.438 7404.398665486098 -58418.116267950405 -43729.801077307187 0.63778169007791 2.51282291216457 1.54707716337691
2026-04-10T19:05:31.438 7557.247518178659 -57813.329361954173 -43357.222008498968 0.63594381359245 2.52711052611085 1.55778359630682
2026-04-10T19:09:31.438 7709.644354094351 -57205.082461858983 -42982.047770840079 0.63401415453167 2.54165757196075 1.56870479399865
2026-04-10T19:13:31.438 7861.566609905461 -56593.312298371093 -42604.225925459701 0.63198820559402 2.55647249401164 1.57984827820879
2026-04-10T19:17:31.438 8012.990607534268 -55977.953528571423 -42223.702183640984 0.62986118111274 2.57156413207151 1.59122194648972
2026-04-10T19:21:31.438 8163.891484835886 -55358.938638119842 -41840.420313729730 0.62762799583556 2.58694174569575 1.60283409667292
2026-04-10T19:25:31.438 8314.243120958950 -54736.197837425076 -41454.322041933927 0.62528324176082 2.60261504026302 1.61469345332594
2026-04-10T19:29:31.438 8464.018055893092 -54109.658951319165 -41065.346946517762 0.62282116282104 2.61859419505716 1.62680919637445
2026-04-10T19:33:31.438 8613.187403658918 -53479.247301733354 -40673.432344845627 0.62023562717872 2.63488989353928 1.63919099210090
2026-04-10T19:37:31.438 8761.720758536330 -52844.885582825664 -40278.513172677915 0.61752009686979 2.65151335601408 1.65184902675606
2026-04-10T19:41:31.438 8909.586093659495 -52206.493727958827 -39880.521855060397 0.61466759449620 2.66847637491647 1.66479404304693
2026-04-10T19:45:31.438 9056.749651230592 -51563.988767870214 -39479.388168082260 0.61167066663008 2.68579135296934 1.67803737979569
2026-04-10T19:49:31.438 9203.175823518292 -50917.284679311764 -39075.039090702856 0.60852134354781 2.70347134449152 1.69159101509935
2026-04-10T19:53:31.438 9348.827023709191 -50266.292223367273 -38667.398645763482 0.60521109486059 2.72153010016602 1.70546761336019
2026-04-10T19:57:31.438 9493.663545569625 -49610.918772575897 -38256.387729206290 0.60173078054940 2.73998211561458 1.71968057660250
2026-04-10T20:01:31.438 9637.643410749068 -48951.068125902806 -37841.923926416668 0.59807059684380 2.75884268416450 1.73424410054322
2026-04-10T20:05:31.438 9780.722202412613 -48286.640310500072 -37423.921314486048 0.59422001630481 2.77812795423931 1.74917323594414
2026-04-10T20:09:31.438 9922.852883725722 -47617.531369091223 -37002.290249057631 0.59016772138071 2.79785499185624 1.76448395584102
2026-04-10T20:13:31.438 10063.985599526461 -46943.633131690010 -36576.937134265259 0.58590153059747 2.81804184877209 1.78019322932429
2026-04-10T20:17:31.438 10204.067459304681 -46264.832970226307 -36147.764174103300 0.58140831642099 2.83870763688580 1.79631910263579
2026-04-10T20:21:31.438 10343.042299359531 -45581.013534496960 -35714.669103369575 0.57667391368273 2.85987260958181 1.81288078845085
2026-04-10T20:25:31.438 10480.850421720686 -44892.052467685251 -35277.544896100728 0.57168301728948 2.88155825078480 1.82989876433545
2026-04-10T20:29:31.438 10617.428307088176 -44197.822099495897 -34836.279449165391 0.56641906773662 2.90378737259591 1.84739488150828
2026-04-10T20:33:31.438 10752.708298662750 -43498.189114730543 -34390.755238390404 0.56086412270787 2.92658422249334 1.86539248520033
2026-04-10T20:37:31.438 10886.618253293882 -42793.014194877440 -33940.848944262922 0.55499871276356 2.94997460121098 1.88391654809407
2026-04-10T20:41:31.438 11019.081155854235 -42082.151630004228 -33486.431043869627 0.54880167878704 2.97398599255790 1.90299381854598
2026-04-10T20:45:31.438 11150.014692144046 -41365.448897919523 -33027.365365295038 0.54224998846283 2.99864770661373 1.92265298555592
2026-04-10T20:49:31.438 11279.330774919392 -40642.746207201300 -32563.508600194124 0.53531852858703 3.02399103793364 1.94292486275163
2026-04-10T20:53:31.438 11406.935016804546 -39913.876000271172 -32094.709769667996 0.52797986944351 3.05004944062555 1.96384259401644
2026-04-10T20:57:31.438 11532.726142865364 -39178.662412215606 -31620.809637891183 0.52020399679788 3.07685872242748 1.98544188381304
2026-04-10T21:01:31.438 11656.595334457472 -38436.920680508410 -31141.640067147608 0.51195800623764 3.10445726021989 2.00776125576022
2026-04-10T21:05:31.438 11778.425494581992 -37688.456500162865 -30657.023307008851 0.50320575358958 3.13288623976411 2.03084234361878
2026-04-10T21:09:31.438 11898.090423336122 -36933.065318123656 -30166.771209307539 0.49390745393115 3.16218992287096 2.05473021955824
2026-04-10T21:13:31.438 12015.453890077890 -36170.531559883442 -29670.684359289742 0.48401922022919 3.19241594568479 2.07947376543308
2026-04-10T21:17:31.438 12130.368586561424 -35400.627780359209 -29168.551111835670 0.47349253081821 3.22361565232629 2.10512609382670
2026-04-10T21:21:31.438 12242.674942450072 -34623.113729969074 -28660.146519871578 0.46227361268530 3.25584446878791 2.13174502686419
2026-04-10T21:25:31.438 12352.199781165051 -33837.735325587222 -28145.231140000800 0.45030272474702 3.28916232273126 2.15939364229907
2026-04-10T21:29:31.438 12458.754789831517 -33044.223514596073 -27623.549697888291 0.43751332183993 3.32363411571448 2.18814089820866
2026-04-10T21:33:31.438 12562.134771956535 -32242.293018568809 -27094.829592953884 0.42383107581105 3.35933025539613 2.21806234986488
2026-04-10T21:37:31.438 12662.115645176833 -31431.640941166166 -26558.779218356216 0.40917272463858 3.39632725644017 2.24924097508428
2026-04-10T21:41:31.438 12758.452138641609 -30611.945222578641 -26015.086067946319 0.39344471360668 3.43470842020256 2.28176812772940
2026-04-10T21:45:31.438 12850.875134949045 -29782.862920243915 -25463.414596666596 0.37654158376346 3.47456460482895 2.31574464319837
2026-04-10T21:49:31.438 12939.088589514293 -28944.028292572224 -24903.403794552029 0.35834405162106 3.51599509914425 2.35128212491240
2026-04-10T21:53:31.438 13022.765945127026 -28095.050658971024 -24334.664426782514 0.33871670951701 3.55910861566192 2.38850444726341
2026-04-10T21:57:31.438 13101.545940350821 -27235.512005531065 -23756.775882790676 0.31750525716886 3.60402442015135 2.42754951857246
2026-04-10T22:01:31.438 13175.027686112726 -26364.964301288059 -23169.282565802532 0.29453315023518 3.65087361739457 2.46857135779379
2026-04-10T22:05:31.438 13242.764853697328 -25482.926485005013 -22571.689739807167 0.26959751909669 3.69980061487666 2.51174255158209
2026-04-10T22:09:31.438 13304.258777179451 -24588.881076982369 -21963.458733078103 0.24246416772338 3.75096478788240 2.55725717471001
2026-04-10T22:13:31.438 13358.950221066605 -23682.270364647080 -21344.001375048076 0.21286140435453 3.80454237027512 2.60533427771110
2026-04-10T22:17:31.438 13406.209495376757 -22762.492104923134 -20712.673515331422 0.18047237702799 3.86072859416793 2.65622207237994
2026-04-10T22:21:31.438 13445.324509682026 -21828.894681269907 -20068.767438383707 0.14492547945634 3.91974009714289 2.71020298014567
2026-04-10T22:25:31.438 13475.486236523502 -20880.771649931863 -19411.502942594710 0.10578224428224 3.98181760485939 2.76759975261857
2026-04-10T22:29:31.438 13495.770891228274 -19917.355610393362 -18740.016795819662 0.06252193355807 4.04722887508100 2.82878293067721
2026-04-10T22:33:31.438 13505.117912474770 -18937.811342802597 -18053.350206983148 0.01452174385780 4.11627184821553 2.89417998186795
2026-04-10T22:37:31.438 13502.302521023619 -17941.228176339162 -17350.433861034100 -0.03896887431753 4.18927787536704 2.96428654974837
2026-04-10T22:41:31.438 13485.901205958507 -16926.611597773648 -16630.069946769217 -0.09886188750743 4.26661476315814 3.03968036730112
2026-04-10T22:45:31.438 13454.247883230226 -15892.874197331199 -15890.910457577760 -0.16627533118345 4.34868914198461 3.12103853244728
2026-04-10T22:49:31.438 13405.377606153013 -14838.826212006325 -15131.430857531186 -0.24259324973975 4.43594725354632 3.20915901466919
2026-04-10T22:53:31.438 13336.953452127898 -13763.166222652972 -14349.897974950054 -0.32954721649564 4.52887252366377 3.30498744163900
2026-04-10T22:57:31.438 13246.170361718458 -12664.473095126594 -13544.330715508824 -0.42932876066120 4.62797697654240 3.40965035332817
2026-04-10T23:01:31.438 13129.626944721122 -11541.201219588846 -12712.451900319676 -0.54474673470789 4.73378116301049 3.52449607769530
2026-04-10T23:05:31.438 12983.152080106331 -10391.682855406125 -11851.629305233673 -0.67945104774323 4.84677286275142 3.65114385847119
2026-04-10T23:09:31.438 12801.566696071608 -9214.144619717861 -10958.804001370230 -0.83825591610763 4.96732648771340 3.79154009520754
2026-04-10T23:13:31.438 12578.351092453535 -8006.751212462329 -10030.404857313442 -1.02761445183745 5.09554902250346 3.94801574644151
2026-04-10T23:17:31.438 12305.172457933673 -6767.701051315658 -9062.250729395040 -1.25632586066688 5.23098651181491 4.12332681821348
2026-04-10T23:21:31.438 11971.202708467046 -5495.421148224512 -8049.449256675829 -1.53660119876947 5.37206062982504 4.32063003858537
2026-04-10T23:25:31.438 11562.119561026064 -4188.953934755948 -6986.320146042495 -1.88567366125219 5.51497147462692 4.54327275750774
2026-04-10T23:29:31.438 11058.632356881331 -2848.721474493122 -5866.418238319729 -2.32818811880677 5.65152366165553 4.79409629235361
2026-04-10T23:33:28.253 10443.546616349917 -1496.405145280728 -4699.004301674723 -2.89087629439783 5.76352925905468 5.06963035404832
2026-04-10T23:34:31.306 10255.765150700110 -1132.258520775771 -4376.905377482333 -3.06753354048316 5.78608050761767 5.14725024532123
2026-04-10T23:35:34.283 10056.680185870913 -767.283034268693 -4050.272457612763 -3.25720577825068 5.80376806553738 5.22599171261291
2026-04-10T23:36:37.261 9845.204042681202 -401.368876845568 -3718.648184901548 -3.46124251032038 5.81569190040612 5.30569175483607
2026-04-10T23:39:01.353 9309.713824259623 437.268583617031 -2940.844700224894 -3.98707557313852 5.81573634888801 5.48946722680071
2026-04-10T23:40:45.980 8869.878898363626 1044.156348405867 -2359.697810448619 -4.42946724010302 5.77924394196561 5.61833063356143
2026-04-10T23:42:30.608 8380.880592797899 1645.152084818091 -1765.525225929201 -4.92758035607586 5.70102503405600 5.73724239904190
2026-04-10T23:44:15.235 7836.702366856992 2235.182793968333 -1159.802336494764 -5.48451992170016 5.56704768711222 5.83737921030060
2026-04-10T23:45:59.863 7231.188384811564 2807.550612878069 -545.103620830735 -6.09942049436143 5.36035476121332 5.90645621976157
2026-04-10T23:47:44.490 6558.607913358428 3353.669733276988 74.513201297743 -6.76445321412055 5.06210995332164 5.92841465867314
2026-04-10T23:49:29.118 5814.569029957473 3862.997275640168 693.137405148576 -7.46126433440058 4.65438984436484 5.88414494428565
2026-04-10T23:51:13.745 4997.282662067310 4323.375613117441 1302.803483721102 -8.15816591707097 4.12529622129319 5.75411754444580
2026-04-10T23:52:58.373 4108.974568754360 4722.015380157358 1893.691019911366 -8.81061539828342 3.47583872621307 5.52342702848751
2026-04-10T23:54:08.571 3476.641348147858 4948.891960077232 2274.167209420769 -9.18994466450893 2.97915509340046 5.30484289762418
